{
  "00981A": {
    "name": "統一台股增長",
    "close": 29.69,
    "open": 28.9,
    "high": 29.73,
    "low": 28.89,
    "volume": 356650253.0,
    "chg_amt": 0.7800000000000011,
    "chg_pct": 2.7,
    "nav": 29.81,
    "premium_pct": -0.4,
    "aum_billion": 2660.16,
    "is_benchmark": false
  },
  "00982A": {
    "name": "群益台灣強棒",
    "close": 23.04,
    "open": 22.45,
    "high": 23.07,
    "low": 22.42,
    "volume": 63203077.0,
    "chg_amt": 0.6400000000000006,
    "chg_pct": 2.86,
    "nav": 23.01,
    "premium_pct": 0.13,
    "aum_billion": 465.9,
    "is_benchmark": false
  },
  "00991A": {
    "name": "復華未來50",
    "close": 18.21,
    "open": 17.7,
    "high": 18.24,
    "low": 17.69,
    "volume": 81720891.0,
    "chg_amt": 0.7200000000000024,
    "chg_pct": 4.12,
    "nav": 18.07,
    "premium_pct": 0.77,
    "aum_billion": 417.47,
    "is_benchmark": false
  },
  "00992A": {
    "name": "群益科技創新",
    "close": 18.5,
    "open": 17.84,
    "high": 18.5,
    "low": 17.82,
    "volume": 105503711.0,
    "chg_amt": 0.8399999999999999,
    "chg_pct": 4.76,
    "nav": 18.44,
    "premium_pct": 0.33,
    "aum_billion": 506.27,
    "is_benchmark": false
  },
  "00993A": {
    "name": "安聯台灣",
    "close": 13.31,
    "open": 13.0,
    "high": 13.35,
    "low": 12.99,
    "volume": 22526586.0,
    "chg_amt": 0.41000000000000014,
    "chg_pct": 3.18,
    "nav": 13.36,
    "premium_pct": -0.37,
    "aum_billion": 119.67,
    "is_benchmark": false
  },
  "00980A": {
    "name": "野村臺灣優選",
    "close": 23.94,
    "open": 23.29,
    "high": 23.94,
    "low": 23.29,
    "volume": 16686613.0,
    "chg_amt": 0.740000000000002,
    "chg_pct": 3.19,
    "nav": 23.96,
    "premium_pct": -0.08,
    "aum_billion": 165.88,
    "is_benchmark": false
  },
  "00985A": {
    "name": "野村台灣50",
    "close": 21.66,
    "open": 21.42,
    "high": 21.72,
    "low": 21.42,
    "volume": 6175131.0,
    "chg_amt": 0.33000000000000185,
    "chg_pct": 1.55,
    "nav": 21.63,
    "premium_pct": 0.14,
    "aum_billion": 111.08,
    "is_benchmark": false
  },
  "00995A": {
    "name": "中信台灣卓越",
    "close": 17.22,
    "open": 16.67,
    "high": 17.25,
    "low": 16.67,
    "volume": 10175912.0,
    "chg_amt": 0.5700000000000003,
    "chg_pct": 3.42,
    "nav": 17.23,
    "premium_pct": -0.06,
    "aum_billion": 54.21,
    "is_benchmark": false
  },
  "00984A": {
    "name": "安聯台灣高息",
    "close": 14.94,
    "open": 14.74,
    "high": 14.98,
    "low": 14.74,
    "volume": 6779641.0,
    "chg_amt": 0.22999999999999865,
    "chg_pct": 1.56,
    "nav": 14.94,
    "premium_pct": 0,
    "aum_billion": 67.01,
    "is_benchmark": false
  },
  "00987A": {
    "name": "台新優勢成長",
    "close": 17.47,
    "open": 17.05,
    "high": 17.51,
    "low": 17.05,
    "volume": 8003379.0,
    "chg_amt": 0.48999999999999844,
    "chg_pct": 2.89,
    "nav": 17.55,
    "premium_pct": -0.46,
    "aum_billion": 34.27,
    "is_benchmark": false
  },
  "00994A": {
    "name": "第一金台股優",
    "close": 17.86,
    "open": 17.4,
    "high": 17.88,
    "low": 17.4,
    "volume": 15441985.0,
    "chg_amt": 0.5599999999999987,
    "chg_pct": 3.24,
    "nav": 17.85,
    "premium_pct": 0.06,
    "aum_billion": 56.01,
    "is_benchmark": false
  },
  "00996A": {
    "name": "兆豐台灣豐收",
    "close": 14.17,
    "open": 13.69,
    "high": 14.18,
    "low": 13.69,
    "volume": 13633577.0,
    "chg_amt": 0.4800000000000004,
    "chg_pct": 3.51,
    "nav": 14.16,
    "premium_pct": 0.07,
    "aum_billion": 46.15,
    "is_benchmark": false
  },
  "00400A": {
    "name": "國泰動能高息",
    "close": 14.14,
    "open": 13.74,
    "high": 14.17,
    "low": 13.74,
    "volume": 68267203.0,
    "chg_amt": 0.4400000000000013,
    "chg_pct": 3.21,
    "nav": 14.09,
    "premium_pct": 0.35,
    "aum_billion": 210.81,
    "is_benchmark": false
  },
  "00401A": {
    "name": "摩根台灣鑫收",
    "close": 12.81,
    "open": 12.55,
    "high": 12.82,
    "low": 12.55,
    "volume": 16638067.0,
    "chg_amt": 0.2599999999999998,
    "chg_pct": 2.07,
    "nav": 12.83,
    "premium_pct": -0.16,
    "aum_billion": 36.33,
    "is_benchmark": false
  },
  "00999A": {
    "name": "主動野村臺灣高息",
    "close": 10.65,
    "open": 10.49,
    "high": 10.68,
    "low": 10.48,
    "volume": 127315859.0,
    "chg_amt": 0.23000000000000043,
    "chg_pct": 2.21,
    "nav": 10.61,
    "premium_pct": 0.38,
    "aum_billion": 155.68,
    "is_benchmark": false
  },
  "00988A": {
    "name": "主動統一全球創新",
    "close": 19.02,
    "open": 18.96,
    "high": 19.02,
    "low": 18.76,
    "volume": 71229683.0,
    "chg_amt": 0.6099999999999994,
    "chg_pct": 3.31,
    "nav": 18.79,
    "premium_pct": 1.22,
    "aum_billion": 300.89,
    "is_benchmark": false
  },
  "0050": {
    "name": "元大台灣50",
    "close": 96.9,
    "open": 96.65,
    "high": 97.15,
    "low": 96.5,
    "volume": 96606391.0,
    "chg_amt": -0.09999999999999432,
    "chg_pct": -0.1,
    "nav": 96.47,
    "premium_pct": 0.45,
    "aum_billion": 17948.93,
    "is_benchmark": true
  },
  "009816": {
    "name": "凱基台灣TOP50",
    "close": 14.15,
    "open": 14.06,
    "high": 14.19,
    "low": 14.0,
    "volume": 173895248.0,
    "chg_amt": 0.09999999999999964,
    "chg_pct": 0.71,
    "nav": 14.07,
    "premium_pct": 0.57,
    "aum_billion": 1189.67,
    "is_benchmark": true
  },
  "00830": {
    "name": "國泰費城半導體",
    "close": 82.3,
    "open": 82.05,
    "high": 82.8,
    "low": 82.0,
    "volume": 15122740.0,
    "chg_amt": 3.700000000000003,
    "chg_pct": 4.71,
    "nav": 82.02,
    "premium_pct": 0.34,
    "aum_billion": 504.01,
    "is_benchmark": true
  },
  "00878": {
    "name": "國泰永續高股息",
    "close": 28.28,
    "open": 27.85,
    "high": 28.29,
    "low": 27.72,
    "volume": 97392489.0,
    "chg_amt": 0.46000000000000085,
    "chg_pct": 1.65,
    "nav": 28.33,
    "premium_pct": -0.18,
    "aum_billion": 5320.51,
    "is_benchmark": true
  },
  "00919": {
    "name": "群益台灣精選高息",
    "close": 25.75,
    "open": 25.56,
    "high": 25.77,
    "low": 25.51,
    "volume": 132363013.0,
    "chg_amt": 0.28000000000000114,
    "chg_pct": 1.1,
    "nav": 25.85,
    "premium_pct": -0.39,
    "aum_billion": 4681.6,
    "is_benchmark": true
  }
}