{
  "00981A": {
    "name": "統一台股增長",
    "close": 32.0,
    "open": 32.07,
    "high": 32.23,
    "low": 31.55,
    "volume": 310261100.0,
    "chg_amt": 0.7199999999999989,
    "chg_pct": 2.3,
    "nav": 31.27,
    "premium_pct": 2.33,
    "aum_billion": 2902.89,
    "is_benchmark": false
  },
  "00982A": {
    "name": "群益台灣強棒",
    "close": 24.98,
    "open": 25.11,
    "high": 25.24,
    "low": 24.87,
    "volume": 34497987.0,
    "chg_amt": 0.370000000000001,
    "chg_pct": 1.5,
    "nav": 24.56,
    "premium_pct": 1.71,
    "aum_billion": 532.38,
    "is_benchmark": false
  },
  "00991A": {
    "name": "復華未來50",
    "close": 20.87,
    "open": 21.11,
    "high": 21.18,
    "low": 20.68,
    "volume": 111511221.0,
    "chg_amt": 0.21000000000000085,
    "chg_pct": 1.02,
    "nav": 20.52,
    "premium_pct": 1.71,
    "aum_billion": 704.28,
    "is_benchmark": false
  },
  "00992A": {
    "name": "群益科技創新",
    "close": 18.97,
    "open": 19.0,
    "high": 19.07,
    "low": 18.72,
    "volume": 55563899.0,
    "chg_amt": 0.4299999999999997,
    "chg_pct": 2.32,
    "nav": 18.56,
    "premium_pct": 2.21,
    "aum_billion": 437.66,
    "is_benchmark": false
  },
  "00993A": {
    "name": "安聯台灣",
    "close": 14.3,
    "open": 14.38,
    "high": 14.45,
    "low": 14.17,
    "volume": 10544319.0,
    "chg_amt": 0.25,
    "chg_pct": 1.78,
    "nav": 14.08,
    "premium_pct": 1.56,
    "aum_billion": 111.9,
    "is_benchmark": false
  },
  "00980A": {
    "name": "野村臺灣優選",
    "close": 24.91,
    "open": 25.02,
    "high": 25.08,
    "low": 24.71,
    "volume": 14399057.0,
    "chg_amt": 0.3099999999999987,
    "chg_pct": 1.26,
    "nav": 24.54,
    "premium_pct": 1.51,
    "aum_billion": 174.01,
    "is_benchmark": false
  },
  "00985A": {
    "name": "野村台灣50",
    "close": 22.4,
    "open": 22.51,
    "high": 22.54,
    "low": 22.24,
    "volume": 5925107.0,
    "chg_amt": 0.3299999999999983,
    "chg_pct": 1.5,
    "nav": 22.49,
    "premium_pct": -0.4,
    "aum_billion": 105.25,
    "is_benchmark": false
  },
  "00995A": {
    "name": "中信台灣卓越",
    "close": 18.47,
    "open": 18.48,
    "high": 18.65,
    "low": 18.26,
    "volume": 8977103.0,
    "chg_amt": 0.3999999999999986,
    "chg_pct": 2.21,
    "nav": 18.09,
    "premium_pct": 2.1,
    "aum_billion": 55.17,
    "is_benchmark": false
  },
  "00984A": {
    "name": "安聯台灣高息",
    "close": 16.73,
    "open": 16.9,
    "high": 16.93,
    "low": 16.7,
    "volume": 5094046.0,
    "chg_amt": 0.14000000000000057,
    "chg_pct": 0.84,
    "nav": 16.57,
    "premium_pct": 0.97,
    "aum_billion": 81.29,
    "is_benchmark": false
  },
  "00987A": {
    "name": "台新優勢成長",
    "close": 17.31,
    "open": 17.47,
    "high": 17.52,
    "low": 17.19,
    "volume": 4254419.0,
    "chg_amt": 0.25,
    "chg_pct": 1.47,
    "nav": 17.42,
    "premium_pct": -0.63,
    "aum_billion": 29.7,
    "is_benchmark": false
  },
  "00994A": {
    "name": "第一金台股優",
    "close": 18.17,
    "open": 18.34,
    "high": 18.43,
    "low": 18.03,
    "volume": 9110125.0,
    "chg_amt": 0.1700000000000017,
    "chg_pct": 0.94,
    "nav": 17.98,
    "premium_pct": 1.06,
    "aum_billion": 54.97,
    "is_benchmark": false
  },
  "00996A": {
    "name": "兆豐台灣豐收",
    "close": 16.12,
    "open": 16.48,
    "high": 16.58,
    "low": 16.09,
    "volume": 13377451.0,
    "chg_amt": -0.05000000000000071,
    "chg_pct": -0.31,
    "nav": 16.09,
    "premium_pct": 0.19,
    "aum_billion": 51.62,
    "is_benchmark": false
  },
  "00400A": {
    "name": "國泰動能高息",
    "close": 15.08,
    "open": 15.08,
    "high": 15.15,
    "low": 14.91,
    "volume": 69490689.0,
    "chg_amt": 0.27999999999999936,
    "chg_pct": 1.89,
    "nav": 14.76,
    "premium_pct": 2.17,
    "aum_billion": 254.71,
    "is_benchmark": false
  },
  "00401A": {
    "name": "摩根台灣鑫收",
    "close": 13.69,
    "open": 13.71,
    "high": 13.84,
    "low": 13.65,
    "volume": 6144037.0,
    "chg_amt": 0.08999999999999986,
    "chg_pct": 0.66,
    "nav": 13.77,
    "premium_pct": -0.58,
    "aum_billion": 32.9,
    "is_benchmark": false
  },
  "00999A": {
    "name": "主動野村臺灣高息",
    "close": 11.01,
    "open": 10.98,
    "high": 11.06,
    "low": 10.9,
    "volume": 28823936.0,
    "chg_amt": 0.16000000000000014,
    "chg_pct": 1.47,
    "nav": 10.88,
    "premium_pct": 1.19,
    "aum_billion": 140.2,
    "is_benchmark": false
  },
  "00988A": {
    "name": "主動統一全球創新",
    "close": 22.78,
    "open": 22.9,
    "high": 23.03,
    "low": 22.5,
    "volume": 83078372.0,
    "chg_amt": 0.5,
    "chg_pct": 2.24,
    "nav": 22.54,
    "premium_pct": 1.06,
    "aum_billion": 616.59,
    "is_benchmark": false
  },
  "00403A": {
    "name": "主動統一升級50",
    "close": 11.15,
    "open": 11.24,
    "high": 11.29,
    "low": 11.06,
    "volume": 383092591.0,
    "chg_amt": 0.13000000000000078,
    "chg_pct": 1.18,
    "nav": 11.01,
    "premium_pct": 1.27,
    "aum_billion": 1724.41,
    "is_benchmark": false
  },
  "00405A": {
    "name": "主動富邦台灣龍耀",
    "close": 9.39,
    "open": 9.44,
    "high": 9.51,
    "low": 9.34,
    "volume": 107932890.0,
    "chg_amt": 0.10000000000000142,
    "chg_pct": 1.08,
    "nav": 9.31,
    "premium_pct": 0.86,
    "aum_billion": 249.69,
    "is_benchmark": false
  },
  "0050": {
    "name": "元大台灣50",
    "close": 109.35,
    "open": 109.8,
    "high": 109.95,
    "low": 108.6,
    "volume": 76131395.0,
    "chg_amt": 1.5499999999999972,
    "chg_pct": 1.44,
    "nav": 106.74,
    "premium_pct": 2.45,
    "aum_billion": 22101.14,
    "is_benchmark": true
  },
  "00631L": {
    "name": "元大台灣50正2",
    "close": 39.48,
    "open": 39.95,
    "high": 40.09,
    "low": 38.91,
    "volume": 285176366.0,
    "chg_amt": 1.0599999999999952,
    "chg_pct": 2.76,
    "nav": 38.36,
    "premium_pct": 2.92,
    "aum_billion": 2478.73,
    "is_benchmark": true
  },
  "009816": {
    "name": "凱基台灣TOP50",
    "close": 15.83,
    "open": 15.95,
    "high": 15.96,
    "low": 15.75,
    "volume": 136893533.0,
    "chg_amt": 0.17999999999999972,
    "chg_pct": 1.15,
    "nav": 15.51,
    "premium_pct": 2.06,
    "aum_billion": 1613.15,
    "is_benchmark": true
  },
  "00830": {
    "name": "國泰費城半導體",
    "close": 99.85,
    "open": 100.15,
    "high": 100.5,
    "low": 99.3,
    "volume": 10978552.0,
    "chg_amt": 2.049999999999997,
    "chg_pct": 2.1,
    "nav": 100.64,
    "premium_pct": -0.78,
    "aum_billion": 705.07,
    "is_benchmark": true
  },
  "00878": {
    "name": "國泰永續高股息",
    "close": 33.32,
    "open": 33.79,
    "high": 33.83,
    "low": 33.23,
    "volume": 27671512.0,
    "chg_amt": -0.17999999999999972,
    "chg_pct": -0.54,
    "nav": 33.5,
    "premium_pct": -0.54,
    "aum_billion": 6147.23,
    "is_benchmark": true
  },
  "00919": {
    "name": "群益台灣精選高息",
    "close": 29.37,
    "open": 29.84,
    "high": 30.01,
    "low": 29.29,
    "volume": 86937341.0,
    "chg_amt": -0.129999999999999,
    "chg_pct": -0.44,
    "nav": 29.66,
    "premium_pct": -0.98,
    "aum_billion": 5357.32,
    "is_benchmark": true
  }
}