{
  "00981A": {
    "name": "統一台股增長",
    "close": 31.47,
    "open": 31.65,
    "high": 31.81,
    "low": 31.32,
    "volume": 288026078.0,
    "chg_amt": 0.8699999999999974,
    "chg_pct": 2.84,
    "nav": 31.3,
    "premium_pct": 0.54,
    "aum_billion": 2834.32,
    "is_benchmark": false
  },
  "00982A": {
    "name": "群益台灣強棒",
    "close": 24.12,
    "open": 24.19,
    "high": 24.22,
    "low": 24.03,
    "volume": 35411587.0,
    "chg_amt": 0.7699999999999996,
    "chg_pct": 3.3,
    "nav": 24.18,
    "premium_pct": -0.25,
    "aum_billion": 514.84,
    "is_benchmark": false
  },
  "00991A": {
    "name": "復華未來50",
    "close": 19.69,
    "open": 19.78,
    "high": 19.8,
    "low": 19.55,
    "volume": 93616913.0,
    "chg_amt": 0.6400000000000006,
    "chg_pct": 3.36,
    "nav": 19.66,
    "premium_pct": 0.15,
    "aum_billion": 591.88,
    "is_benchmark": false
  },
  "00992A": {
    "name": "群益科技創新",
    "close": 18.24,
    "open": 18.4,
    "high": 18.4,
    "low": 18.18,
    "volume": 60131654.0,
    "chg_amt": 0.4399999999999977,
    "chg_pct": 2.47,
    "nav": 18.37,
    "premium_pct": -0.71,
    "aum_billion": 456.48,
    "is_benchmark": false
  },
  "00993A": {
    "name": "安聯台灣",
    "close": 13.79,
    "open": 13.8,
    "high": 13.86,
    "low": 13.72,
    "volume": 17014864.0,
    "chg_amt": 0.46999999999999886,
    "chg_pct": 3.53,
    "nav": 13.84,
    "premium_pct": -0.36,
    "aum_billion": 110.72,
    "is_benchmark": false
  },
  "00980A": {
    "name": "野村臺灣優選",
    "close": 24.47,
    "open": 24.63,
    "high": 24.74,
    "low": 24.41,
    "volume": 9461959.0,
    "chg_amt": 0.5799999999999983,
    "chg_pct": 2.43,
    "nav": 24.54,
    "premium_pct": -0.29,
    "aum_billion": 175.33,
    "is_benchmark": false
  },
  "00985A": {
    "name": "野村台灣50",
    "close": 21.98,
    "open": 22.01,
    "high": 22.15,
    "low": 21.91,
    "volume": 4830915.0,
    "chg_amt": 0.5300000000000011,
    "chg_pct": 2.47,
    "nav": 22.0,
    "premium_pct": -0.09,
    "aum_billion": 106.51,
    "is_benchmark": false
  },
  "00995A": {
    "name": "中信台灣卓越",
    "close": 17.87,
    "open": 17.97,
    "high": 18.19,
    "low": 17.85,
    "volume": 5171318.0,
    "chg_amt": 0.5100000000000016,
    "chg_pct": 2.94,
    "nav": 17.92,
    "premium_pct": -0.28,
    "aum_billion": 55.87,
    "is_benchmark": false
  },
  "00984A": {
    "name": "安聯台灣高息",
    "close": 16.24,
    "open": 16.31,
    "high": 16.38,
    "low": 16.2,
    "volume": 5183388.0,
    "chg_amt": 0.3399999999999981,
    "chg_pct": 2.14,
    "nav": 16.27,
    "premium_pct": -0.18,
    "aum_billion": 74.43,
    "is_benchmark": false
  },
  "00987A": {
    "name": "台新優勢成長",
    "close": 17.03,
    "open": 17.19,
    "high": 17.24,
    "low": 16.97,
    "volume": 3960659.0,
    "chg_amt": 0.4299999999999997,
    "chg_pct": 2.59,
    "nav": 17.11,
    "premium_pct": -0.47,
    "aum_billion": 31.62,
    "is_benchmark": false
  },
  "00994A": {
    "name": "第一金台股優",
    "close": 18.06,
    "open": 18.16,
    "high": 18.2,
    "low": 17.99,
    "volume": 7137548.0,
    "chg_amt": 0.5700000000000003,
    "chg_pct": 3.26,
    "nav": 18.06,
    "premium_pct": 0,
    "aum_billion": 54.63,
    "is_benchmark": false
  },
  "00996A": {
    "name": "兆豐台灣豐收",
    "close": 15.38,
    "open": 15.3,
    "high": 15.45,
    "low": 15.23,
    "volume": 11574201.0,
    "chg_amt": 0.5700000000000003,
    "chg_pct": 3.85,
    "nav": 15.41,
    "premium_pct": -0.19,
    "aum_billion": 48.31,
    "is_benchmark": false
  },
  "00400A": {
    "name": "國泰動能高息",
    "close": 14.63,
    "open": 14.75,
    "high": 14.8,
    "low": 14.58,
    "volume": 38089736.0,
    "chg_amt": 0.39000000000000057,
    "chg_pct": 2.74,
    "nav": 14.67,
    "premium_pct": -0.27,
    "aum_billion": 215.57,
    "is_benchmark": false
  },
  "00401A": {
    "name": "摩根台灣鑫收",
    "close": 13.7,
    "open": 13.82,
    "high": 13.93,
    "low": 13.69,
    "volume": 14001494.0,
    "chg_amt": 0.16000000000000014,
    "chg_pct": 1.18,
    "nav": 13.71,
    "premium_pct": -0.07,
    "aum_billion": 34.73,
    "is_benchmark": false
  },
  "00999A": {
    "name": "主動野村臺灣高息",
    "close": 11.12,
    "open": 11.3,
    "high": 11.32,
    "low": 11.12,
    "volume": 30262295.0,
    "chg_amt": 0.03999999999999915,
    "chg_pct": 0.36,
    "nav": 11.19,
    "premium_pct": -0.63,
    "aum_billion": 157.71,
    "is_benchmark": false
  },
  "00988A": {
    "name": "主動統一全球創新",
    "close": 22.36,
    "open": 21.82,
    "high": 22.41,
    "low": 21.78,
    "volume": 127763880.0,
    "chg_amt": 1.4800000000000004,
    "chg_pct": 7.09,
    "nav": 20.9,
    "premium_pct": 6.99,
    "aum_billion": 527.57,
    "is_benchmark": false
  },
  "00403A": {
    "name": "主動統一升級50",
    "close": 10.61,
    "open": 10.54,
    "high": 10.65,
    "low": 10.52,
    "volume": 823217335.0,
    "chg_amt": 0.35999999999999943,
    "chg_pct": 3.51,
    "nav": 10.68,
    "premium_pct": -0.66,
    "aum_billion": 1806.19,
    "is_benchmark": false
  },
  "00405A": {
    "name": "主動富邦台灣龍耀",
    "close": 9.34,
    "open": 9.43,
    "high": 9.44,
    "low": 9.33,
    "volume": 128658192.0,
    "chg_amt": 0.1899999999999995,
    "chg_pct": 2.08,
    "nav": 9.34,
    "premium_pct": 0,
    "aum_billion": 225.57,
    "is_benchmark": false
  },
  "0050": {
    "name": "元大台灣50",
    "close": 105.25,
    "open": 105.1,
    "high": 105.5,
    "low": 104.3,
    "volume": 100402843.0,
    "chg_amt": 3.299999999999997,
    "chg_pct": 3.24,
    "nav": 105.22,
    "premium_pct": 0.03,
    "aum_billion": 20743.16,
    "is_benchmark": true
  },
  "00631L": {
    "name": "元大台灣50正2",
    "close": 37.07,
    "open": 36.77,
    "high": 37.12,
    "low": 36.55,
    "volume": 275707742.0,
    "chg_amt": 2.240000000000002,
    "chg_pct": 6.43,
    "nav": 37.08,
    "premium_pct": -0.03,
    "aum_billion": 2027.76,
    "is_benchmark": true
  },
  "009816": {
    "name": "凱基台灣TOP50",
    "close": 15.38,
    "open": 15.36,
    "high": 15.41,
    "low": 15.26,
    "volume": 130696044.0,
    "chg_amt": 0.4800000000000004,
    "chg_pct": 3.22,
    "nav": 15.37,
    "premium_pct": 0.07,
    "aum_billion": 1444.11,
    "is_benchmark": true
  },
  "00830": {
    "name": "國泰費城半導體",
    "close": 98.45,
    "open": 96.8,
    "high": 98.5,
    "low": 96.55,
    "volume": 25830953.0,
    "chg_amt": 5.6000000000000085,
    "chg_pct": 6.03,
    "nav": 93.79,
    "premium_pct": 4.97,
    "aum_billion": 642.55,
    "is_benchmark": true
  },
  "00878": {
    "name": "國泰永續高股息",
    "close": 32.61,
    "open": 32.76,
    "high": 33.01,
    "low": 32.56,
    "volume": 51793757.0,
    "chg_amt": 0.5600000000000023,
    "chg_pct": 1.75,
    "nav": 32.83,
    "premium_pct": -0.67,
    "aum_billion": 5948.98,
    "is_benchmark": true
  },
  "00919": {
    "name": "群益台灣精選高息",
    "close": 30.69,
    "open": 30.81,
    "high": 30.9,
    "low": 30.56,
    "volume": 270373735.0,
    "chg_amt": 0.5,
    "chg_pct": 1.66,
    "nav": 30.61,
    "premium_pct": 0.26,
    "aum_billion": 5380.21,
    "is_benchmark": true
  }
}