{
  "00981A": {
    "name": "統一台股增長",
    "close": 31.28,
    "open": 30.55,
    "high": 31.3,
    "low": 30.51,
    "volume": 231548350.0,
    "chg_amt": 1.3399999999999999,
    "chg_pct": 4.48,
    "nav": 31.27,
    "premium_pct": 0.03,
    "aum_billion": 2785.26,
    "is_benchmark": false
  },
  "00982A": {
    "name": "群益台灣強棒",
    "close": 24.61,
    "open": 24.17,
    "high": 24.66,
    "low": 24.13,
    "volume": 28070300.0,
    "chg_amt": 0.9600000000000009,
    "chg_pct": 4.06,
    "nav": 23.66,
    "premium_pct": 4.02,
    "aum_billion": 512.79,
    "is_benchmark": false
  },
  "00991A": {
    "name": "復華未來50",
    "close": 20.66,
    "open": 20.09,
    "high": 20.76,
    "low": 20.07,
    "volume": 132108319.0,
    "chg_amt": 1.0100000000000016,
    "chg_pct": 5.14,
    "nav": 19.63,
    "premium_pct": 5.25,
    "aum_billion": 668.38,
    "is_benchmark": false
  },
  "00992A": {
    "name": "群益科技創新",
    "close": 18.54,
    "open": 18.12,
    "high": 18.56,
    "low": 18.07,
    "volume": 37140474.0,
    "chg_amt": 0.7399999999999984,
    "chg_pct": 4.16,
    "nav": 17.81,
    "premium_pct": 4.1,
    "aum_billion": 422.83,
    "is_benchmark": false
  },
  "00993A": {
    "name": "安聯台灣",
    "close": 14.05,
    "open": 13.8,
    "high": 14.13,
    "low": 13.8,
    "volume": 11979536.0,
    "chg_amt": 0.5400000000000009,
    "chg_pct": 4.0,
    "nav": 13.51,
    "premium_pct": 4.0,
    "aum_billion": 107.49,
    "is_benchmark": false
  },
  "00980A": {
    "name": "野村臺灣優選",
    "close": 24.6,
    "open": 24.1,
    "high": 24.63,
    "low": 24.1,
    "volume": 8760269.0,
    "chg_amt": 0.9500000000000028,
    "chg_pct": 4.02,
    "nav": 23.68,
    "premium_pct": 3.89,
    "aum_billion": 168.29,
    "is_benchmark": false
  },
  "00985A": {
    "name": "野村台灣50",
    "close": 22.07,
    "open": 21.76,
    "high": 22.13,
    "low": 21.76,
    "volume": 6272596.0,
    "chg_amt": 0.740000000000002,
    "chg_pct": 3.47,
    "nav": 21.44,
    "premium_pct": 2.94,
    "aum_billion": 102.75,
    "is_benchmark": false
  },
  "00995A": {
    "name": "中信台灣卓越",
    "close": 18.07,
    "open": 17.67,
    "high": 18.13,
    "low": 17.67,
    "volume": 5239304.0,
    "chg_amt": 0.75,
    "chg_pct": 4.33,
    "nav": 17.3,
    "premium_pct": 4.45,
    "aum_billion": 52.78,
    "is_benchmark": false
  },
  "00984A": {
    "name": "安聯台灣高息",
    "close": 16.59,
    "open": 16.37,
    "high": 16.66,
    "low": 16.37,
    "volume": 7598952.0,
    "chg_amt": 0.48999999999999844,
    "chg_pct": 3.04,
    "nav": 16.09,
    "premium_pct": 3.11,
    "aum_billion": 78.82,
    "is_benchmark": false
  },
  "00987A": {
    "name": "台新優勢成長",
    "close": 17.06,
    "open": 16.7,
    "high": 17.11,
    "low": 16.7,
    "volume": 3418239.0,
    "chg_amt": 0.6600000000000001,
    "chg_pct": 4.02,
    "nav": 16.42,
    "premium_pct": 3.9,
    "aum_billion": 28.51,
    "is_benchmark": false
  },
  "00994A": {
    "name": "第一金台股優",
    "close": 18.0,
    "open": 17.58,
    "high": 18.01,
    "low": 17.58,
    "volume": 5742401.0,
    "chg_amt": 0.8299999999999983,
    "chg_pct": 4.83,
    "nav": 17.18,
    "premium_pct": 4.77,
    "aum_billion": 52.78,
    "is_benchmark": false
  },
  "00996A": {
    "name": "兆豐台灣豐收",
    "close": 16.17,
    "open": 15.62,
    "high": 16.19,
    "low": 15.62,
    "volume": 12847788.0,
    "chg_amt": 0.8400000000000016,
    "chg_pct": 5.48,
    "nav": 15.31,
    "premium_pct": 5.62,
    "aum_billion": 49.45,
    "is_benchmark": false
  },
  "00400A": {
    "name": "國泰動能高息",
    "close": 14.8,
    "open": 14.56,
    "high": 14.82,
    "low": 14.5,
    "volume": 69363027.0,
    "chg_amt": 0.5800000000000001,
    "chg_pct": 4.08,
    "nav": 14.22,
    "premium_pct": 4.08,
    "aum_billion": 245.18,
    "is_benchmark": false
  },
  "00401A": {
    "name": "摩根台灣鑫收",
    "close": 13.6,
    "open": 13.52,
    "high": 13.63,
    "low": 13.47,
    "volume": 3209939.0,
    "chg_amt": 0.3699999999999992,
    "chg_pct": 2.8,
    "nav": 13.23,
    "premium_pct": 2.8,
    "aum_billion": 32.21,
    "is_benchmark": false
  },
  "00999A": {
    "name": "主動野村臺灣高息",
    "close": 10.85,
    "open": 10.8,
    "high": 10.9,
    "low": 10.74,
    "volume": 17661254.0,
    "chg_amt": 0.20999999999999908,
    "chg_pct": 1.97,
    "nav": 10.67,
    "premium_pct": 1.69,
    "aum_billion": 138.24,
    "is_benchmark": false
  },
  "00988A": {
    "name": "主動統一全球創新",
    "close": 22.28,
    "open": 21.87,
    "high": 22.3,
    "low": 21.8,
    "volume": 59143563.0,
    "chg_amt": 0.8300000000000018,
    "chg_pct": 3.87,
    "nav": 21.73,
    "premium_pct": 2.53,
    "aum_billion": 601.83,
    "is_benchmark": false
  },
  "00403A": {
    "name": "主動統一升級50",
    "close": 11.02,
    "open": 10.83,
    "high": 11.04,
    "low": 10.82,
    "volume": 318181152.0,
    "chg_amt": 0.40000000000000036,
    "chg_pct": 3.77,
    "nav": 10.59,
    "premium_pct": 4.06,
    "aum_billion": 1666.79,
    "is_benchmark": false
  },
  "00405A": {
    "name": "主動富邦台灣龍耀",
    "close": 9.29,
    "open": 9.12,
    "high": 9.31,
    "low": 9.09,
    "volume": 70484808.0,
    "chg_amt": 0.3899999999999988,
    "chg_pct": 4.38,
    "nav": 9.31,
    "premium_pct": -0.21,
    "aum_billion": 239.36,
    "is_benchmark": false
  },
  "0050": {
    "name": "元大台灣50",
    "close": 107.8,
    "open": 106.85,
    "high": 108.25,
    "low": 106.75,
    "volume": 107704452.0,
    "chg_amt": 3.3499999999999943,
    "chg_pct": 3.21,
    "nav": 104.03,
    "premium_pct": 3.62,
    "aum_billion": 21536.03,
    "is_benchmark": true
  },
  "00631L": {
    "name": "元大台灣50正2",
    "close": 38.42,
    "open": 37.75,
    "high": 38.63,
    "low": 37.61,
    "volume": 311004241.0,
    "chg_amt": 2.1400000000000006,
    "chg_pct": 5.9,
    "nav": 36.54,
    "premium_pct": 5.15,
    "aum_billion": 2360.87,
    "is_benchmark": true
  },
  "009816": {
    "name": "凱基台灣TOP50",
    "close": 15.65,
    "open": 15.43,
    "high": 15.7,
    "low": 15.43,
    "volume": 162713448.0,
    "chg_amt": 0.5999999999999996,
    "chg_pct": 3.99,
    "nav": 15.05,
    "premium_pct": 3.99,
    "aum_billion": 1561.83,
    "is_benchmark": true
  },
  "00830": {
    "name": "國泰費城半導體",
    "close": 97.8,
    "open": 97.05,
    "high": 97.85,
    "low": 96.35,
    "volume": 10136389.0,
    "chg_amt": 3.200000000000003,
    "chg_pct": 3.38,
    "nav": 96.99,
    "premium_pct": 0.84,
    "aum_billion": 670.1,
    "is_benchmark": true
  },
  "00878": {
    "name": "國泰永續高股息",
    "close": 33.5,
    "open": 33.14,
    "high": 33.58,
    "low": 33.05,
    "volume": 29475025.0,
    "chg_amt": 0.6000000000000014,
    "chg_pct": 1.82,
    "nav": 32.94,
    "premium_pct": 1.7,
    "aum_billion": 6048.35,
    "is_benchmark": true
  },
  "00919": {
    "name": "群益台灣精選高息",
    "close": 29.5,
    "open": 29.52,
    "high": 29.73,
    "low": 29.29,
    "volume": 109738650.0,
    "chg_amt": 0.03999999999999915,
    "chg_pct": 0.14,
    "nav": 29.43,
    "premium_pct": 0.24,
    "aum_billion": 5308.85,
    "is_benchmark": true
  }
}