{
  "00981A": {
    "name": "統一台股增長",
    "close": 29.58,
    "open": 29.67,
    "high": 29.67,
    "low": 29.35,
    "volume": 324515356.0,
    "chg_amt": 0.2799999999999976,
    "chg_pct": 0.96,
    "nav": 29.59,
    "premium_pct": -0.03,
    "aum_billion": 2696.64,
    "is_benchmark": false
  },
  "00982A": {
    "name": "群益台灣強棒",
    "close": 22.73,
    "open": 22.6,
    "high": 22.79,
    "low": 22.46,
    "volume": 85467888.0,
    "chg_amt": 0.46999999999999886,
    "chg_pct": 2.11,
    "nav": 22.24,
    "premium_pct": 2.2,
    "aum_billion": 446.09,
    "is_benchmark": false
  },
  "00991A": {
    "name": "復華未來50",
    "close": 17.87,
    "open": 17.89,
    "high": 17.97,
    "low": 17.73,
    "volume": 69481618.0,
    "chg_amt": 0.21000000000000085,
    "chg_pct": 1.19,
    "nav": 17.59,
    "premium_pct": 1.59,
    "aum_billion": 414.37,
    "is_benchmark": false
  },
  "00992A": {
    "name": "群益科技創新",
    "close": 18.04,
    "open": 18.18,
    "high": 18.18,
    "low": 17.96,
    "volume": 120237059.0,
    "chg_amt": 0.03999999999999915,
    "chg_pct": 0.22,
    "nav": 18.11,
    "premium_pct": -0.39,
    "aum_billion": 517.68,
    "is_benchmark": false
  },
  "00993A": {
    "name": "安聯台灣",
    "close": 13.14,
    "open": 13.24,
    "high": 13.24,
    "low": 13.08,
    "volume": 19462496.0,
    "chg_amt": 0.009999999999999787,
    "chg_pct": 0.08,
    "nav": 13.14,
    "premium_pct": 0,
    "aum_billion": 121.79,
    "is_benchmark": false
  },
  "00980A": {
    "name": "野村臺灣優選",
    "close": 23.49,
    "open": 23.51,
    "high": 23.6,
    "low": 23.4,
    "volume": 17781839.0,
    "chg_amt": 0.23999999999999844,
    "chg_pct": 1.03,
    "nav": 23.16,
    "premium_pct": 1.42,
    "aum_billion": 163.48,
    "is_benchmark": false
  },
  "00985A": {
    "name": "野村台灣50",
    "close": 21.39,
    "open": 21.24,
    "high": 21.49,
    "low": 21.24,
    "volume": 12891059.0,
    "chg_amt": 0.4299999999999997,
    "chg_pct": 2.05,
    "nav": 20.9,
    "premium_pct": 2.34,
    "aum_billion": 108.72,
    "is_benchmark": false
  },
  "00995A": {
    "name": "中信台灣卓越",
    "close": 17.03,
    "open": 17.04,
    "high": 17.05,
    "low": 16.86,
    "volume": 11373925.0,
    "chg_amt": 0.14000000000000057,
    "chg_pct": 0.83,
    "nav": 17.0,
    "premium_pct": 0.18,
    "aum_billion": 54.95,
    "is_benchmark": false
  },
  "00984A": {
    "name": "安聯台灣高息",
    "close": 14.8,
    "open": 14.71,
    "high": 14.85,
    "low": 14.71,
    "volume": 10060560.0,
    "chg_amt": 0.15000000000000036,
    "chg_pct": 1.02,
    "nav": 14.7,
    "premium_pct": 0.68,
    "aum_billion": 100.0,
    "is_benchmark": false
  },
  "00987A": {
    "name": "台新優勢成長",
    "close": 17.37,
    "open": 17.46,
    "high": 17.5,
    "low": 17.3,
    "volume": 7503580.0,
    "chg_amt": 0.08000000000000185,
    "chg_pct": 0.46,
    "nav": 17.22,
    "premium_pct": 0.87,
    "aum_billion": 34.9,
    "is_benchmark": false
  },
  "00994A": {
    "name": "第一金台股優",
    "close": 17.78,
    "open": 17.74,
    "high": 17.8,
    "low": 17.65,
    "volume": 19186233.0,
    "chg_amt": 0.25,
    "chg_pct": 1.43,
    "nav": 17.72,
    "premium_pct": 0.34,
    "aum_billion": 54.06,
    "is_benchmark": false
  },
  "00996A": {
    "name": "兆豐台灣豐收",
    "close": 14.07,
    "open": 13.92,
    "high": 14.07,
    "low": 13.82,
    "volume": 13991422.0,
    "chg_amt": 0.3000000000000007,
    "chg_pct": 2.18,
    "nav": 13.77,
    "premium_pct": 2.18,
    "aum_billion": 46.11,
    "is_benchmark": false
  },
  "00400A": {
    "name": "國泰動能高息",
    "close": 13.88,
    "open": 13.97,
    "high": 13.98,
    "low": 13.85,
    "volume": 80912301.0,
    "chg_amt": 0.09000000000000163,
    "chg_pct": 0.65,
    "nav": 13.71,
    "premium_pct": 1.24,
    "aum_billion": 203.43,
    "is_benchmark": false
  },
  "00401A": {
    "name": "摩根台灣鑫收",
    "close": 12.73,
    "open": 12.71,
    "high": 12.75,
    "low": 12.64,
    "volume": 13755065.0,
    "chg_amt": 0.120000000000001,
    "chg_pct": 0.95,
    "nav": 12.61,
    "premium_pct": 0.95,
    "aum_billion": 36.48,
    "is_benchmark": false
  },
  "0050": {
    "name": "元大台灣50",
    "close": 97.7,
    "open": 97.95,
    "high": 98.4,
    "low": 97.4,
    "volume": 117152238.0,
    "chg_amt": 1.9500000000000028,
    "chg_pct": 2.04,
    "nav": 95.45,
    "premium_pct": 2.36,
    "aum_billion": 17655.19,
    "is_benchmark": true
  },
  "009816": {
    "name": "凱基台灣TOP50",
    "close": 14.14,
    "open": 14.12,
    "high": 14.22,
    "low": 14.05,
    "volume": 274719445.0,
    "chg_amt": 0.2900000000000009,
    "chg_pct": 2.09,
    "nav": 13.82,
    "premium_pct": 2.32,
    "aum_billion": 100.0,
    "is_benchmark": true
  }
}