{
  "00981A": {
    "name": "統一台股增長",
    "close": 30.88,
    "open": 30.66,
    "high": 30.93,
    "low": 30.46,
    "volume": 140863715.0,
    "chg_amt": 0.05999999999999872,
    "chg_pct": 0.19,
    "nav": 31.0,
    "premium_pct": -0.39,
    "aum_billion": 2907.27,
    "is_benchmark": false
  },
  "00982A": {
    "name": "群益台灣強棒",
    "close": 24.14,
    "open": 23.77,
    "high": 24.14,
    "low": 23.72,
    "volume": 21302953.0,
    "chg_amt": 0.1700000000000017,
    "chg_pct": 0.71,
    "nav": 24.26,
    "premium_pct": -0.49,
    "aum_billion": 528.55,
    "is_benchmark": false
  },
  "00991A": {
    "name": "復華未來50",
    "close": 20.02,
    "open": 19.71,
    "high": 20.02,
    "low": 19.68,
    "volume": 52706298.0,
    "chg_amt": 0.17999999999999972,
    "chg_pct": 0.91,
    "nav": 20.1,
    "premium_pct": -0.4,
    "aum_billion": 620.66,
    "is_benchmark": false
  },
  "00992A": {
    "name": "群益科技創新",
    "close": 18.65,
    "open": 18.44,
    "high": 18.66,
    "low": 18.4,
    "volume": 49503208.0,
    "chg_amt": 0.13999999999999702,
    "chg_pct": 0.76,
    "nav": 18.76,
    "premium_pct": -0.59,
    "aum_billion": 470.82,
    "is_benchmark": false
  },
  "00993A": {
    "name": "安聯台灣",
    "close": 13.99,
    "open": 13.88,
    "high": 13.99,
    "low": 13.78,
    "volume": 9160552.0,
    "chg_amt": 0.07000000000000028,
    "chg_pct": 0.5,
    "nav": 14.03,
    "premium_pct": -0.29,
    "aum_billion": 115.42,
    "is_benchmark": false
  },
  "00980A": {
    "name": "野村臺灣優選",
    "close": 24.69,
    "open": 24.46,
    "high": 24.69,
    "low": 24.35,
    "volume": 10991632.0,
    "chg_amt": 0.08999999999999986,
    "chg_pct": 0.37,
    "nav": 24.8,
    "premium_pct": -0.44,
    "aum_billion": 180.35,
    "is_benchmark": false
  },
  "00985A": {
    "name": "野村台灣50",
    "close": 22.18,
    "open": 21.98,
    "high": 22.18,
    "low": 21.89,
    "volume": 5182829.0,
    "chg_amt": 0.10000000000000142,
    "chg_pct": 0.45,
    "nav": 22.25,
    "premium_pct": -0.31,
    "aum_billion": 109.52,
    "is_benchmark": false
  },
  "00995A": {
    "name": "中信台灣卓越",
    "close": 18.03,
    "open": 17.83,
    "high": 18.04,
    "low": 17.82,
    "volume": 4747874.0,
    "chg_amt": 0.07000000000000028,
    "chg_pct": 0.39,
    "nav": 18.13,
    "premium_pct": -0.55,
    "aum_billion": 57.8,
    "is_benchmark": false
  },
  "00984A": {
    "name": "安聯台灣高息",
    "close": 16.56,
    "open": 16.11,
    "high": 16.56,
    "low": 16.11,
    "volume": 7905455.0,
    "chg_amt": 0.29999999999999716,
    "chg_pct": 1.85,
    "nav": 0,
    "premium_pct": 1.85,
    "aum_billion": 76.39,
    "is_benchmark": false
  },
  "00987A": {
    "name": "台新優勢成長",
    "close": 17.36,
    "open": 17.07,
    "high": 17.36,
    "low": 17.07,
    "volume": 2902715.0,
    "chg_amt": 0.08999999999999986,
    "chg_pct": 0.52,
    "nav": 17.44,
    "premium_pct": -0.46,
    "aum_billion": 32.33,
    "is_benchmark": false
  },
  "00994A": {
    "name": "第一金台股優",
    "close": 18.3,
    "open": 18.11,
    "high": 18.3,
    "low": 18.02,
    "volume": 28773874.0,
    "chg_amt": 0.07000000000000028,
    "chg_pct": 0.38,
    "nav": 18.29,
    "premium_pct": 0.05,
    "aum_billion": 56.85,
    "is_benchmark": false
  },
  "00996A": {
    "name": "兆豐台灣豐收",
    "close": 15.59,
    "open": 15.28,
    "high": 15.59,
    "low": 15.22,
    "volume": 7297994.0,
    "chg_amt": 0.1999999999999993,
    "chg_pct": 1.3,
    "nav": 15.61,
    "premium_pct": -0.13,
    "aum_billion": 50.51,
    "is_benchmark": false
  },
  "00400A": {
    "name": "國泰動能高息",
    "close": 14.87,
    "open": 14.63,
    "high": 14.87,
    "low": 14.6,
    "volume": 35003841.0,
    "chg_amt": 0.14999999999999858,
    "chg_pct": 1.02,
    "nav": 14.92,
    "premium_pct": -0.34,
    "aum_billion": 221.77,
    "is_benchmark": false
  },
  "00401A": {
    "name": "摩根台灣鑫收",
    "close": 13.82,
    "open": 13.64,
    "high": 13.82,
    "low": 13.64,
    "volume": 4078303.0,
    "chg_amt": 0.05000000000000071,
    "chg_pct": 0.36,
    "nav": 13.89,
    "premium_pct": -0.5,
    "aum_billion": 35.69,
    "is_benchmark": false
  },
  "00999A": {
    "name": "主動野村臺灣高息",
    "close": 11.19,
    "open": 11.05,
    "high": 11.19,
    "low": 11.05,
    "volume": 23722509.0,
    "chg_amt": 0.05999999999999872,
    "chg_pct": 0.54,
    "nav": 11.24,
    "premium_pct": -0.44,
    "aum_billion": 155.83,
    "is_benchmark": false
  },
  "00988A": {
    "name": "主動統一全球創新",
    "close": 22.52,
    "open": 22.2,
    "high": 22.52,
    "low": 22.15,
    "volume": 86581560.0,
    "chg_amt": -0.16000000000000014,
    "chg_pct": -0.71,
    "nav": 22.06,
    "premium_pct": 2.09,
    "aum_billion": 585.43,
    "is_benchmark": false
  },
  "00403A": {
    "name": "主動統一升級50",
    "close": 10.75,
    "open": 10.6,
    "high": 10.75,
    "low": 10.57,
    "volume": 337856784.0,
    "chg_amt": 0.05000000000000071,
    "chg_pct": 0.47,
    "nav": 10.83,
    "premium_pct": -0.74,
    "aum_billion": 1780.78,
    "is_benchmark": false
  },
  "00405A": {
    "name": "主動富邦台灣龍耀",
    "close": 9.39,
    "open": 9.31,
    "high": 9.41,
    "low": 9.3,
    "volume": 94815077.0,
    "chg_amt": 0.02000000000000135,
    "chg_pct": 0.21,
    "nav": 9.4,
    "premium_pct": -0.11,
    "aum_billion": 230.2,
    "is_benchmark": false
  },
  "0050": {
    "name": "元大台灣50",
    "close": 106.0,
    "open": 105.0,
    "high": 106.0,
    "low": 104.5,
    "volume": 100331952.0,
    "chg_amt": 0.09999999999999432,
    "chg_pct": 0.09,
    "nav": 106.18,
    "premium_pct": -0.17,
    "aum_billion": 21728.44,
    "is_benchmark": true
  },
  "00631L": {
    "name": "元大台灣50正2",
    "close": 37.51,
    "open": 36.49,
    "high": 37.51,
    "low": 36.33,
    "volume": 213209669.0,
    "chg_amt": 0.19999999999999574,
    "chg_pct": 0.54,
    "nav": 37.43,
    "premium_pct": 0.21,
    "aum_billion": 2159.18,
    "is_benchmark": true
  },
  "009816": {
    "name": "凱基台灣TOP50",
    "close": 15.55,
    "open": 15.35,
    "high": 15.55,
    "low": 15.33,
    "volume": 121793794.0,
    "chg_amt": 0.040000000000000924,
    "chg_pct": 0.26,
    "nav": 15.52,
    "premium_pct": 0.19,
    "aum_billion": 1509.15,
    "is_benchmark": true
  },
  "00830": {
    "name": "國泰費城半導體",
    "close": 95.6,
    "open": 94.65,
    "high": 95.6,
    "low": 94.35,
    "volume": 16998041.0,
    "chg_amt": -2.8500000000000085,
    "chg_pct": -2.89,
    "nav": 93.11,
    "premium_pct": 2.67,
    "aum_billion": 690.08,
    "is_benchmark": true
  },
  "00878": {
    "name": "國泰永續高股息",
    "close": 33.27,
    "open": 32.67,
    "high": 33.27,
    "low": 32.64,
    "volume": 44252730.0,
    "chg_amt": 0.36000000000000654,
    "chg_pct": 1.09,
    "nav": 33.45,
    "premium_pct": -0.54,
    "aum_billion": 6101.61,
    "is_benchmark": true
  },
  "00919": {
    "name": "群益台灣精選高息",
    "close": 30.35,
    "open": 29.87,
    "high": 30.52,
    "low": 29.84,
    "volume": 139153103.0,
    "chg_amt": 0.38000000000000256,
    "chg_pct": 1.27,
    "nav": 30.52,
    "premium_pct": -0.56,
    "aum_billion": 5439.77,
    "is_benchmark": true
  }
}