{
  "00981A": {
    "name": "統一台股增長",
    "close": 29.84,
    "open": 31.2,
    "high": 31.3,
    "low": 29.75,
    "volume": 336842956.0,
    "chg_amt": -1.3599999999999994,
    "chg_pct": -4.36,
    "nav": 31.12,
    "premium_pct": -4.11,
    "aum_billion": 2848.15,
    "is_benchmark": false
  },
  "00982A": {
    "name": "群益台灣強棒",
    "close": 24.09,
    "open": 25.29,
    "high": 25.38,
    "low": 24.0,
    "volume": 48962726.0,
    "chg_amt": -1.1900000000000013,
    "chg_pct": -4.71,
    "nav": 25.26,
    "premium_pct": -4.63,
    "aum_billion": 542.5,
    "is_benchmark": false
  },
  "00991A": {
    "name": "復華未來50",
    "close": 19.12,
    "open": 20.13,
    "high": 20.16,
    "low": 19.05,
    "volume": 248290467.0,
    "chg_amt": -0.9299999999999997,
    "chg_pct": -4.64,
    "nav": 19.97,
    "premium_pct": -4.26,
    "aum_billion": 738.42,
    "is_benchmark": false
  },
  "00992A": {
    "name": "群益科技創新",
    "close": 17.71,
    "open": 18.65,
    "high": 18.73,
    "low": 17.67,
    "volume": 78682660.0,
    "chg_amt": -0.8900000000000006,
    "chg_pct": -4.78,
    "nav": 18.53,
    "premium_pct": -4.43,
    "aum_billion": 434.16,
    "is_benchmark": false
  },
  "00993A": {
    "name": "安聯台灣",
    "close": 13.36,
    "open": 14.04,
    "high": 14.05,
    "low": 13.32,
    "volume": 11676247.0,
    "chg_amt": -0.6400000000000006,
    "chg_pct": -4.57,
    "nav": 13.98,
    "premium_pct": -4.43,
    "aum_billion": 110.25,
    "is_benchmark": false
  },
  "00980A": {
    "name": "野村臺灣優選",
    "close": 23.56,
    "open": 24.6,
    "high": 24.66,
    "low": 23.52,
    "volume": 12270674.0,
    "chg_amt": -0.990000000000002,
    "chg_pct": -4.03,
    "nav": 24.49,
    "premium_pct": -3.8,
    "aum_billion": 172.38,
    "is_benchmark": false
  },
  "00985A": {
    "name": "野村台灣50",
    "close": 21.56,
    "open": 22.3,
    "high": 22.36,
    "low": 21.51,
    "volume": 7507611.0,
    "chg_amt": -0.740000000000002,
    "chg_pct": -3.32,
    "nav": 21.52,
    "premium_pct": 0.19,
    "aum_billion": 104.04,
    "is_benchmark": false
  },
  "00995A": {
    "name": "中信台灣卓越",
    "close": 17.17,
    "open": 18.1,
    "high": 18.1,
    "low": 17.13,
    "volume": 10562580.0,
    "chg_amt": -0.9299999999999997,
    "chg_pct": -5.14,
    "nav": 17.16,
    "premium_pct": 0.06,
    "aum_billion": 53.75,
    "is_benchmark": false
  },
  "00984A": {
    "name": "安聯台灣高息",
    "close": 16.25,
    "open": 16.8,
    "high": 16.82,
    "low": 16.21,
    "volume": 31214553.0,
    "chg_amt": -0.5100000000000016,
    "chg_pct": -3.04,
    "nav": 16.68,
    "premium_pct": -2.58,
    "aum_billion": 86.73,
    "is_benchmark": false
  },
  "00987A": {
    "name": "台新優勢成長",
    "close": 16.01,
    "open": 16.99,
    "high": 17.0,
    "low": 15.96,
    "volume": 4758013.0,
    "chg_amt": -0.879999999999999,
    "chg_pct": -5.21,
    "nav": 16.85,
    "premium_pct": -4.99,
    "aum_billion": 28.75,
    "is_benchmark": false
  },
  "00994A": {
    "name": "第一金台股優",
    "close": 16.9,
    "open": 17.68,
    "high": 17.74,
    "low": 16.85,
    "volume": 8694705.0,
    "chg_amt": -0.7800000000000011,
    "chg_pct": -4.41,
    "nav": 16.87,
    "premium_pct": 0.18,
    "aum_billion": 52.38,
    "is_benchmark": false
  },
  "00996A": {
    "name": "兆豐台灣豐收",
    "close": 14.8,
    "open": 15.67,
    "high": 15.68,
    "low": 14.76,
    "volume": 16517061.0,
    "chg_amt": -0.8499999999999996,
    "chg_pct": -5.43,
    "nav": 15.6,
    "premium_pct": -5.13,
    "aum_billion": 50.23,
    "is_benchmark": false
  },
  "00400A": {
    "name": "國泰動能高息",
    "close": 14.35,
    "open": 15.0,
    "high": 15.01,
    "low": 14.3,
    "volume": 124304652.0,
    "chg_amt": -0.6500000000000004,
    "chg_pct": -4.33,
    "nav": 14.94,
    "premium_pct": -3.95,
    "aum_billion": 260.45,
    "is_benchmark": false
  },
  "00401A": {
    "name": "摩根台灣鑫收",
    "close": 13.25,
    "open": 13.73,
    "high": 14.0,
    "low": 13.24,
    "volume": 4862907.0,
    "chg_amt": -0.47000000000000064,
    "chg_pct": -3.43,
    "nav": 13.26,
    "premium_pct": -0.08,
    "aum_billion": 33.02,
    "is_benchmark": false
  },
  "00999A": {
    "name": "主動野村臺灣高息",
    "close": 10.73,
    "open": 11.07,
    "high": 11.1,
    "low": 10.71,
    "volume": 19681147.0,
    "chg_amt": -0.29999999999999893,
    "chg_pct": -2.72,
    "nav": 11.07,
    "premium_pct": -3.07,
    "aum_billion": 136.69,
    "is_benchmark": false
  },
  "00988A": {
    "name": "主動統一全球創新",
    "close": 19.62,
    "open": 20.44,
    "high": 20.44,
    "low": 19.59,
    "volume": 199714346.0,
    "chg_amt": -1.2099999999999973,
    "chg_pct": -5.81,
    "nav": 20.6,
    "premium_pct": -4.76,
    "aum_billion": 604.18,
    "is_benchmark": false
  },
  "00403A": {
    "name": "主動統一升級50",
    "close": 10.45,
    "open": 10.98,
    "high": 10.98,
    "low": 10.41,
    "volume": 422831712.0,
    "chg_amt": -0.4800000000000004,
    "chg_pct": -4.39,
    "nav": 10.37,
    "premium_pct": 0.77,
    "aum_billion": 1689.36,
    "is_benchmark": false
  },
  "00405A": {
    "name": "主動富邦台灣龍耀",
    "close": 8.65,
    "open": 9.2,
    "high": 9.2,
    "low": 8.65,
    "volume": 286915853.0,
    "chg_amt": -0.5,
    "chg_pct": -5.46,
    "nav": 9.13,
    "premium_pct": -5.26,
    "aum_billion": 245.56,
    "is_benchmark": false
  },
  "0050": {
    "name": "元大台灣50",
    "close": 106.2,
    "open": 108.55,
    "high": 109.05,
    "low": 105.85,
    "volume": 124629074.0,
    "chg_amt": -2.049999999999997,
    "chg_pct": -1.89,
    "nav": 107.76,
    "premium_pct": -1.45,
    "aum_billion": 22474.86,
    "is_benchmark": true
  },
  "00631L": {
    "name": "元大台灣50正2",
    "close": 37.19,
    "open": 39.0,
    "high": 39.35,
    "low": 37.06,
    "volume": 363737617.0,
    "chg_amt": -1.5600000000000023,
    "chg_pct": -4.03,
    "nav": 38.74,
    "premium_pct": -4.0,
    "aum_billion": 2536.1,
    "is_benchmark": true
  },
  "009816": {
    "name": "凱基台灣TOP50",
    "close": 15.29,
    "open": 15.67,
    "high": 15.75,
    "low": 15.25,
    "volume": 163706735.0,
    "chg_amt": -0.3600000000000012,
    "chg_pct": -2.3,
    "nav": 15.57,
    "premium_pct": -1.8,
    "aum_billion": 1634.74,
    "is_benchmark": true
  },
  "00830": {
    "name": "國泰費城半導體",
    "close": 89.7,
    "open": 91.6,
    "high": 91.7,
    "low": 89.5,
    "volume": 17281683.0,
    "chg_amt": -2.700000000000003,
    "chg_pct": -2.92,
    "nav": 91.68,
    "premium_pct": -2.16,
    "aum_billion": 654.29,
    "is_benchmark": true
  },
  "00878": {
    "name": "國泰永續高股息",
    "close": 32.97,
    "open": 33.49,
    "high": 33.6,
    "low": 32.91,
    "volume": 34958840.0,
    "chg_amt": -0.5200000000000031,
    "chg_pct": -1.55,
    "nav": 33.43,
    "premium_pct": -1.38,
    "aum_billion": 6133.07,
    "is_benchmark": true
  },
  "00919": {
    "name": "群益台灣精選高息",
    "close": 29.62,
    "open": 29.76,
    "high": 30.02,
    "low": 29.6,
    "volume": 68857565.0,
    "chg_amt": -0.14000000000000057,
    "chg_pct": -0.47,
    "nav": 29.71,
    "premium_pct": -0.3,
    "aum_billion": 5370.61,
    "is_benchmark": true
  }
}