{
  "00981A": {
    "name": "統一台股增長",
    "close": 28.4,
    "open": 29.15,
    "high": 29.3,
    "low": 27.34,
    "volume": 461386162.0,
    "chg_amt": -0.9500000000000028,
    "chg_pct": -3.24,
    "nav": 29.23,
    "premium_pct": -2.84,
    "aum_billion": 2689.87,
    "is_benchmark": false
  },
  "00982A": {
    "name": "群益台灣強棒",
    "close": 22.96,
    "open": 23.6,
    "high": 23.71,
    "low": 22.17,
    "volume": 57419585.0,
    "chg_amt": -0.8299999999999983,
    "chg_pct": -3.49,
    "nav": 23.73,
    "premium_pct": -3.24,
    "aum_billion": 509.65,
    "is_benchmark": false
  },
  "00991A": {
    "name": "復華未來50",
    "close": 18.44,
    "open": 18.92,
    "high": 19.05,
    "low": 17.8,
    "volume": 249656124.0,
    "chg_amt": -0.6099999999999994,
    "chg_pct": -3.2,
    "nav": 18.96,
    "premium_pct": -2.74,
    "aum_billion": 743.87,
    "is_benchmark": false
  },
  "00992A": {
    "name": "群益科技創新",
    "close": 17.01,
    "open": 17.55,
    "high": 17.62,
    "low": 16.4,
    "volume": 90399870.0,
    "chg_amt": -0.6600000000000001,
    "chg_pct": -3.74,
    "nav": 17.61,
    "premium_pct": -3.41,
    "aum_billion": 413.64,
    "is_benchmark": false
  },
  "00993A": {
    "name": "安聯台灣",
    "close": 12.75,
    "open": 13.03,
    "high": 13.09,
    "low": 12.3,
    "volume": 11724328.0,
    "chg_amt": -0.3800000000000008,
    "chg_pct": -2.89,
    "nav": 13.14,
    "premium_pct": -2.97,
    "aum_billion": 103.49,
    "is_benchmark": false
  },
  "00980A": {
    "name": "野村臺灣優選",
    "close": 22.74,
    "open": 23.33,
    "high": 23.33,
    "low": 22.01,
    "volume": 11921098.0,
    "chg_amt": -0.6500000000000021,
    "chg_pct": -2.78,
    "nav": 23.39,
    "premium_pct": -2.78,
    "aum_billion": 164.58,
    "is_benchmark": false
  },
  "00985A": {
    "name": "野村台灣50",
    "close": 21.18,
    "open": 21.56,
    "high": 21.58,
    "low": 20.6,
    "volume": 7578148.0,
    "chg_amt": -0.490000000000002,
    "chg_pct": -2.26,
    "nav": 21.66,
    "premium_pct": -2.22,
    "aum_billion": 101.45,
    "is_benchmark": false
  },
  "00995A": {
    "name": "中信台灣卓越",
    "close": 16.4,
    "open": 16.89,
    "high": 17.0,
    "low": 15.87,
    "volume": 11510878.0,
    "chg_amt": -0.6400000000000006,
    "chg_pct": -3.76,
    "nav": 17.03,
    "premium_pct": -3.7,
    "aum_billion": 50.5,
    "is_benchmark": false
  },
  "00984A": {
    "name": "安聯台灣高息",
    "close": 15.88,
    "open": 16.18,
    "high": 16.23,
    "low": 15.45,
    "volume": 35057732.0,
    "chg_amt": -0.3199999999999985,
    "chg_pct": -1.98,
    "nav": 16.16,
    "premium_pct": -1.73,
    "aum_billion": 95.08,
    "is_benchmark": false
  },
  "00987A": {
    "name": "台新優勢成長",
    "close": 15.16,
    "open": 15.74,
    "high": 15.76,
    "low": 14.62,
    "volume": 4981542.0,
    "chg_amt": -0.5999999999999996,
    "chg_pct": -3.81,
    "nav": 15.73,
    "premium_pct": -3.62,
    "aum_billion": 26.68,
    "is_benchmark": false
  },
  "00994A": {
    "name": "第一金台股優",
    "close": 16.41,
    "open": 16.75,
    "high": 16.88,
    "low": 15.82,
    "volume": 9292591.0,
    "chg_amt": -0.5100000000000016,
    "chg_pct": -3.01,
    "nav": 16.89,
    "premium_pct": -2.84,
    "aum_billion": 50.03,
    "is_benchmark": false
  },
  "00996A": {
    "name": "兆豐台灣豐收",
    "close": 14.41,
    "open": 14.74,
    "high": 14.91,
    "low": 13.86,
    "volume": 11129446.0,
    "chg_amt": -0.3699999999999992,
    "chg_pct": -2.5,
    "nav": 14.83,
    "premium_pct": -2.83,
    "aum_billion": 47.68,
    "is_benchmark": false
  },
  "00400A": {
    "name": "國泰動能高息",
    "close": 13.71,
    "open": 14.03,
    "high": 14.1,
    "low": 13.21,
    "volume": 88839154.0,
    "chg_amt": -0.3899999999999988,
    "chg_pct": -2.77,
    "nav": 14.05,
    "premium_pct": -2.42,
    "aum_billion": 255.86,
    "is_benchmark": false
  },
  "00401A": {
    "name": "摩根台灣鑫收",
    "close": 13.05,
    "open": 13.26,
    "high": 13.32,
    "low": 12.66,
    "volume": 6338013.0,
    "chg_amt": -0.20999999999999908,
    "chg_pct": -1.58,
    "nav": 13.34,
    "premium_pct": -2.17,
    "aum_billion": 32.13,
    "is_benchmark": false
  },
  "00999A": {
    "name": "主動野村臺灣高息",
    "close": 10.35,
    "open": 10.51,
    "high": 10.55,
    "low": 10.09,
    "volume": 16444787.0,
    "chg_amt": -0.21000000000000085,
    "chg_pct": -1.99,
    "nav": 10.6,
    "premium_pct": -2.36,
    "aum_billion": 128.99,
    "is_benchmark": false
  },
  "00988A": {
    "name": "主動統一全球創新",
    "close": 18.49,
    "open": 18.52,
    "high": 18.75,
    "low": 17.9,
    "volume": 96072145.0,
    "chg_amt": -0.16000000000000014,
    "chg_pct": -0.86,
    "nav": 18.52,
    "premium_pct": -0.16,
    "aum_billion": 627.6,
    "is_benchmark": false
  },
  "00403A": {
    "name": "主動統一升級50",
    "close": 10.11,
    "open": 10.3,
    "high": 10.36,
    "low": 9.79,
    "volume": 752371033.0,
    "chg_amt": -0.27000000000000135,
    "chg_pct": -2.6,
    "nav": 10.36,
    "premium_pct": -2.41,
    "aum_billion": 1609.22,
    "is_benchmark": false
  },
  "00405A": {
    "name": "主動富邦台灣龍耀",
    "close": 8.29,
    "open": 8.57,
    "high": 8.64,
    "low": 7.97,
    "volume": 211585503.0,
    "chg_amt": -0.3200000000000003,
    "chg_pct": -3.72,
    "nav": 8.59,
    "premium_pct": -3.49,
    "aum_billion": 255.75,
    "is_benchmark": false
  },
  "0050": {
    "name": "元大台灣50",
    "close": 104.4,
    "open": 105.5,
    "high": 105.5,
    "low": 102.25,
    "volume": 259927533.0,
    "chg_amt": -1.5999999999999943,
    "chg_pct": -1.51,
    "nav": 105.6,
    "premium_pct": -1.14,
    "aum_billion": 22124.0,
    "is_benchmark": true
  },
  "00631L": {
    "name": "元大台灣50正2",
    "close": 35.88,
    "open": 36.53,
    "high": 36.7,
    "low": 34.38,
    "volume": 473311312.0,
    "chg_amt": -0.9799999999999969,
    "chg_pct": -2.66,
    "nav": 36.88,
    "premium_pct": -2.71,
    "aum_billion": 2460.72,
    "is_benchmark": true
  },
  "009816": {
    "name": "凱基台灣TOP50",
    "close": 14.97,
    "open": 15.19,
    "high": 15.22,
    "low": 14.66,
    "volume": 349991465.0,
    "chg_amt": -0.27999999999999936,
    "chg_pct": -1.84,
    "nav": 15.19,
    "premium_pct": -1.45,
    "aum_billion": 1599.81,
    "is_benchmark": true
  },
  "00830": {
    "name": "國泰費城半導體",
    "close": 89.25,
    "open": 88.8,
    "high": 89.25,
    "low": 87.4,
    "volume": 11862847.0,
    "chg_amt": -0.5999999999999943,
    "chg_pct": -0.67,
    "nav": 88.09,
    "premium_pct": 1.32,
    "aum_billion": 715.48,
    "is_benchmark": true
  },
  "00878": {
    "name": "國泰永續高股息",
    "close": 32.72,
    "open": 33.03,
    "high": 33.03,
    "low": 32.08,
    "volume": 61601179.0,
    "chg_amt": -0.4100000000000037,
    "chg_pct": -1.24,
    "nav": 33.17,
    "premium_pct": -1.36,
    "aum_billion": 6082.04,
    "is_benchmark": true
  },
  "00919": {
    "name": "群益台灣精選高息",
    "close": 29.42,
    "open": 29.71,
    "high": 29.74,
    "low": 29.05,
    "volume": 117230290.0,
    "chg_amt": -0.28999999999999915,
    "chg_pct": -0.98,
    "nav": 29.74,
    "premium_pct": -1.08,
    "aum_billion": 5376.56,
    "is_benchmark": true
  }
}