{
  "00981A": {
    "name": "統一台股增長",
    "close": 30.72,
    "open": 32.14,
    "high": 32.23,
    "low": 30.5,
    "volume": 493712092.0,
    "chg_amt": -1.240000000000002,
    "chg_pct": -3.88,
    "nav": 30.88,
    "premium_pct": -0.52,
    "aum_billion": 2904.48,
    "is_benchmark": false
  },
  "00982A": {
    "name": "群益台灣強棒",
    "close": 23.81,
    "open": 24.63,
    "high": 24.84,
    "low": 23.63,
    "volume": 82280566.0,
    "chg_amt": -0.7100000000000009,
    "chg_pct": -2.9,
    "nav": 23.84,
    "premium_pct": -0.13,
    "aum_billion": 555.97,
    "is_benchmark": false
  },
  "00991A": {
    "name": "復華未來50",
    "close": 19.1,
    "open": 19.83,
    "high": 20.0,
    "low": 19.0,
    "volume": 192151456.0,
    "chg_amt": -0.639999999999997,
    "chg_pct": -3.24,
    "nav": 19.12,
    "premium_pct": -0.1,
    "aum_billion": 529.32,
    "is_benchmark": false
  },
  "00992A": {
    "name": "群益科技創新",
    "close": 18.01,
    "open": 18.8,
    "high": 18.88,
    "low": 17.87,
    "volume": 153314132.0,
    "chg_amt": -0.7399999999999984,
    "chg_pct": -3.95,
    "nav": 18.07,
    "premium_pct": -0.33,
    "aum_billion": 536.2,
    "is_benchmark": false
  },
  "00993A": {
    "name": "安聯台灣",
    "close": 13.46,
    "open": 13.95,
    "high": 14.08,
    "low": 13.32,
    "volume": 17114075.0,
    "chg_amt": -0.46999999999999886,
    "chg_pct": -3.37,
    "nav": 13.49,
    "premium_pct": -0.22,
    "aum_billion": 122.24,
    "is_benchmark": false
  },
  "00980A": {
    "name": "野村臺灣優選",
    "close": 23.67,
    "open": 24.62,
    "high": 24.81,
    "low": 23.55,
    "volume": 28282069.0,
    "chg_amt": -0.9099999999999966,
    "chg_pct": -3.7,
    "nav": 23.8,
    "premium_pct": -0.55,
    "aum_billion": 186.38,
    "is_benchmark": false
  },
  "00985A": {
    "name": "野村台灣50",
    "close": 21.58,
    "open": 22.33,
    "high": 22.43,
    "low": 21.5,
    "volume": 9395868.0,
    "chg_amt": -0.6000000000000014,
    "chg_pct": -2.71,
    "nav": 21.72,
    "premium_pct": -0.64,
    "aum_billion": 113.31,
    "is_benchmark": false
  },
  "00995A": {
    "name": "中信台灣卓越",
    "close": 17.67,
    "open": 18.36,
    "high": 18.54,
    "low": 17.53,
    "volume": 16533177.0,
    "chg_amt": -0.639999999999997,
    "chg_pct": -3.5,
    "nav": 17.75,
    "premium_pct": -0.45,
    "aum_billion": 59.68,
    "is_benchmark": false
  },
  "00984A": {
    "name": "安聯台灣高息",
    "close": 15.85,
    "open": 16.11,
    "high": 16.23,
    "low": 15.73,
    "volume": 15372858.0,
    "chg_amt": -0.22000000000000064,
    "chg_pct": -1.37,
    "nav": 15.78,
    "premium_pct": 0.44,
    "aum_billion": 72.75,
    "is_benchmark": false
  },
  "00987A": {
    "name": "台新優勢成長",
    "close": 17.48,
    "open": 18.14,
    "high": 18.39,
    "low": 17.36,
    "volume": 10700530.0,
    "chg_amt": -0.629999999999999,
    "chg_pct": -3.48,
    "nav": 17.53,
    "premium_pct": -0.29,
    "aum_billion": 36.7,
    "is_benchmark": false
  },
  "00994A": {
    "name": "第一金台股優",
    "close": 18.14,
    "open": 18.89,
    "high": 19.09,
    "low": 17.98,
    "volume": 18267800.0,
    "chg_amt": -0.75,
    "chg_pct": -3.97,
    "nav": 18.18,
    "premium_pct": -0.22,
    "aum_billion": 58.29,
    "is_benchmark": false
  },
  "00996A": {
    "name": "兆豐台灣豐收",
    "close": 15.03,
    "open": 15.61,
    "high": 15.81,
    "low": 14.94,
    "volume": 36280216.0,
    "chg_amt": -0.5099999999999998,
    "chg_pct": -3.28,
    "nav": 15.11,
    "premium_pct": -0.53,
    "aum_billion": 50.97,
    "is_benchmark": false
  },
  "00400A": {
    "name": "國泰動能高息",
    "close": 14.4,
    "open": 15.0,
    "high": 15.13,
    "low": 14.28,
    "volume": 95941779.0,
    "chg_amt": -0.5199999999999996,
    "chg_pct": -3.49,
    "nav": 14.45,
    "premium_pct": -0.35,
    "aum_billion": 227.68,
    "is_benchmark": false
  },
  "00401A": {
    "name": "摩根台灣鑫收",
    "close": 13.4,
    "open": 13.8,
    "high": 13.91,
    "low": 13.34,
    "volume": 13227451.0,
    "chg_amt": -0.35999999999999943,
    "chg_pct": -2.62,
    "nav": 13.42,
    "premium_pct": -0.15,
    "aum_billion": 35.37,
    "is_benchmark": false
  },
  "00999A": {
    "name": "主動野村臺灣高息",
    "close": 10.56,
    "open": 10.78,
    "high": 10.89,
    "low": 10.51,
    "volume": 58000621.0,
    "chg_amt": -0.1899999999999995,
    "chg_pct": -1.77,
    "nav": 10.62,
    "premium_pct": -0.56,
    "aum_billion": 167.51,
    "is_benchmark": false
  },
  "00988A": {
    "name": "主動統一全球創新",
    "close": 21.21,
    "open": 21.85,
    "high": 21.94,
    "low": 21.07,
    "volume": 152779240.0,
    "chg_amt": -0.8599999999999994,
    "chg_pct": -3.9,
    "nav": 21.12,
    "premium_pct": 0.43,
    "aum_billion": 424.85,
    "is_benchmark": false
  },
  "00403A": {
    "name": "主動統一升級50",
    "close": 10.47,
    "open": 10.87,
    "high": 10.89,
    "low": 10.4,
    "volume": 808934322.0,
    "chg_amt": -0.3099999999999987,
    "chg_pct": -2.88,
    "nav": 10.52,
    "premium_pct": -0.48,
    "aum_billion": 1961.02,
    "is_benchmark": false
  },
  "0050": {
    "name": "元大台灣50",
    "close": 100.5,
    "open": 104.0,
    "high": 104.25,
    "low": 100.1,
    "volume": 152915695.0,
    "chg_amt": -2.049999999999997,
    "chg_pct": -2.0,
    "nav": 101.11,
    "premium_pct": -0.6,
    "aum_billion": 19562.04,
    "is_benchmark": true
  },
  "009816": {
    "name": "凱基台灣TOP50",
    "close": 14.8,
    "open": 15.26,
    "high": 15.31,
    "low": 14.67,
    "volume": 294376691.0,
    "chg_amt": -0.34999999999999964,
    "chg_pct": -2.31,
    "nav": 14.79,
    "premium_pct": 0.07,
    "aum_billion": 1336.72,
    "is_benchmark": true
  },
  "00830": {
    "name": "國泰費城半導體",
    "close": 87.5,
    "open": 88.75,
    "high": 89.1,
    "low": 86.95,
    "volume": 19318705.0,
    "chg_amt": -3.0999999999999943,
    "chg_pct": -3.42,
    "nav": 88.43,
    "premium_pct": -1.05,
    "aum_billion": 574.98,
    "is_benchmark": true
  },
  "00878": {
    "name": "國泰永續高股息",
    "close": 30.0,
    "open": 30.55,
    "high": 30.79,
    "low": 29.84,
    "volume": 90876706.0,
    "chg_amt": -0.5500000000000007,
    "chg_pct": -1.8,
    "nav": 30.16,
    "premium_pct": -0.53,
    "aum_billion": 5762.37,
    "is_benchmark": true
  },
  "00919": {
    "name": "群益台灣精選高息",
    "close": 28.41,
    "open": 28.94,
    "high": 29.16,
    "low": 28.34,
    "volume": 202442709.0,
    "chg_amt": -0.4400000000000013,
    "chg_pct": -1.53,
    "nav": 28.58,
    "premium_pct": -0.59,
    "aum_billion": 5030.94,
    "is_benchmark": true
  }
}