{
  "00981A": {
    "name": "統一台股增長",
    "close": 27.23,
    "open": 27.49,
    "high": 27.72,
    "low": 27.1,
    "volume": 252539143.0,
    "chg_amt": -0.259999999999998,
    "chg_pct": -0.95,
    "nav": 27.26,
    "premium_pct": -0.11,
    "aum_billion": 2499.21,
    "is_benchmark": false
  },
  "00982A": {
    "name": "群益台灣強棒",
    "close": 21.06,
    "open": 21.3,
    "high": 21.54,
    "low": 21.0,
    "volume": 42980434.0,
    "chg_amt": -0.19000000000000128,
    "chg_pct": -0.89,
    "nav": 21.04,
    "premium_pct": 0.1,
    "aum_billion": 498.47,
    "is_benchmark": false
  },
  "00991A": {
    "name": "復華未來50",
    "close": 16.93,
    "open": 17.05,
    "high": 17.23,
    "low": 16.88,
    "volume": 64046401.0,
    "chg_amt": -0.14999999999999858,
    "chg_pct": -0.88,
    "nav": 16.89,
    "premium_pct": 0.24,
    "aum_billion": 450.36,
    "is_benchmark": false
  },
  "00992A": {
    "name": "群益科技創新",
    "close": 16.68,
    "open": 16.81,
    "high": 16.97,
    "low": 16.6,
    "volume": 49620431.0,
    "chg_amt": -0.07000000000000028,
    "chg_pct": -0.42,
    "nav": 16.7,
    "premium_pct": -0.12,
    "aum_billion": 483.79,
    "is_benchmark": false
  },
  "00993A": {
    "name": "安聯台灣",
    "close": 12.09,
    "open": 12.21,
    "high": 12.33,
    "low": 12.07,
    "volume": 9586310.0,
    "chg_amt": -0.08000000000000007,
    "chg_pct": -0.66,
    "nav": 12.12,
    "premium_pct": -0.25,
    "aum_billion": 109.26,
    "is_benchmark": false
  },
  "00980A": {
    "name": "野村臺灣優選",
    "close": 21.4,
    "open": 21.65,
    "high": 21.85,
    "low": 21.35,
    "volume": 12281374.0,
    "chg_amt": -0.21000000000000085,
    "chg_pct": -0.97,
    "nav": 21.45,
    "premium_pct": -0.23,
    "aum_billion": 166.43,
    "is_benchmark": false
  },
  "00985A": {
    "name": "野村台灣50",
    "close": 20.15,
    "open": 20.25,
    "high": 20.36,
    "low": 20.08,
    "volume": 5386804.0,
    "chg_amt": -0.120000000000001,
    "chg_pct": -0.59,
    "nav": 20.21,
    "premium_pct": -0.3,
    "aum_billion": 105.72,
    "is_benchmark": false
  },
  "00995A": {
    "name": "中信台灣卓越",
    "close": 15.72,
    "open": 15.8,
    "high": 16.01,
    "low": 15.66,
    "volume": 5054199.0,
    "chg_amt": -0.06999999999999851,
    "chg_pct": -0.44,
    "nav": 15.79,
    "premium_pct": -0.44,
    "aum_billion": 51.85,
    "is_benchmark": false
  },
  "00984A": {
    "name": "安聯台灣高息",
    "close": 14.52,
    "open": 14.55,
    "high": 14.69,
    "low": 14.47,
    "volume": 5361305.0,
    "chg_amt": -0.009999999999999787,
    "chg_pct": -0.07,
    "nav": 14.53,
    "premium_pct": -0.07,
    "aum_billion": 65.76,
    "is_benchmark": false
  },
  "00987A": {
    "name": "台新優勢成長",
    "close": 15.93,
    "open": 15.99,
    "high": 16.25,
    "low": 15.8,
    "volume": 10945863.0,
    "chg_amt": -0.019999999999999574,
    "chg_pct": -0.13,
    "nav": 15.86,
    "premium_pct": 0.44,
    "aum_billion": 31.71,
    "is_benchmark": false
  },
  "00994A": {
    "name": "第一金台股優",
    "close": 16.19,
    "open": 16.28,
    "high": 16.45,
    "low": 16.12,
    "volume": 7484723.0,
    "chg_amt": -0.0799999999999983,
    "chg_pct": -0.49,
    "nav": 16.21,
    "premium_pct": -0.12,
    "aum_billion": 51.6,
    "is_benchmark": false
  },
  "00996A": {
    "name": "兆豐台灣豐收",
    "close": 13.26,
    "open": 13.27,
    "high": 13.42,
    "low": 13.15,
    "volume": 9756721.0,
    "chg_amt": 0.07000000000000028,
    "chg_pct": 0.53,
    "nav": 13.33,
    "premium_pct": -0.53,
    "aum_billion": 44.31,
    "is_benchmark": false
  },
  "00400A": {
    "name": "國泰動能高息",
    "close": 12.72,
    "open": 12.76,
    "high": 12.9,
    "low": 12.67,
    "volume": 35958875.0,
    "chg_amt": 0.02000000000000135,
    "chg_pct": 0.16,
    "nav": 12.75,
    "premium_pct": -0.24,
    "aum_billion": 196.42,
    "is_benchmark": false
  },
  "00401A": {
    "name": "摩根台灣鑫收",
    "close": 12.17,
    "open": 12.16,
    "high": 12.3,
    "low": 12.13,
    "volume": 11241244.0,
    "chg_amt": 0.019999999999999574,
    "chg_pct": 0.16,
    "nav": 12.23,
    "premium_pct": -0.49,
    "aum_billion": 32.21,
    "is_benchmark": false
  },
  "00999A": {
    "name": "主動野村臺灣高息",
    "close": 9.99,
    "open": 10.03,
    "high": 10.07,
    "low": 9.95,
    "volume": 54020710.0,
    "chg_amt": -0.03999999999999915,
    "chg_pct": -0.4,
    "nav": 9.95,
    "premium_pct": 0.4,
    "aum_billion": 162.75,
    "is_benchmark": false
  },
  "00988A": {
    "name": "主動統一全球創新",
    "close": 18.22,
    "open": 18.28,
    "high": 18.46,
    "low": 18.12,
    "volume": 60794829.0,
    "chg_amt": -0.060000000000002274,
    "chg_pct": -0.33,
    "nav": 18.19,
    "premium_pct": 0.16,
    "aum_billion": 369.71,
    "is_benchmark": false
  },
  "00403A": {
    "name": "主動統一升級50",
    "close": 9.66,
    "open": 9.73,
    "high": 9.77,
    "low": 9.64,
    "volume": 752612407.0,
    "chg_amt": -0.0600000000000005,
    "chg_pct": -0.62,
    "nav": 9.62,
    "premium_pct": 0.42,
    "aum_billion": 1723.3,
    "is_benchmark": false
  },
  "0050": {
    "name": "元大台灣50",
    "close": 92.5,
    "open": 93.0,
    "high": 93.5,
    "low": 92.45,
    "volume": 121650308.0,
    "chg_amt": -0.5999999999999943,
    "chg_pct": -0.64,
    "nav": 92.37,
    "premium_pct": 0.14,
    "aum_billion": 17453.62,
    "is_benchmark": true
  },
  "009816": {
    "name": "凱基台灣TOP50",
    "close": 13.34,
    "open": 13.41,
    "high": 13.5,
    "low": 13.3,
    "volume": 132006400.0,
    "chg_amt": -0.07000000000000028,
    "chg_pct": -0.52,
    "nav": 13.3,
    "premium_pct": 0.3,
    "aum_billion": 1146.45,
    "is_benchmark": true
  },
  "00830": {
    "name": "國泰費城半導體",
    "close": 79.35,
    "open": 79.3,
    "high": 79.8,
    "low": 79.2,
    "volume": 8795154.0,
    "chg_amt": 1.0,
    "chg_pct": 1.28,
    "nav": 79.42,
    "premium_pct": -0.09,
    "aum_billion": 523.16,
    "is_benchmark": true
  },
  "00878": {
    "name": "國泰永續高股息",
    "close": 26.93,
    "open": 27.04,
    "high": 27.19,
    "low": 26.9,
    "volume": 50349599.0,
    "chg_amt": -0.07000000000000028,
    "chg_pct": -0.26,
    "nav": 26.96,
    "premium_pct": -0.11,
    "aum_billion": 5103.23,
    "is_benchmark": true
  },
  "00919": {
    "name": "群益台灣精選高息",
    "close": 25.98,
    "open": 25.91,
    "high": 26.15,
    "low": 25.85,
    "volume": 77261399.0,
    "chg_amt": 0.21999999999999886,
    "chg_pct": 0.85,
    "nav": 26.03,
    "premium_pct": -0.19,
    "aum_billion": 4579.45,
    "is_benchmark": true
  }
}