{
  "00981A": {
    "name": "統一台股增長",
    "close": 31.2,
    "open": 32.45,
    "high": 32.45,
    "low": 31.08,
    "volume": 245323341.0,
    "chg_amt": -1.0599999999999987,
    "chg_pct": -3.29,
    "nav": 31.12,
    "premium_pct": 0.26,
    "aum_billion": 2957.88,
    "is_benchmark": false
  },
  "00982A": {
    "name": "群益台灣強棒",
    "close": 25.28,
    "open": 25.77,
    "high": 25.86,
    "low": 25.01,
    "volume": 27102336.0,
    "chg_amt": -0.23000000000000043,
    "chg_pct": -0.9,
    "nav": 25.26,
    "premium_pct": 0.08,
    "aum_billion": 550.3,
    "is_benchmark": false
  },
  "00991A": {
    "name": "復華未來50",
    "close": 20.05,
    "open": 20.92,
    "high": 20.93,
    "low": 19.98,
    "volume": 196714655.0,
    "chg_amt": -0.6799999999999997,
    "chg_pct": -3.28,
    "nav": 20.75,
    "premium_pct": -3.37,
    "aum_billion": 738.37,
    "is_benchmark": false
  },
  "00992A": {
    "name": "群益科技創新",
    "close": 18.6,
    "open": 19.26,
    "high": 19.27,
    "low": 18.49,
    "volume": 54965378.0,
    "chg_amt": -0.5,
    "chg_pct": -2.62,
    "nav": 18.53,
    "premium_pct": 0.38,
    "aum_billion": 445.54,
    "is_benchmark": false
  },
  "00993A": {
    "name": "安聯台灣",
    "close": 14.0,
    "open": 14.5,
    "high": 14.53,
    "low": 13.95,
    "volume": 10805731.0,
    "chg_amt": -0.40000000000000036,
    "chg_pct": -2.78,
    "nav": 14.45,
    "premium_pct": -3.11,
    "aum_billion": 113.93,
    "is_benchmark": false
  },
  "00980A": {
    "name": "野村臺灣優選",
    "close": 24.55,
    "open": 25.33,
    "high": 25.38,
    "low": 24.4,
    "volume": 11112490.0,
    "chg_amt": -0.5599999999999987,
    "chg_pct": -2.23,
    "nav": 25.24,
    "premium_pct": -2.73,
    "aum_billion": 177.6,
    "is_benchmark": false
  },
  "00985A": {
    "name": "野村台灣50",
    "close": 22.3,
    "open": 22.68,
    "high": 22.7,
    "low": 22.11,
    "volume": 4910109.0,
    "chg_amt": -0.1999999999999993,
    "chg_pct": -0.89,
    "nav": 22.22,
    "premium_pct": 0.36,
    "aum_billion": 105.82,
    "is_benchmark": false
  },
  "00995A": {
    "name": "中信台灣卓越",
    "close": 18.1,
    "open": 18.82,
    "high": 18.82,
    "low": 17.96,
    "volume": 6495227.0,
    "chg_amt": -0.5799999999999983,
    "chg_pct": -3.1,
    "nav": 18.78,
    "premium_pct": -3.62,
    "aum_billion": 55.87,
    "is_benchmark": false
  },
  "00984A": {
    "name": "安聯台灣高息",
    "close": 16.76,
    "open": 17.05,
    "high": 17.05,
    "low": 16.67,
    "volume": 23133395.0,
    "chg_amt": -0.13999999999999702,
    "chg_pct": -0.83,
    "nav": 16.87,
    "premium_pct": -0.65,
    "aum_billion": 86.3,
    "is_benchmark": false
  },
  "00987A": {
    "name": "台新優勢成長",
    "close": 16.89,
    "open": 17.58,
    "high": 17.59,
    "low": 16.8,
    "volume": 4011886.0,
    "chg_amt": -0.5500000000000007,
    "chg_pct": -3.15,
    "nav": 17.54,
    "premium_pct": -3.71,
    "aum_billion": 29.84,
    "is_benchmark": false
  },
  "00994A": {
    "name": "第一金台股優",
    "close": 17.68,
    "open": 18.36,
    "high": 18.4,
    "low": 17.6,
    "volume": 7733112.0,
    "chg_amt": -0.5800000000000018,
    "chg_pct": -3.18,
    "nav": 18.38,
    "premium_pct": -3.81,
    "aum_billion": 54.43,
    "is_benchmark": false
  },
  "00996A": {
    "name": "兆豐台灣豐收",
    "close": 15.65,
    "open": 16.31,
    "high": 16.31,
    "low": 15.58,
    "volume": 12198065.0,
    "chg_amt": -0.5800000000000001,
    "chg_pct": -3.57,
    "nav": 16.27,
    "premium_pct": -3.81,
    "aum_billion": 52.13,
    "is_benchmark": false
  },
  "00400A": {
    "name": "國泰動能高息",
    "close": 15.0,
    "open": 15.47,
    "high": 15.5,
    "low": 14.91,
    "volume": 68129433.0,
    "chg_amt": -0.3000000000000007,
    "chg_pct": -1.96,
    "nav": 15.35,
    "premium_pct": -2.28,
    "aum_billion": 264.99,
    "is_benchmark": false
  },
  "00401A": {
    "name": "摩根台灣鑫收",
    "close": 13.72,
    "open": 13.87,
    "high": 14.05,
    "low": 13.66,
    "volume": 4718526.0,
    "chg_amt": -0.1399999999999988,
    "chg_pct": -1.01,
    "nav": 13.92,
    "premium_pct": -1.44,
    "aum_billion": 33.61,
    "is_benchmark": false
  },
  "00999A": {
    "name": "主動野村臺灣高息",
    "close": 11.03,
    "open": 11.28,
    "high": 11.29,
    "low": 11.0,
    "volume": 15173711.0,
    "chg_amt": -0.14000000000000057,
    "chg_pct": -1.25,
    "nav": 11.24,
    "premium_pct": -1.87,
    "aum_billion": 139.54,
    "is_benchmark": false
  },
  "00988A": {
    "name": "主動統一全球創新",
    "close": 20.83,
    "open": 21.46,
    "high": 21.46,
    "low": 20.73,
    "volume": 87407326.0,
    "chg_amt": -0.5,
    "chg_pct": -2.34,
    "nav": 21.02,
    "premium_pct": -0.9,
    "aum_billion": 593.85,
    "is_benchmark": false
  },
  "00403A": {
    "name": "主動統一升級50",
    "close": 10.93,
    "open": 11.24,
    "high": 11.26,
    "low": 10.88,
    "volume": 238256447.0,
    "chg_amt": -0.21000000000000085,
    "chg_pct": -1.89,
    "nav": 10.9,
    "premium_pct": 0.28,
    "aum_billion": 1738.0,
    "is_benchmark": false
  },
  "00405A": {
    "name": "主動富邦台灣龍耀",
    "close": 9.15,
    "open": 9.51,
    "high": 9.54,
    "low": 9.11,
    "volume": 107022109.0,
    "chg_amt": -0.28999999999999915,
    "chg_pct": -3.07,
    "nav": 9.13,
    "premium_pct": 0.22,
    "aum_billion": 249.25,
    "is_benchmark": false
  },
  "0050": {
    "name": "元大台灣50",
    "close": 108.25,
    "open": 109.05,
    "high": 109.6,
    "low": 107.7,
    "volume": 75784190.0,
    "chg_amt": -0.09999999999999432,
    "chg_pct": -0.09,
    "nav": 108.27,
    "premium_pct": -0.02,
    "aum_billion": 22496.13,
    "is_benchmark": true
  },
  "00631L": {
    "name": "元大台灣50正2",
    "close": 38.75,
    "open": 39.4,
    "high": 39.76,
    "low": 38.38,
    "volume": 237352697.0,
    "chg_amt": -0.04999999999999716,
    "chg_pct": -0.13,
    "nav": 38.82,
    "premium_pct": -0.18,
    "aum_billion": 2540.46,
    "is_benchmark": true
  },
  "009816": {
    "name": "凱基台灣TOP50",
    "close": 15.65,
    "open": 15.87,
    "high": 15.92,
    "low": 15.58,
    "volume": 121556536.0,
    "chg_amt": -0.09999999999999964,
    "chg_pct": -0.63,
    "nav": 15.57,
    "premium_pct": 0.51,
    "aum_billion": 1646.56,
    "is_benchmark": true
  },
  "00830": {
    "name": "國泰費城半導體",
    "close": 92.4,
    "open": 92.85,
    "high": 92.85,
    "low": 91.5,
    "volume": 9857811.0,
    "chg_amt": -0.3999999999999915,
    "chg_pct": -0.43,
    "nav": 89.45,
    "premium_pct": 3.3,
    "aum_billion": 654.29,
    "is_benchmark": true
  },
  "00878": {
    "name": "國泰永續高股息",
    "close": 33.49,
    "open": 33.53,
    "high": 33.79,
    "low": 33.36,
    "volume": 34606525.0,
    "chg_amt": 0.1600000000000037,
    "chg_pct": 0.48,
    "nav": 33.43,
    "premium_pct": 0.18,
    "aum_billion": 6139.19,
    "is_benchmark": true
  },
  "00919": {
    "name": "群益台灣精選高息",
    "close": 29.76,
    "open": 29.72,
    "high": 30.02,
    "low": 29.68,
    "volume": 62844992.0,
    "chg_amt": 0.23000000000000043,
    "chg_pct": 0.78,
    "nav": 29.61,
    "premium_pct": 0.51,
    "aum_billion": 5351.76,
    "is_benchmark": true
  }
}