{
  "00981A": {
    "name": "統一台股增長",
    "close": 29.71,
    "open": 29.81,
    "high": 30.3,
    "low": 28.61,
    "volume": 436202963.0,
    "chg_amt": -0.17999999999999972,
    "chg_pct": -0.6,
    "nav": 29.72,
    "premium_pct": -0.03,
    "aum_billion": 2724.92,
    "is_benchmark": false
  },
  "00982A": {
    "name": "群益台灣強棒",
    "close": 22.53,
    "open": 22.65,
    "high": 22.93,
    "low": 21.71,
    "volume": 53973564.0,
    "chg_amt": 0.030000000000001137,
    "chg_pct": 0.13,
    "nav": 22.54,
    "premium_pct": -0.04,
    "aum_billion": 495.65,
    "is_benchmark": false
  },
  "00991A": {
    "name": "復華未來50",
    "close": 18.59,
    "open": 18.74,
    "high": 18.95,
    "low": 17.85,
    "volume": 106280619.0,
    "chg_amt": -0.03999999999999915,
    "chg_pct": -0.21,
    "nav": 18.59,
    "premium_pct": 0,
    "aum_billion": 565.36,
    "is_benchmark": false
  },
  "00992A": {
    "name": "群益科技創新",
    "close": 17.25,
    "open": 17.46,
    "high": 17.67,
    "low": 16.66,
    "volume": 69347851.0,
    "chg_amt": -0.21999999999999886,
    "chg_pct": -1.26,
    "nav": 17.47,
    "premium_pct": -1.26,
    "aum_billion": 448.49,
    "is_benchmark": false
  },
  "00993A": {
    "name": "安聯台灣",
    "close": 12.96,
    "open": 12.83,
    "high": 13.11,
    "low": 12.46,
    "volume": 12024769.0,
    "chg_amt": 0.02000000000000135,
    "chg_pct": 0.15,
    "nav": 13.01,
    "premium_pct": -0.38,
    "aum_billion": 107.32,
    "is_benchmark": false
  },
  "00980A": {
    "name": "野村臺灣優選",
    "close": 23.28,
    "open": 23.42,
    "high": 23.62,
    "low": 22.53,
    "volume": 15975728.0,
    "chg_amt": -0.14000000000000057,
    "chg_pct": -0.6,
    "nav": 23.36,
    "premium_pct": -0.34,
    "aum_billion": 171.45,
    "is_benchmark": false
  },
  "00985A": {
    "name": "野村台灣50",
    "close": 21.05,
    "open": 20.85,
    "high": 21.34,
    "low": 20.54,
    "volume": 7111591.0,
    "chg_amt": -0.14999999999999858,
    "chg_pct": -0.71,
    "nav": 21.17,
    "premium_pct": -0.57,
    "aum_billion": 105.97,
    "is_benchmark": false
  },
  "00995A": {
    "name": "中信台灣卓越",
    "close": 16.95,
    "open": 17.03,
    "high": 17.27,
    "low": 16.28,
    "volume": 9962346.0,
    "chg_amt": -0.08000000000000185,
    "chg_pct": -0.47,
    "nav": 17.0,
    "premium_pct": -0.29,
    "aum_billion": 54.73,
    "is_benchmark": false
  },
  "00984A": {
    "name": "安聯台灣高息",
    "close": 15.58,
    "open": 15.64,
    "high": 15.7,
    "low": 15.1,
    "volume": 9553805.0,
    "chg_amt": -0.0600000000000005,
    "chg_pct": -0.38,
    "nav": 15.58,
    "premium_pct": 0,
    "aum_billion": 72.43,
    "is_benchmark": false
  },
  "00987A": {
    "name": "台新優勢成長",
    "close": 16.14,
    "open": 16.35,
    "high": 16.64,
    "low": 15.55,
    "volume": 7784653.0,
    "chg_amt": -0.21999999999999886,
    "chg_pct": -1.34,
    "nav": 16.17,
    "premium_pct": -0.19,
    "aum_billion": 31.11,
    "is_benchmark": false
  },
  "00994A": {
    "name": "第一金台股優",
    "close": 17.13,
    "open": 17.22,
    "high": 17.44,
    "low": 16.54,
    "volume": 10221208.0,
    "chg_amt": -0.10999999999999943,
    "chg_pct": -0.64,
    "nav": 17.15,
    "premium_pct": -0.12,
    "aum_billion": 52.96,
    "is_benchmark": false
  },
  "00996A": {
    "name": "兆豐台灣豐收",
    "close": 14.37,
    "open": 14.37,
    "high": 14.59,
    "low": 13.75,
    "volume": 12022236.0,
    "chg_amt": 0.0,
    "chg_pct": 0.0,
    "nav": 14.42,
    "premium_pct": -0.35,
    "aum_billion": 46.98,
    "is_benchmark": false
  },
  "00400A": {
    "name": "國泰動能高息",
    "close": 13.86,
    "open": 13.98,
    "high": 14.13,
    "low": 13.44,
    "volume": 51445359.0,
    "chg_amt": -0.11000000000000121,
    "chg_pct": -0.79,
    "nav": 13.94,
    "premium_pct": -0.57,
    "aum_billion": 211.08,
    "is_benchmark": false
  },
  "00401A": {
    "name": "摩根台灣鑫收",
    "close": 13.26,
    "open": 13.1,
    "high": 13.36,
    "low": 12.87,
    "volume": 11615999.0,
    "chg_amt": 0.049999999999998934,
    "chg_pct": 0.38,
    "nav": 13.34,
    "premium_pct": -0.6,
    "aum_billion": 33.08,
    "is_benchmark": false
  },
  "00999A": {
    "name": "主動野村臺灣高息",
    "close": 10.89,
    "open": 10.93,
    "high": 11.04,
    "low": 10.63,
    "volume": 28683643.0,
    "chg_amt": -0.03999999999999915,
    "chg_pct": -0.37,
    "nav": 10.96,
    "premium_pct": -0.64,
    "aum_billion": 156.15,
    "is_benchmark": false
  },
  "00988A": {
    "name": "主動統一全球創新",
    "close": 19.85,
    "open": 19.5,
    "high": 19.99,
    "low": 19.32,
    "volume": 72035783.0,
    "chg_amt": 0.030000000000001137,
    "chg_pct": 0.15,
    "nav": 19.53,
    "premium_pct": 1.64,
    "aum_billion": 530.14,
    "is_benchmark": false
  },
  "00403A": {
    "name": "主動統一升級50",
    "close": 9.99,
    "open": 10.03,
    "high": 10.17,
    "low": 9.73,
    "volume": 769629485.0,
    "chg_amt": -0.049999999999998934,
    "chg_pct": -0.5,
    "nav": 10.03,
    "premium_pct": -0.4,
    "aum_billion": 1726.24,
    "is_benchmark": false
  },
  "00405A": {
    "name": "主動富邦台灣龍耀",
    "close": 8.91,
    "open": 9.07,
    "high": 9.18,
    "low": 8.65,
    "volume": 431651095.0,
    "chg_amt": -0.3100000000000005,
    "chg_pct": -3.36,
    "nav": 8.94,
    "premium_pct": -0.34,
    "aum_billion": 174.91,
    "is_benchmark": false
  },
  "0050": {
    "name": "元大台灣50",
    "close": 99.85,
    "open": 100.0,
    "high": 100.55,
    "low": 97.6,
    "volume": 299040372.0,
    "chg_amt": -0.4000000000000057,
    "chg_pct": -0.4,
    "nav": 99.64,
    "premium_pct": 0.21,
    "aum_billion": 20103.11,
    "is_benchmark": true
  },
  "00631L": {
    "name": "元大台灣50正2",
    "close": 33.23,
    "open": 33.26,
    "high": 33.73,
    "low": 31.84,
    "volume": 359116433.0,
    "chg_amt": -0.20000000000000284,
    "chg_pct": -0.6,
    "nav": 33.29,
    "premium_pct": -0.18,
    "aum_billion": 1901.95,
    "is_benchmark": true
  },
  "009816": {
    "name": "凱基台灣TOP50",
    "close": 14.53,
    "open": 14.59,
    "high": 14.71,
    "low": 14.18,
    "volume": 241731028.0,
    "chg_amt": -0.13000000000000078,
    "chg_pct": -0.89,
    "nav": 14.52,
    "premium_pct": 0.07,
    "aum_billion": 1388.48,
    "is_benchmark": true
  },
  "00830": {
    "name": "國泰費城半導體",
    "close": 87.1,
    "open": 85.9,
    "high": 87.4,
    "low": 85.85,
    "volume": 10566501.0,
    "chg_amt": 0.0,
    "chg_pct": 0.0,
    "nav": 85.8,
    "premium_pct": 1.52,
    "aum_billion": 604.86,
    "is_benchmark": true
  },
  "00878": {
    "name": "國泰永續高股息",
    "close": 31.6,
    "open": 31.53,
    "high": 31.72,
    "low": 31.05,
    "volume": 58883791.0,
    "chg_amt": 0.0,
    "chg_pct": 0.0,
    "nav": 31.82,
    "premium_pct": -0.69,
    "aum_billion": 5881.56,
    "is_benchmark": true
  },
  "00919": {
    "name": "群益台灣精選高息",
    "close": 30.19,
    "open": 30.23,
    "high": 30.33,
    "low": 29.81,
    "volume": 161021005.0,
    "chg_amt": -0.04999999999999716,
    "chg_pct": -0.17,
    "nav": 30.22,
    "premium_pct": -0.1,
    "aum_billion": 5372.97,
    "is_benchmark": true
  }
}