{
  "00981A": {
    "name": "統一台股增長",
    "close": 30.6,
    "open": 30.95,
    "high": 31.4,
    "low": 30.31,
    "volume": 279475644.0,
    "chg_amt": 0.8900000000000006,
    "chg_pct": 3.0,
    "nav": 30.41,
    "premium_pct": 0.62,
    "aum_billion": 2765.88,
    "is_benchmark": false
  },
  "00982A": {
    "name": "群益台灣強棒",
    "close": 23.35,
    "open": 23.66,
    "high": 23.72,
    "low": 23.25,
    "volume": 32174162.0,
    "chg_amt": 0.8200000000000003,
    "chg_pct": 3.64,
    "nav": 23.41,
    "premium_pct": -0.26,
    "aum_billion": 497.45,
    "is_benchmark": false
  },
  "00991A": {
    "name": "復華未來50",
    "close": 19.05,
    "open": 19.5,
    "high": 19.7,
    "low": 19.01,
    "volume": 86407035.0,
    "chg_amt": 0.46000000000000085,
    "chg_pct": 2.47,
    "nav": 18.59,
    "premium_pct": 2.47,
    "aum_billion": 576.92,
    "is_benchmark": false
  },
  "00992A": {
    "name": "群益科技創新",
    "close": 17.8,
    "open": 18.09,
    "high": 18.14,
    "low": 17.66,
    "volume": 51972126.0,
    "chg_amt": 0.5500000000000007,
    "chg_pct": 3.19,
    "nav": 17.31,
    "premium_pct": 2.83,
    "aum_billion": 444.4,
    "is_benchmark": false
  },
  "00993A": {
    "name": "安聯台灣",
    "close": 13.32,
    "open": 13.39,
    "high": 13.63,
    "low": 13.28,
    "volume": 8978575.0,
    "chg_amt": 0.35999999999999943,
    "chg_pct": 2.78,
    "nav": 13.37,
    "premium_pct": -0.37,
    "aum_billion": 108.09,
    "is_benchmark": false
  },
  "00980A": {
    "name": "野村臺灣優選",
    "close": 23.89,
    "open": 24.02,
    "high": 24.45,
    "low": 23.75,
    "volume": 9757674.0,
    "chg_amt": 0.6099999999999994,
    "chg_pct": 2.62,
    "nav": 23.36,
    "premium_pct": 2.27,
    "aum_billion": 170.79,
    "is_benchmark": false
  },
  "00985A": {
    "name": "野村台灣50",
    "close": 21.45,
    "open": 21.76,
    "high": 21.79,
    "low": 21.38,
    "volume": 3746916.0,
    "chg_amt": 0.3999999999999986,
    "chg_pct": 1.9,
    "nav": 21.17,
    "premium_pct": 1.32,
    "aum_billion": 105.48,
    "is_benchmark": false
  },
  "00995A": {
    "name": "中信台灣卓越",
    "close": 17.36,
    "open": 17.5,
    "high": 17.9,
    "low": 17.28,
    "volume": 4811175.0,
    "chg_amt": 0.41000000000000014,
    "chg_pct": 2.42,
    "nav": 17.43,
    "premium_pct": -0.4,
    "aum_billion": 54.58,
    "is_benchmark": false
  },
  "00984A": {
    "name": "安聯台灣高息",
    "close": 15.9,
    "open": 16.2,
    "high": 16.21,
    "low": 15.88,
    "volume": 5612225.0,
    "chg_amt": 0.3200000000000003,
    "chg_pct": 2.05,
    "nav": 15.87,
    "premium_pct": 0.19,
    "aum_billion": 73.18,
    "is_benchmark": false
  },
  "00987A": {
    "name": "台新優勢成長",
    "close": 16.6,
    "open": 16.98,
    "high": 16.98,
    "low": 16.45,
    "volume": 3716296.0,
    "chg_amt": 0.46000000000000085,
    "chg_pct": 2.85,
    "nav": 16.17,
    "premium_pct": 2.66,
    "aum_billion": 30.75,
    "is_benchmark": false
  },
  "00994A": {
    "name": "第一金台股優",
    "close": 17.49,
    "open": 17.87,
    "high": 17.91,
    "low": 17.44,
    "volume": 6186167.0,
    "chg_amt": 0.35999999999999943,
    "chg_pct": 2.1,
    "nav": 17.56,
    "premium_pct": -0.4,
    "aum_billion": 53.38,
    "is_benchmark": false
  },
  "00996A": {
    "name": "兆豐台灣豐收",
    "close": 14.81,
    "open": 15.04,
    "high": 15.08,
    "low": 14.69,
    "volume": 6565729.0,
    "chg_amt": 0.4400000000000013,
    "chg_pct": 3.06,
    "nav": 14.42,
    "premium_pct": 2.7,
    "aum_billion": 47.2,
    "is_benchmark": false
  },
  "00400A": {
    "name": "國泰動能高息",
    "close": 14.24,
    "open": 14.63,
    "high": 14.63,
    "low": 14.18,
    "volume": 31081438.0,
    "chg_amt": 0.3800000000000008,
    "chg_pct": 2.74,
    "nav": 13.94,
    "premium_pct": 2.15,
    "aum_billion": 210.45,
    "is_benchmark": false
  },
  "00401A": {
    "name": "摩根台灣鑫收",
    "close": 13.54,
    "open": 13.65,
    "high": 13.82,
    "low": 13.52,
    "volume": 5654257.0,
    "chg_amt": 0.27999999999999936,
    "chg_pct": 2.11,
    "nav": 13.55,
    "premium_pct": -0.07,
    "aum_billion": 34.33,
    "is_benchmark": false
  },
  "00999A": {
    "name": "主動野村臺灣高息",
    "close": 11.08,
    "open": 11.21,
    "high": 11.23,
    "low": 11.05,
    "volume": 24449917.0,
    "chg_amt": 0.1899999999999995,
    "chg_pct": 1.74,
    "nav": 10.96,
    "premium_pct": 1.09,
    "aum_billion": 155.91,
    "is_benchmark": false
  },
  "00988A": {
    "name": "主動統一全球創新",
    "close": 20.88,
    "open": 21.04,
    "high": 21.21,
    "low": 20.63,
    "volume": 71720901.0,
    "chg_amt": 1.0299999999999976,
    "chg_pct": 5.19,
    "nav": 20.39,
    "premium_pct": 2.4,
    "aum_billion": 502.21,
    "is_benchmark": false
  },
  "00403A": {
    "name": "主動統一升級50",
    "close": 10.25,
    "open": 10.3,
    "high": 10.5,
    "low": 10.2,
    "volume": 489197551.0,
    "chg_amt": 0.2599999999999998,
    "chg_pct": 2.6,
    "nav": 10.03,
    "premium_pct": 2.19,
    "aum_billion": 1765.03,
    "is_benchmark": false
  },
  "00405A": {
    "name": "主動富邦台灣龍耀",
    "close": 9.15,
    "open": 9.35,
    "high": 9.35,
    "low": 9.09,
    "volume": 147795482.0,
    "chg_amt": 0.2400000000000002,
    "chg_pct": 2.69,
    "nav": 9.17,
    "premium_pct": -0.22,
    "aum_billion": 219.78,
    "is_benchmark": false
  },
  "0050": {
    "name": "元大台灣50",
    "close": 101.95,
    "open": 103.25,
    "high": 103.75,
    "low": 101.55,
    "volume": 76563613.0,
    "chg_amt": 2.1000000000000085,
    "chg_pct": 2.1,
    "nav": 99.64,
    "premium_pct": 2.32,
    "aum_billion": 20311.49,
    "is_benchmark": true
  },
  "00631L": {
    "name": "元大台灣50正2",
    "close": 34.83,
    "open": 35.5,
    "high": 35.76,
    "low": 34.58,
    "volume": 250734690.0,
    "chg_amt": 1.6000000000000014,
    "chg_pct": 4.81,
    "nav": 33.29,
    "premium_pct": 4.63,
    "aum_billion": 1935.22,
    "is_benchmark": true
  },
  "009816": {
    "name": "凱基台灣TOP50",
    "close": 14.9,
    "open": 15.1,
    "high": 15.19,
    "low": 14.84,
    "volume": 116552918.0,
    "chg_amt": 0.370000000000001,
    "chg_pct": 2.55,
    "nav": 14.52,
    "premium_pct": 2.62,
    "aum_billion": 1403.82,
    "is_benchmark": true
  },
  "00830": {
    "name": "國泰費城半導體",
    "close": 92.85,
    "open": 92.75,
    "high": 92.85,
    "low": 91.9,
    "volume": 14362579.0,
    "chg_amt": 5.75,
    "chg_pct": 6.6,
    "nav": 92.52,
    "premium_pct": 0.36,
    "aum_billion": 589.4,
    "is_benchmark": true
  },
  "00878": {
    "name": "國泰永續高股息",
    "close": 32.05,
    "open": 32.42,
    "high": 32.46,
    "low": 32.05,
    "volume": 52341624.0,
    "chg_amt": 0.44999999999999574,
    "chg_pct": 1.42,
    "nav": 32.21,
    "premium_pct": -0.5,
    "aum_billion": 5885.4,
    "is_benchmark": true
  },
  "00919": {
    "name": "群益台灣精選高息",
    "close": 30.19,
    "open": 30.91,
    "high": 30.96,
    "low": 30.16,
    "volume": 177627925.0,
    "chg_amt": 0.0,
    "chg_pct": 0.0,
    "nav": 30.22,
    "premium_pct": -0.1,
    "aum_billion": 5377.45,
    "is_benchmark": true
  }
}