{
  "00981A": {
    "name": "統一台股增長",
    "close": 29.63,
    "open": 29.19,
    "high": 29.64,
    "low": 28.86,
    "volume": 458451133.0,
    "chg_amt": 1.3499999999999979,
    "chg_pct": 4.77,
    "nav": 29.52,
    "premium_pct": 0.37,
    "aum_billion": 2389.45,
    "is_benchmark": false
  },
  "00982A": {
    "name": "群益台灣強棒",
    "close": 22.05,
    "open": 21.59,
    "high": 22.05,
    "low": 21.42,
    "volume": 38012297.0,
    "chg_amt": 0.990000000000002,
    "chg_pct": 4.7,
    "nav": 22.0,
    "premium_pct": 0.23,
    "aum_billion": 389.94,
    "is_benchmark": false
  },
  "00991A": {
    "name": "復華未來50",
    "close": 17.53,
    "open": 17.2,
    "high": 17.53,
    "low": 17.0,
    "volume": 93279901.0,
    "chg_amt": 0.7300000000000004,
    "chg_pct": 4.35,
    "nav": 17.49,
    "premium_pct": 0.23,
    "aum_billion": 377.88,
    "is_benchmark": false
  },
  "00992A": {
    "name": "群益科技創新",
    "close": 18.05,
    "open": 17.89,
    "high": 18.05,
    "low": 17.59,
    "volume": 110465813.0,
    "chg_amt": 0.6700000000000017,
    "chg_pct": 3.86,
    "nav": 18.05,
    "premium_pct": 0,
    "aum_billion": 497.51,
    "is_benchmark": false
  },
  "00993A": {
    "name": "安聯台灣",
    "close": 13.14,
    "open": 12.96,
    "high": 13.14,
    "low": 12.9,
    "volume": 24411359.0,
    "chg_amt": 0.370000000000001,
    "chg_pct": 2.9,
    "nav": 13.15,
    "premium_pct": -0.08,
    "aum_billion": 121.22,
    "is_benchmark": false
  },
  "00980A": {
    "name": "野村臺灣優選",
    "close": 22.74,
    "open": 22.34,
    "high": 22.75,
    "low": 22.13,
    "volume": 18026995.0,
    "chg_amt": 0.9399999999999977,
    "chg_pct": 4.31,
    "nav": 22.7,
    "premium_pct": 0.18,
    "aum_billion": 144.74,
    "is_benchmark": false
  },
  "00985A": {
    "name": "野村台灣50",
    "close": 20.74,
    "open": 20.35,
    "high": 20.8,
    "low": 20.22,
    "volume": 12177403.0,
    "chg_amt": 0.8199999999999967,
    "chg_pct": 4.12,
    "nav": 20.75,
    "premium_pct": -0.05,
    "aum_billion": 103.02,
    "is_benchmark": false
  },
  "00995A": {
    "name": "中信台灣卓越",
    "close": 16.92,
    "open": 16.5,
    "high": 16.92,
    "low": 16.43,
    "volume": 13492087.0,
    "chg_amt": 0.8100000000000023,
    "chg_pct": 5.03,
    "nav": 16.86,
    "premium_pct": 0.36,
    "aum_billion": 51.62,
    "is_benchmark": false
  },
  "00984A": {
    "name": "安聯台灣高息",
    "close": 14.51,
    "open": 14.4,
    "high": 14.51,
    "low": 14.36,
    "volume": 9486476.0,
    "chg_amt": 0.33999999999999986,
    "chg_pct": 2.4,
    "nav": 14.53,
    "premium_pct": -0.14,
    "aum_billion": 100.0,
    "is_benchmark": false
  },
  "00987A": {
    "name": "台新優勢成長",
    "close": 17.34,
    "open": 17.08,
    "high": 17.4,
    "low": 16.81,
    "volume": 11526948.0,
    "chg_amt": 0.879999999999999,
    "chg_pct": 5.35,
    "nav": 17.27,
    "premium_pct": 0.41,
    "aum_billion": 29.53,
    "is_benchmark": false
  },
  "00994A": {
    "name": "第一金台股優",
    "close": 17.69,
    "open": 17.43,
    "high": 17.69,
    "low": 17.21,
    "volume": 20491475.0,
    "chg_amt": 0.870000000000001,
    "chg_pct": 5.17,
    "nav": 17.55,
    "premium_pct": 0.8,
    "aum_billion": 42.32,
    "is_benchmark": false
  },
  "00996A": {
    "name": "兆豐台灣豐收",
    "close": 13.61,
    "open": 13.65,
    "high": 13.66,
    "low": 13.4,
    "volume": 24017833.0,
    "chg_amt": 0.3899999999999988,
    "chg_pct": 2.95,
    "nav": 13.6,
    "premium_pct": 0.07,
    "aum_billion": 39.83,
    "is_benchmark": false
  },
  "00400A": {
    "name": "國泰動能高息",
    "close": 13.57,
    "open": 13.2,
    "high": 13.57,
    "low": 13.18,
    "volume": 75829963.0,
    "chg_amt": 0.6500000000000004,
    "chg_pct": 5.03,
    "nav": 13.52,
    "premium_pct": 0.37,
    "aum_billion": 187.74,
    "is_benchmark": false
  },
  "00401A": {
    "name": "摩根台灣鑫收",
    "close": 12.48,
    "open": 12.3,
    "high": 12.48,
    "low": 12.24,
    "volume": 24539160.0,
    "chg_amt": 0.45000000000000107,
    "chg_pct": 3.74,
    "nav": 12.4,
    "premium_pct": 0.65,
    "aum_billion": 32.85,
    "is_benchmark": false
  },
  "0050": {
    "name": "元大台灣50",
    "close": 94.6,
    "open": 92.5,
    "high": 94.65,
    "low": 92.4,
    "volume": 125270935.0,
    "chg_amt": 4.099999999999994,
    "chg_pct": 4.53,
    "nav": 94.55,
    "premium_pct": 0.05,
    "aum_billion": 16567.95,
    "is_benchmark": true
  },
  "009816": {
    "name": "凱基台灣TOP50",
    "close": 13.6,
    "open": 13.32,
    "high": 13.6,
    "low": 13.32,
    "volume": 191030806.0,
    "chg_amt": 0.5499999999999989,
    "chg_pct": 4.21,
    "nav": 13.57,
    "premium_pct": 0.22,
    "aum_billion": 100.0,
    "is_benchmark": true
  }
}