{
  "00981A": {
    "name": "統一台股增長",
    "close": 29.46,
    "open": 29.74,
    "high": 29.84,
    "low": 29.29,
    "volume": 589821782.0,
    "chg_amt": -0.16999999999999815,
    "chg_pct": -0.57,
    "nav": 29.52,
    "premium_pct": -0.2,
    "aum_billion": 2541.12,
    "is_benchmark": false
  },
  "00982A": {
    "name": "群益台灣強棒",
    "close": 22.16,
    "open": 22.17,
    "high": 22.29,
    "low": 21.96,
    "volume": 119504223.0,
    "chg_amt": 0.10999999999999943,
    "chg_pct": 0.5,
    "nav": 22.0,
    "premium_pct": 0.73,
    "aum_billion": 408.42,
    "is_benchmark": false
  },
  "00991A": {
    "name": "復華未來50",
    "close": 17.55,
    "open": 17.54,
    "high": 17.6,
    "low": 17.35,
    "volume": 82400289.0,
    "chg_amt": 0.019999999999999574,
    "chg_pct": 0.11,
    "nav": 17.49,
    "premium_pct": 0.34,
    "aum_billion": 400.97,
    "is_benchmark": false
  },
  "00992A": {
    "name": "群益科技創新",
    "close": 18.02,
    "open": 18.04,
    "high": 18.06,
    "low": 17.76,
    "volume": 120770111.0,
    "chg_amt": -0.030000000000001137,
    "chg_pct": -0.17,
    "nav": 18.05,
    "premium_pct": -0.17,
    "aum_billion": 517.73,
    "is_benchmark": false
  },
  "00993A": {
    "name": "安聯台灣",
    "close": 13.18,
    "open": 13.14,
    "high": 13.18,
    "low": 12.98,
    "volume": 13653142.0,
    "chg_amt": 0.03999999999999915,
    "chg_pct": 0.3,
    "nav": 13.15,
    "premium_pct": 0.23,
    "aum_billion": 123.83,
    "is_benchmark": false
  },
  "00980A": {
    "name": "野村臺灣優選",
    "close": 22.85,
    "open": 22.83,
    "high": 22.88,
    "low": 22.62,
    "volume": 42936386.0,
    "chg_amt": 0.11000000000000298,
    "chg_pct": 0.48,
    "nav": 22.7,
    "premium_pct": 0.66,
    "aum_billion": 151.21,
    "is_benchmark": false
  },
  "00985A": {
    "name": "野村台灣50",
    "close": 20.75,
    "open": 20.74,
    "high": 20.81,
    "low": 20.55,
    "volume": 9736113.0,
    "chg_amt": 0.010000000000001563,
    "chg_pct": 0.05,
    "nav": 20.75,
    "premium_pct": 0,
    "aum_billion": 107.98,
    "is_benchmark": false
  },
  "00995A": {
    "name": "中信台灣卓越",
    "close": 16.92,
    "open": 16.94,
    "high": 17.01,
    "low": 16.71,
    "volume": 8856389.0,
    "chg_amt": 0.0,
    "chg_pct": 0.0,
    "nav": 16.86,
    "premium_pct": 0.36,
    "aum_billion": 54.45,
    "is_benchmark": false
  },
  "00984A": {
    "name": "安聯台灣高息",
    "close": 14.58,
    "open": 14.5,
    "high": 14.59,
    "low": 14.45,
    "volume": 6793034.0,
    "chg_amt": 0.07000000000000028,
    "chg_pct": 0.48,
    "nav": 14.53,
    "premium_pct": 0.34,
    "aum_billion": 100.0,
    "is_benchmark": false
  },
  "00987A": {
    "name": "台新優勢成長",
    "close": 17.35,
    "open": 17.4,
    "high": 17.52,
    "low": 17.18,
    "volume": 11858921.0,
    "chg_amt": 0.010000000000001563,
    "chg_pct": 0.06,
    "nav": 17.27,
    "premium_pct": 0.46,
    "aum_billion": 32.49,
    "is_benchmark": false
  },
  "00994A": {
    "name": "第一金台股優",
    "close": 17.58,
    "open": 17.63,
    "high": 17.69,
    "low": 17.38,
    "volume": 32987225.0,
    "chg_amt": -0.11000000000000298,
    "chg_pct": -0.62,
    "nav": 17.55,
    "premium_pct": 0.17,
    "aum_billion": 46.45,
    "is_benchmark": false
  },
  "00996A": {
    "name": "兆豐台灣豐收",
    "close": 13.79,
    "open": 13.65,
    "high": 13.79,
    "low": 13.54,
    "volume": 13241365.0,
    "chg_amt": 0.17999999999999972,
    "chg_pct": 1.32,
    "nav": 13.6,
    "premium_pct": 1.4,
    "aum_billion": 44.6,
    "is_benchmark": false
  },
  "00400A": {
    "name": "國泰動能高息",
    "close": 13.59,
    "open": 13.61,
    "high": 13.64,
    "low": 13.45,
    "volume": 71724678.0,
    "chg_amt": 0.019999999999999574,
    "chg_pct": 0.15,
    "nav": 13.52,
    "premium_pct": 0.52,
    "aum_billion": 196.67,
    "is_benchmark": false
  },
  "00401A": {
    "name": "摩根台灣鑫收",
    "close": 12.53,
    "open": 12.48,
    "high": 12.54,
    "low": 12.44,
    "volume": 20948533.0,
    "chg_amt": 0.049999999999998934,
    "chg_pct": 0.4,
    "nav": 12.4,
    "premium_pct": 1.05,
    "aum_billion": 34.47,
    "is_benchmark": false
  },
  "0050": {
    "name": "元大台灣50",
    "close": 94.6,
    "open": 94.4,
    "high": 94.75,
    "low": 94.0,
    "volume": 82851869.0,
    "chg_amt": 0.0,
    "chg_pct": 0.0,
    "nav": 94.55,
    "premium_pct": 0.05,
    "aum_billion": 17486.85,
    "is_benchmark": true
  },
  "009816": {
    "name": "凱基台灣TOP50",
    "close": 13.68,
    "open": 13.6,
    "high": 13.7,
    "low": 13.57,
    "volume": 129611410.0,
    "chg_amt": 0.08000000000000007,
    "chg_pct": 0.59,
    "nav": 13.57,
    "premium_pct": 0.81,
    "aum_billion": 100.0,
    "is_benchmark": true
  }
}