{
  "00981A": {
    "name": "統一台股增長",
    "close": 29.44,
    "open": 29.83,
    "high": 30.03,
    "low": 29.35,
    "volume": 263152663.0,
    "chg_amt": 0.16000000000000014,
    "chg_pct": 0.55,
    "nav": 29.31,
    "premium_pct": 0.44,
    "aum_billion": 2672.93,
    "is_benchmark": false
  },
  "00982A": {
    "name": "群益台灣強棒",
    "close": 23.15,
    "open": 23.5,
    "high": 23.58,
    "low": 23.13,
    "volume": 55653204.0,
    "chg_amt": 0.019999999999999574,
    "chg_pct": 0.09,
    "nav": 22.98,
    "premium_pct": 0.74,
    "aum_billion": 483.85,
    "is_benchmark": false
  },
  "00991A": {
    "name": "復華未來50",
    "close": 18.55,
    "open": 18.7,
    "high": 18.83,
    "low": 18.52,
    "volume": 100179280.0,
    "chg_amt": 0.4299999999999997,
    "chg_pct": 2.37,
    "nav": 18.07,
    "premium_pct": 2.66,
    "aum_billion": 439.69,
    "is_benchmark": false
  },
  "00992A": {
    "name": "群益科技創新",
    "close": 18.24,
    "open": 18.63,
    "high": 18.66,
    "low": 18.21,
    "volume": 61482725.0,
    "chg_amt": -0.010000000000001563,
    "chg_pct": -0.05,
    "nav": 18.29,
    "premium_pct": -0.27,
    "aum_billion": 519.69,
    "is_benchmark": false
  },
  "00993A": {
    "name": "安聯台灣",
    "close": 13.22,
    "open": 13.38,
    "high": 13.45,
    "low": 13.18,
    "volume": 14040795.0,
    "chg_amt": 0.21000000000000085,
    "chg_pct": 1.61,
    "nav": 13.1,
    "premium_pct": 0.92,
    "aum_billion": 117.83,
    "is_benchmark": false
  },
  "00980A": {
    "name": "野村臺灣優選",
    "close": 24.02,
    "open": 24.36,
    "high": 24.44,
    "low": 24.0,
    "volume": 12714744.0,
    "chg_amt": 0.129999999999999,
    "chg_pct": 0.54,
    "nav": 23.81,
    "premium_pct": 0.88,
    "aum_billion": 172.08,
    "is_benchmark": false
  },
  "00985A": {
    "name": "野村台灣50",
    "close": 21.41,
    "open": 21.65,
    "high": 21.74,
    "low": 21.34,
    "volume": 8275191.0,
    "chg_amt": 0.0,
    "chg_pct": 0.0,
    "nav": 21.29,
    "premium_pct": 0.56,
    "aum_billion": 110.64,
    "is_benchmark": false
  },
  "00995A": {
    "name": "中信台灣卓越",
    "close": 17.06,
    "open": 17.34,
    "high": 17.41,
    "low": 17.06,
    "volume": 5433356.0,
    "chg_amt": 0.029999999999997584,
    "chg_pct": 0.18,
    "nav": 17.0,
    "premium_pct": 0.35,
    "aum_billion": 55.59,
    "is_benchmark": false
  },
  "00984A": {
    "name": "安聯台灣高息",
    "close": 15.05,
    "open": 15.13,
    "high": 15.19,
    "low": 15.01,
    "volume": 7539543.0,
    "chg_amt": 0.05000000000000071,
    "chg_pct": 0.33,
    "nav": 14.94,
    "premium_pct": 0.74,
    "aum_billion": 68.2,
    "is_benchmark": false
  },
  "00987A": {
    "name": "台新優勢成長",
    "close": 17.24,
    "open": 17.74,
    "high": 17.79,
    "low": 17.21,
    "volume": 9738830.0,
    "chg_amt": -0.1700000000000017,
    "chg_pct": -0.98,
    "nav": 17.32,
    "premium_pct": -0.46,
    "aum_billion": 35.13,
    "is_benchmark": false
  },
  "00994A": {
    "name": "第一金台股優",
    "close": 17.7,
    "open": 17.99,
    "high": 18.1,
    "low": 17.66,
    "volume": 11025714.0,
    "chg_amt": -0.010000000000001563,
    "chg_pct": -0.06,
    "nav": 17.67,
    "premium_pct": 0.17,
    "aum_billion": 57.3,
    "is_benchmark": false
  },
  "00996A": {
    "name": "兆豐台灣豐收",
    "close": 14.15,
    "open": 14.36,
    "high": 14.43,
    "low": 14.13,
    "volume": 10029440.0,
    "chg_amt": 0.08999999999999986,
    "chg_pct": 0.64,
    "nav": 14.12,
    "premium_pct": 0.21,
    "aum_billion": 47.64,
    "is_benchmark": false
  },
  "00400A": {
    "name": "國泰動能高息",
    "close": 13.79,
    "open": 14.15,
    "high": 14.2,
    "low": 13.78,
    "volume": 51563286.0,
    "chg_amt": -0.16000000000000014,
    "chg_pct": -1.15,
    "nav": 13.9,
    "premium_pct": -0.79,
    "aum_billion": 214.61,
    "is_benchmark": false
  },
  "00401A": {
    "name": "摩根台灣鑫收",
    "close": 12.78,
    "open": 12.97,
    "high": 13.01,
    "low": 12.78,
    "volume": 7921606.0,
    "chg_amt": -0.030000000000001137,
    "chg_pct": -0.23,
    "nav": 12.8,
    "premium_pct": -0.16,
    "aum_billion": 35.0,
    "is_benchmark": false
  },
  "00999A": {
    "name": "主動野村臺灣高息",
    "close": 10.55,
    "open": 10.7,
    "high": 10.76,
    "low": 10.53,
    "volume": 68175502.0,
    "chg_amt": -0.02999999999999936,
    "chg_pct": -0.28,
    "nav": 10.54,
    "premium_pct": 0.09,
    "aum_billion": 169.78,
    "is_benchmark": false
  },
  "00988A": {
    "name": "主動統一全球創新",
    "close": 20.03,
    "open": 20.2,
    "high": 20.38,
    "low": 20.01,
    "volume": 76185849.0,
    "chg_amt": 0.10999999999999943,
    "chg_pct": 0.55,
    "nav": 19.7,
    "premium_pct": 1.68,
    "aum_billion": 332.52,
    "is_benchmark": false
  },
  "00403A": {
    "name": "主動統一升級50",
    "close": 10.24,
    "open": 10.33,
    "high": 10.38,
    "low": 10.21,
    "volume": 847276873.0,
    "chg_amt": 0.0600000000000005,
    "chg_pct": 0.59,
    "nav": 10.21,
    "premium_pct": 0.29,
    "aum_billion": 1435.2,
    "is_benchmark": false
  },
  "0050": {
    "name": "元大台灣50",
    "close": 96.05,
    "open": 96.9,
    "high": 97.2,
    "low": 95.75,
    "volume": 57229209.0,
    "chg_amt": 0.5499999999999972,
    "chg_pct": 0.58,
    "nav": 95.33,
    "premium_pct": 0.76,
    "aum_billion": 17728.61,
    "is_benchmark": true
  },
  "009816": {
    "name": "凱基台灣TOP50",
    "close": 13.9,
    "open": 14.08,
    "high": 14.15,
    "low": 13.86,
    "volume": 158666957.0,
    "chg_amt": 0.0,
    "chg_pct": 0.0,
    "nav": 13.84,
    "premium_pct": 0.43,
    "aum_billion": 1181.83,
    "is_benchmark": true
  },
  "00830": {
    "name": "國泰費城半導體",
    "close": 84.3,
    "open": 84.9,
    "high": 84.95,
    "low": 84.0,
    "volume": 6910233.0,
    "chg_amt": 0.8499999999999943,
    "chg_pct": 1.02,
    "nav": 84.08,
    "premium_pct": 0.26,
    "aum_billion": 539.87,
    "is_benchmark": true
  },
  "00878": {
    "name": "國泰永續高股息",
    "close": 28.12,
    "open": 28.17,
    "high": 28.3,
    "low": 28.0,
    "volume": 63890596.0,
    "chg_amt": 0.1700000000000017,
    "chg_pct": 0.61,
    "nav": 28.0,
    "premium_pct": 0.43,
    "aum_billion": 5314.25,
    "is_benchmark": true
  },
  "00919": {
    "name": "群益台灣精選高息",
    "close": 25.89,
    "open": 25.68,
    "high": 25.94,
    "low": 25.62,
    "volume": 145097415.0,
    "chg_amt": 0.33999999999999986,
    "chg_pct": 1.33,
    "nav": 25.99,
    "premium_pct": -0.38,
    "aum_billion": 4610.05,
    "is_benchmark": true
  }
}