{
  "00981A": {
    "name": "統一台股增長",
    "close": 28.69,
    "open": 28.75,
    "high": 29.12,
    "low": 28.46,
    "volume": 163029272.0,
    "chg_amt": 0.19000000000000128,
    "chg_pct": 0.67,
    "nav": 28.62,
    "premium_pct": 0.24,
    "aum_billion": 2782.6,
    "is_benchmark": false
  },
  "00982A": {
    "name": "群益台灣強棒",
    "close": 22.81,
    "open": 23.03,
    "high": 23.12,
    "low": 22.6,
    "volume": 18939860.0,
    "chg_amt": -0.030000000000001137,
    "chg_pct": -0.13,
    "nav": 22.88,
    "premium_pct": -0.31,
    "aum_billion": 504.29,
    "is_benchmark": false
  },
  "00991A": {
    "name": "復華未來50",
    "close": 17.2,
    "open": 17.5,
    "high": 17.6,
    "low": 17.11,
    "volume": 82853600.0,
    "chg_amt": -0.14000000000000057,
    "chg_pct": -0.81,
    "nav": 17.36,
    "premium_pct": -0.92,
    "aum_billion": 779.27,
    "is_benchmark": false
  },
  "00992A": {
    "name": "群益科技創新",
    "close": 16.36,
    "open": 16.44,
    "high": 16.58,
    "low": 16.22,
    "volume": 27551136.0,
    "chg_amt": 0.14000000000000057,
    "chg_pct": 0.86,
    "nav": 16.25,
    "premium_pct": 0.68,
    "aum_billion": 393.16,
    "is_benchmark": false
  },
  "00993A": {
    "name": "安聯台灣",
    "close": 12.8,
    "open": 12.94,
    "high": 12.99,
    "low": 12.66,
    "volume": 3113412.0,
    "chg_amt": -0.019999999999999574,
    "chg_pct": -0.16,
    "nav": 12.84,
    "premium_pct": -0.31,
    "aum_billion": 100.74,
    "is_benchmark": false
  },
  "00980A": {
    "name": "野村臺灣優選",
    "close": 23.05,
    "open": 23.14,
    "high": 23.35,
    "low": 22.88,
    "volume": 5200822.0,
    "chg_amt": 0.05000000000000071,
    "chg_pct": 0.22,
    "nav": 22.98,
    "premium_pct": 0.3,
    "aum_billion": 162.72,
    "is_benchmark": false
  },
  "00985A": {
    "name": "野村台灣50",
    "close": 21.29,
    "open": 21.4,
    "high": 21.54,
    "low": 21.16,
    "volume": 2174011.0,
    "chg_amt": -0.019999999999999574,
    "chg_pct": -0.09,
    "nav": 21.41,
    "premium_pct": -0.56,
    "aum_billion": 100.28,
    "is_benchmark": false
  },
  "00995A": {
    "name": "中信台灣卓越",
    "close": 16.66,
    "open": 16.91,
    "high": 16.91,
    "low": 16.53,
    "volume": 2614146.0,
    "chg_amt": 0.08000000000000185,
    "chg_pct": 0.48,
    "nav": 16.67,
    "premium_pct": -0.06,
    "aum_billion": 49.85,
    "is_benchmark": false
  },
  "00984A": {
    "name": "安聯台灣高息",
    "close": 15.11,
    "open": 15.34,
    "high": 15.38,
    "low": 14.99,
    "volume": 6195132.0,
    "chg_amt": -0.11000000000000121,
    "chg_pct": -0.72,
    "nav": 15.25,
    "premium_pct": -0.92,
    "aum_billion": 97.57,
    "is_benchmark": false
  },
  "00987A": {
    "name": "台新優勢成長",
    "close": 14.93,
    "open": 14.96,
    "high": 15.11,
    "low": 14.8,
    "volume": 1335614.0,
    "chg_amt": 0.14000000000000057,
    "chg_pct": 0.95,
    "nav": 14.86,
    "premium_pct": 0.47,
    "aum_billion": 25.74,
    "is_benchmark": false
  },
  "00994A": {
    "name": "第一金台股優",
    "close": 16.32,
    "open": 16.44,
    "high": 16.51,
    "low": 16.11,
    "volume": 1659670.0,
    "chg_amt": 0.05999999999999872,
    "chg_pct": 0.37,
    "nav": 16.33,
    "premium_pct": -0.06,
    "aum_billion": 49.75,
    "is_benchmark": false
  },
  "00996A": {
    "name": "兆豐台灣豐收",
    "close": 13.85,
    "open": 14.17,
    "high": 14.2,
    "low": 13.7,
    "volume": 5755517.0,
    "chg_amt": -0.22000000000000064,
    "chg_pct": -1.56,
    "nav": 14.09,
    "premium_pct": -1.7,
    "aum_billion": 45.0,
    "is_benchmark": false
  },
  "00400A": {
    "name": "國泰動能高息",
    "close": 13.93,
    "open": 14.05,
    "high": 14.11,
    "low": 13.85,
    "volume": 31018009.0,
    "chg_amt": 0.049999999999998934,
    "chg_pct": 0.36,
    "nav": 13.92,
    "premium_pct": 0.07,
    "aum_billion": 269.09,
    "is_benchmark": false
  },
  "00401A": {
    "name": "摩根台灣鑫收",
    "close": 13.2,
    "open": 13.24,
    "high": 13.4,
    "low": 13.14,
    "volume": 8808681.0,
    "chg_amt": 0.0,
    "chg_pct": 0.0,
    "nav": 13.24,
    "premium_pct": -0.3,
    "aum_billion": 30.5,
    "is_benchmark": false
  },
  "00999A": {
    "name": "主動野村臺灣高息",
    "close": 10.55,
    "open": 10.59,
    "high": 10.63,
    "low": 10.48,
    "volume": 10933110.0,
    "chg_amt": 0.0,
    "chg_pct": 0.0,
    "nav": 10.54,
    "premium_pct": 0.09,
    "aum_billion": 126.15,
    "is_benchmark": false
  },
  "00988A": {
    "name": "主動統一全球創新",
    "close": 17.86,
    "open": 18.05,
    "high": 18.09,
    "low": 17.65,
    "volume": 37636229.0,
    "chg_amt": 0.23000000000000043,
    "chg_pct": 1.3,
    "nav": 17.72,
    "premium_pct": 0.79,
    "aum_billion": 587.7,
    "is_benchmark": false
  },
  "00403A": {
    "name": "主動統一升級50",
    "close": 9.97,
    "open": 10.06,
    "high": 10.12,
    "low": 9.9,
    "volume": 164301751.0,
    "chg_amt": -0.019999999999999574,
    "chg_pct": -0.2,
    "nav": 10.02,
    "premium_pct": -0.5,
    "aum_billion": 1688.93,
    "is_benchmark": false
  },
  "00405A": {
    "name": "主動富邦台灣龍耀",
    "close": 8.26,
    "open": 8.37,
    "high": 8.43,
    "low": 8.21,
    "volume": 55163190.0,
    "chg_amt": -0.040000000000000924,
    "chg_pct": -0.48,
    "nav": 8.29,
    "premium_pct": -0.36,
    "aum_billion": 273.59,
    "is_benchmark": false
  },
  "0050": {
    "name": "元大台灣50",
    "close": 103.9,
    "open": 104.25,
    "high": 104.8,
    "low": 102.9,
    "volume": 54786484.0,
    "chg_amt": 0.05000000000001137,
    "chg_pct": 0.05,
    "nav": 103.92,
    "premium_pct": -0.02,
    "aum_billion": 22451.75,
    "is_benchmark": true
  },
  "00631L": {
    "name": "元大台灣50正2",
    "close": 35.07,
    "open": 35.3,
    "high": 35.37,
    "low": 34.38,
    "volume": 146154621.0,
    "chg_amt": 0.2700000000000031,
    "chg_pct": 0.78,
    "nav": 34.78,
    "premium_pct": 0.83,
    "aum_billion": 2580.63,
    "is_benchmark": true
  },
  "009816": {
    "name": "凱基台灣TOP50",
    "close": 15.08,
    "open": 15.17,
    "high": 15.2,
    "low": 14.94,
    "volume": 78173370.0,
    "chg_amt": 0.040000000000000924,
    "chg_pct": 0.27,
    "nav": 15.07,
    "premium_pct": 0.07,
    "aum_billion": 1718.2,
    "is_benchmark": true
  },
  "00830": {
    "name": "國泰費城半導體",
    "close": 89.1,
    "open": 89.5,
    "high": 90.05,
    "low": 88.1,
    "volume": 7262572.0,
    "chg_amt": 1.5499999999999972,
    "chg_pct": 1.77,
    "nav": 89.04,
    "premium_pct": 0.07,
    "aum_billion": 704.35,
    "is_benchmark": true
  },
  "00878": {
    "name": "國泰永續高股息",
    "close": 32.73,
    "open": 33.0,
    "high": 33.09,
    "low": 32.46,
    "volume": 17377538.0,
    "chg_amt": 0.00999999999999801,
    "chg_pct": 0.03,
    "nav": 32.83,
    "premium_pct": -0.3,
    "aum_billion": 6022.71,
    "is_benchmark": true
  },
  "00919": {
    "name": "群益台灣精選高息",
    "close": 29.5,
    "open": 29.66,
    "high": 29.85,
    "low": 29.29,
    "volume": 31754885.0,
    "chg_amt": 0.03999999999999915,
    "chg_pct": 0.14,
    "nav": 29.54,
    "premium_pct": -0.14,
    "aum_billion": 5365.34,
    "is_benchmark": true
  }
}