{
  "00981A": {
    "name": "統一台股增長",
    "close": 31.33,
    "open": 31.77,
    "high": 31.81,
    "low": 30.7,
    "volume": 315230319.0,
    "chg_amt": -0.370000000000001,
    "chg_pct": -1.17,
    "nav": 31.3,
    "premium_pct": 0.1,
    "aum_billion": 2899.86,
    "is_benchmark": false
  },
  "00982A": {
    "name": "群益台灣強棒",
    "close": 23.83,
    "open": 24.46,
    "high": 24.5,
    "low": 23.4,
    "volume": 63857967.0,
    "chg_amt": -0.5200000000000031,
    "chg_pct": -2.14,
    "nav": 23.87,
    "premium_pct": -0.17,
    "aum_billion": 551.16,
    "is_benchmark": false
  },
  "00991A": {
    "name": "復華未來50",
    "close": 19.81,
    "open": 20.0,
    "high": 20.06,
    "low": 19.36,
    "volume": 134214166.0,
    "chg_amt": -0.14000000000000057,
    "chg_pct": -0.7,
    "nav": 19.76,
    "premium_pct": 0.25,
    "aum_billion": 591.77,
    "is_benchmark": false
  },
  "00992A": {
    "name": "群益科技創新",
    "close": 18.14,
    "open": 18.57,
    "high": 18.62,
    "low": 17.87,
    "volume": 78727333.0,
    "chg_amt": -0.4299999999999997,
    "chg_pct": -2.32,
    "nav": 18.19,
    "premium_pct": -0.27,
    "aum_billion": 514.75,
    "is_benchmark": false
  },
  "00993A": {
    "name": "安聯台灣",
    "close": 13.63,
    "open": 13.86,
    "high": 13.91,
    "low": 13.39,
    "volume": 9651757.0,
    "chg_amt": -0.22999999999999865,
    "chg_pct": -1.66,
    "nav": 13.64,
    "premium_pct": -0.07,
    "aum_billion": 121.24,
    "is_benchmark": false
  },
  "00980A": {
    "name": "野村臺灣優選",
    "close": 24.7,
    "open": 24.91,
    "high": 25.01,
    "low": 24.26,
    "volume": 15890121.0,
    "chg_amt": -0.1999999999999993,
    "chg_pct": -0.8,
    "nav": 24.72,
    "premium_pct": -0.08,
    "aum_billion": 188.39,
    "is_benchmark": false
  },
  "00985A": {
    "name": "野村台灣50",
    "close": 22.33,
    "open": 22.5,
    "high": 22.52,
    "low": 22.04,
    "volume": 4911432.0,
    "chg_amt": -0.09000000000000341,
    "chg_pct": -0.4,
    "nav": 22.34,
    "premium_pct": -0.04,
    "aum_billion": 114.34,
    "is_benchmark": false
  },
  "00995A": {
    "name": "中信台灣卓越",
    "close": 17.88,
    "open": 18.27,
    "high": 18.28,
    "low": 17.55,
    "volume": 8971573.0,
    "chg_amt": -0.38000000000000256,
    "chg_pct": -2.08,
    "nav": 17.89,
    "premium_pct": -0.06,
    "aum_billion": 59.41,
    "is_benchmark": false
  },
  "00984A": {
    "name": "安聯台灣高息",
    "close": 16.51,
    "open": 16.55,
    "high": 16.59,
    "low": 16.22,
    "volume": 8115578.0,
    "chg_amt": 0.010000000000001563,
    "chg_pct": 0.06,
    "nav": 16.39,
    "premium_pct": 0.73,
    "aum_billion": 75.21,
    "is_benchmark": false
  },
  "00987A": {
    "name": "台新優勢成長",
    "close": 17.7,
    "open": 18.18,
    "high": 18.19,
    "low": 17.45,
    "volume": 7687875.0,
    "chg_amt": -0.46000000000000085,
    "chg_pct": -2.53,
    "nav": 17.7,
    "premium_pct": 0,
    "aum_billion": 36.78,
    "is_benchmark": false
  },
  "00994A": {
    "name": "第一金台股優",
    "close": 18.34,
    "open": 18.67,
    "high": 18.71,
    "low": 17.96,
    "volume": 17331247.0,
    "chg_amt": -0.3099999999999987,
    "chg_pct": -1.66,
    "nav": 18.31,
    "premium_pct": 0.16,
    "aum_billion": 58.04,
    "is_benchmark": false
  },
  "00996A": {
    "name": "兆豐台灣豐收",
    "close": 15.54,
    "open": 15.81,
    "high": 15.83,
    "low": 15.18,
    "volume": 14231070.0,
    "chg_amt": -0.1800000000000015,
    "chg_pct": -1.15,
    "nav": 15.48,
    "premium_pct": 0.39,
    "aum_billion": 51.68,
    "is_benchmark": false
  },
  "00400A": {
    "name": "國泰動能高息",
    "close": 14.76,
    "open": 14.97,
    "high": 15.05,
    "low": 14.48,
    "volume": 61954642.0,
    "chg_amt": -0.1899999999999995,
    "chg_pct": -1.27,
    "nav": 14.74,
    "premium_pct": 0.14,
    "aum_billion": 228.92,
    "is_benchmark": false
  },
  "00401A": {
    "name": "摩根台灣鑫收",
    "close": 13.69,
    "open": 13.74,
    "high": 13.83,
    "low": 13.49,
    "volume": 6683166.0,
    "chg_amt": -0.05000000000000071,
    "chg_pct": -0.36,
    "nav": 13.67,
    "premium_pct": 0.15,
    "aum_billion": 35.92,
    "is_benchmark": false
  },
  "00999A": {
    "name": "主動野村臺灣高息",
    "close": 11.2,
    "open": 11.17,
    "high": 11.2,
    "low": 11.06,
    "volume": 43503932.0,
    "chg_amt": 0.03999999999999915,
    "chg_pct": 0.36,
    "nav": 11.22,
    "premium_pct": -0.18,
    "aum_billion": 167.43,
    "is_benchmark": false
  },
  "00988A": {
    "name": "主動統一全球創新",
    "close": 21.7,
    "open": 21.81,
    "high": 21.81,
    "low": 21.29,
    "volume": 115219863.0,
    "chg_amt": -0.28999999999999915,
    "chg_pct": -1.32,
    "nav": 21.96,
    "premium_pct": -1.18,
    "aum_billion": 482.79,
    "is_benchmark": false
  },
  "00403A": {
    "name": "主動統一升級50",
    "close": 10.7,
    "open": 10.85,
    "high": 10.87,
    "low": 10.52,
    "volume": 506805353.0,
    "chg_amt": -0.120000000000001,
    "chg_pct": -1.11,
    "nav": 10.76,
    "premium_pct": -0.56,
    "aum_billion": 1935.09,
    "is_benchmark": false
  },
  "0050": {
    "name": "元大台灣50",
    "close": 105.7,
    "open": 106.3,
    "high": 106.3,
    "low": 104.2,
    "volume": 117160979.0,
    "chg_amt": 0.20000000000000284,
    "chg_pct": 0.19,
    "nav": 105.36,
    "premium_pct": 0.32,
    "aum_billion": 20023.81,
    "is_benchmark": true
  },
  "009816": {
    "name": "凱基台灣TOP50",
    "close": 15.43,
    "open": 15.54,
    "high": 15.57,
    "low": 15.2,
    "volume": 203205653.0,
    "chg_amt": 0.02999999999999936,
    "chg_pct": 0.19,
    "nav": 15.37,
    "premium_pct": 0.39,
    "aum_billion": 1393.49,
    "is_benchmark": true
  },
  "00830": {
    "name": "國泰費城半導體",
    "close": 90.55,
    "open": 90.25,
    "high": 90.65,
    "low": 89.5,
    "volume": 8963566.0,
    "chg_amt": 0.14999999999999147,
    "chg_pct": 0.17,
    "nav": 90.21,
    "premium_pct": 0.38,
    "aum_billion": 578.18,
    "is_benchmark": true
  },
  "00878": {
    "name": "國泰永續高股息",
    "close": 32.49,
    "open": 32.1,
    "high": 32.5,
    "low": 31.81,
    "volume": 111980868.0,
    "chg_amt": 0.5000000000000036,
    "chg_pct": 1.56,
    "nav": 32.69,
    "premium_pct": -0.61,
    "aum_billion": 6016.64,
    "is_benchmark": true
  },
  "00919": {
    "name": "群益台灣精選高息",
    "close": 30.3,
    "open": 30.35,
    "high": 30.5,
    "low": 29.85,
    "volume": 258252001.0,
    "chg_amt": 0.3000000000000007,
    "chg_pct": 1.0,
    "nav": 29.97,
    "premium_pct": 1.1,
    "aum_billion": 5229.28,
    "is_benchmark": true
  }
}