{
  "00981A": {
    "name": "統一台股增長",
    "close": 28.91,
    "open": 29.42,
    "high": 29.47,
    "low": 28.43,
    "volume": 535264194.0,
    "chg_amt": -0.6699999999999982,
    "chg_pct": -2.27,
    "nav": 29.59,
    "premium_pct": -2.3,
    "aum_billion": 2726.99,
    "is_benchmark": false
  },
  "00982A": {
    "name": "群益台灣強棒",
    "close": 22.4,
    "open": 22.6,
    "high": 22.85,
    "low": 22.1,
    "volume": 106196695.0,
    "chg_amt": -0.33000000000000185,
    "chg_pct": -1.45,
    "nav": 22.7,
    "premium_pct": -1.32,
    "aum_billion": 463.67,
    "is_benchmark": false
  },
  "00991A": {
    "name": "復華未來50",
    "close": 17.49,
    "open": 17.67,
    "high": 17.83,
    "low": 17.16,
    "volume": 96291324.0,
    "chg_amt": -0.38000000000000256,
    "chg_pct": -2.13,
    "nav": 17.84,
    "premium_pct": -1.96,
    "aum_billion": 422.14,
    "is_benchmark": false
  },
  "00992A": {
    "name": "群益科技創新",
    "close": 17.66,
    "open": 17.87,
    "high": 18.06,
    "low": 17.46,
    "volume": 95991729.0,
    "chg_amt": -0.379999999999999,
    "chg_pct": -2.11,
    "nav": 18.11,
    "premium_pct": -2.48,
    "aum_billion": 519.19,
    "is_benchmark": false
  },
  "00993A": {
    "name": "安聯台灣",
    "close": 12.9,
    "open": 13.11,
    "high": 13.21,
    "low": 12.72,
    "volume": 17053377.0,
    "chg_amt": -0.2400000000000002,
    "chg_pct": -1.83,
    "nav": 13.18,
    "premium_pct": -2.12,
    "aum_billion": 122.17,
    "is_benchmark": false
  },
  "00980A": {
    "name": "野村臺灣優選",
    "close": 23.2,
    "open": 23.36,
    "high": 23.55,
    "low": 22.88,
    "volume": 23931274.0,
    "chg_amt": -0.28999999999999915,
    "chg_pct": -1.23,
    "nav": 23.44,
    "premium_pct": -1.02,
    "aum_billion": 166.69,
    "is_benchmark": false
  },
  "00985A": {
    "name": "野村台灣50",
    "close": 21.33,
    "open": 21.39,
    "high": 21.58,
    "low": 21.06,
    "volume": 11658483.0,
    "chg_amt": -0.060000000000002274,
    "chg_pct": -0.28,
    "nav": 21.33,
    "premium_pct": 0,
    "aum_billion": 111.38,
    "is_benchmark": false
  },
  "00995A": {
    "name": "中信台灣卓越",
    "close": 16.65,
    "open": 16.82,
    "high": 17.0,
    "low": 16.38,
    "volume": 11941427.0,
    "chg_amt": -0.38000000000000256,
    "chg_pct": -2.23,
    "nav": 17.0,
    "premium_pct": -2.06,
    "aum_billion": 55.59,
    "is_benchmark": false
  },
  "00984A": {
    "name": "安聯台灣高息",
    "close": 14.71,
    "open": 14.8,
    "high": 14.86,
    "low": 14.55,
    "volume": 7141897.0,
    "chg_amt": -0.08999999999999986,
    "chg_pct": -0.61,
    "nav": 14.81,
    "premium_pct": -0.68,
    "aum_billion": 100.0,
    "is_benchmark": false
  },
  "00987A": {
    "name": "台新優勢成長",
    "close": 16.98,
    "open": 17.24,
    "high": 17.36,
    "low": 16.66,
    "volume": 10231640.0,
    "chg_amt": -0.39000000000000057,
    "chg_pct": -2.25,
    "nav": 17.37,
    "premium_pct": -2.25,
    "aum_billion": 35.21,
    "is_benchmark": false
  },
  "00994A": {
    "name": "第一金台股優",
    "close": 17.3,
    "open": 17.58,
    "high": 17.73,
    "low": 17.1,
    "volume": 21351063.0,
    "chg_amt": -0.4800000000000004,
    "chg_pct": -2.7,
    "nav": 17.72,
    "premium_pct": -2.37,
    "aum_billion": 55.22,
    "is_benchmark": false
  },
  "00996A": {
    "name": "兆豐台灣豐收",
    "close": 13.69,
    "open": 13.87,
    "high": 14.06,
    "low": 13.5,
    "volume": 16252013.0,
    "chg_amt": -0.3800000000000008,
    "chg_pct": -2.7,
    "nav": 14.0,
    "premium_pct": -2.21,
    "aum_billion": 46.9,
    "is_benchmark": false
  },
  "00400A": {
    "name": "國泰動能高息",
    "close": 13.7,
    "open": 13.8,
    "high": 13.95,
    "low": 13.5,
    "volume": 76515661.0,
    "chg_amt": -0.1800000000000015,
    "chg_pct": -1.3,
    "nav": 13.86,
    "premium_pct": -1.15,
    "aum_billion": 211.18,
    "is_benchmark": false
  },
  "00401A": {
    "name": "摩根台灣鑫收",
    "close": 12.55,
    "open": 12.63,
    "high": 12.75,
    "low": 12.4,
    "volume": 13639368.0,
    "chg_amt": -0.17999999999999972,
    "chg_pct": -1.41,
    "nav": 12.7,
    "premium_pct": -1.18,
    "aum_billion": 36.75,
    "is_benchmark": false
  },
  "00999A": {
    "name": "主動野村臺灣高息",
    "close": 10.42,
    "open": 10.46,
    "high": 10.53,
    "low": 10.3,
    "volume": 238808630.0,
    "chg_amt": -0.0600000000000005,
    "chg_pct": -0.57,
    "nav": 10.42,
    "premium_pct": 0,
    "aum_billion": 127.56,
    "is_benchmark": false
  },
  "0050": {
    "name": "元大台灣50",
    "close": 97.0,
    "open": 97.35,
    "high": 97.7,
    "low": 95.85,
    "volume": 131188123.0,
    "chg_amt": -0.7000000000000028,
    "chg_pct": -0.72,
    "nav": 97.54,
    "premium_pct": -0.55,
    "aum_billion": 18066.16,
    "is_benchmark": true
  },
  "009816": {
    "name": "凱基台灣TOP50",
    "close": 14.05,
    "open": 14.08,
    "high": 14.17,
    "low": 13.89,
    "volume": 304759764.0,
    "chg_amt": -0.08999999999999986,
    "chg_pct": -0.64,
    "nav": 14.08,
    "premium_pct": -0.21,
    "aum_billion": 100.0,
    "is_benchmark": true
  }
}