{
  "00981A": {
    "name": "統一台股增長",
    "close": 32.26,
    "open": 31.49,
    "high": 32.33,
    "low": 31.2,
    "volume": 175889407.0,
    "chg_amt": 0.21000000000000085,
    "chg_pct": 0.66,
    "nav": 32.18,
    "premium_pct": 0.25,
    "aum_billion": 2948.89,
    "is_benchmark": false
  },
  "00982A": {
    "name": "群益台灣強棒",
    "close": 25.51,
    "open": 24.93,
    "high": 25.6,
    "low": 24.9,
    "volume": 22412643.0,
    "chg_amt": 0.18000000000000327,
    "chg_pct": 0.71,
    "nav": 25.62,
    "premium_pct": -0.43,
    "aum_billion": 547.61,
    "is_benchmark": false
  },
  "00991A": {
    "name": "復華未來50",
    "close": 20.73,
    "open": 20.12,
    "high": 20.78,
    "low": 20.0,
    "volume": 92203606.0,
    "chg_amt": 0.08999999999999986,
    "chg_pct": 0.44,
    "nav": 20.6,
    "premium_pct": 0.63,
    "aum_billion": 723.53,
    "is_benchmark": false
  },
  "00992A": {
    "name": "群益科技創新",
    "close": 19.1,
    "open": 18.77,
    "high": 19.18,
    "low": 18.74,
    "volume": 38074124.0,
    "chg_amt": 0.030000000000001137,
    "chg_pct": 0.16,
    "nav": 19.17,
    "premium_pct": -0.37,
    "aum_billion": 444.71,
    "is_benchmark": false
  },
  "00993A": {
    "name": "安聯台灣",
    "close": 14.4,
    "open": 13.96,
    "high": 14.4,
    "low": 13.93,
    "volume": 5529890.0,
    "chg_amt": 0.120000000000001,
    "chg_pct": 0.84,
    "nav": 14.32,
    "premium_pct": 0.56,
    "aum_billion": 112.9,
    "is_benchmark": false
  },
  "00980A": {
    "name": "野村臺灣優選",
    "close": 25.11,
    "open": 24.46,
    "high": 25.18,
    "low": 24.42,
    "volume": 4205961.0,
    "chg_amt": 0.16000000000000014,
    "chg_pct": 0.64,
    "nav": 25.03,
    "premium_pct": 0.32,
    "aum_billion": 176.92,
    "is_benchmark": false
  },
  "00985A": {
    "name": "野村台灣50",
    "close": 22.5,
    "open": 22.1,
    "high": 22.59,
    "low": 22.03,
    "volume": 2630777.0,
    "chg_amt": 0.030000000000001137,
    "chg_pct": 0.13,
    "nav": 22.56,
    "premium_pct": -0.27,
    "aum_billion": 105.63,
    "is_benchmark": false
  },
  "00995A": {
    "name": "中信台灣卓越",
    "close": 18.68,
    "open": 18.08,
    "high": 18.74,
    "low": 18.05,
    "volume": 4017362.0,
    "chg_amt": 0.16000000000000014,
    "chg_pct": 0.86,
    "nav": 18.78,
    "premium_pct": -0.53,
    "aum_billion": 55.39,
    "is_benchmark": false
  },
  "00984A": {
    "name": "安聯台灣高息",
    "close": 16.9,
    "open": 16.54,
    "high": 16.93,
    "low": 16.54,
    "volume": 6928890.0,
    "chg_amt": 0.18999999999999773,
    "chg_pct": 1.14,
    "nav": 16.67,
    "premium_pct": 1.38,
    "aum_billion": 84.26,
    "is_benchmark": false
  },
  "00987A": {
    "name": "台新優勢成長",
    "close": 17.44,
    "open": 16.97,
    "high": 17.5,
    "low": 16.96,
    "volume": 1989075.0,
    "chg_amt": 0.120000000000001,
    "chg_pct": 0.69,
    "nav": 17.37,
    "premium_pct": 0.4,
    "aum_billion": 29.64,
    "is_benchmark": false
  },
  "00994A": {
    "name": "第一金台股優",
    "close": 18.26,
    "open": 17.79,
    "high": 18.33,
    "low": 17.66,
    "volume": 5083890.0,
    "chg_amt": 0.07000000000000028,
    "chg_pct": 0.38,
    "nav": 18.25,
    "premium_pct": 0.05,
    "aum_billion": 54.06,
    "is_benchmark": false
  },
  "00996A": {
    "name": "兆豐台灣豐收",
    "close": 16.23,
    "open": 15.73,
    "high": 16.27,
    "low": 15.64,
    "volume": 5927284.0,
    "chg_amt": 0.15000000000000213,
    "chg_pct": 0.93,
    "nav": 16.15,
    "premium_pct": 0.5,
    "aum_billion": 51.74,
    "is_benchmark": false
  },
  "00400A": {
    "name": "國泰動能高息",
    "close": 15.3,
    "open": 14.87,
    "high": 15.38,
    "low": 14.86,
    "volume": 39995876.0,
    "chg_amt": 0.13000000000000078,
    "chg_pct": 0.86,
    "nav": 15.2,
    "premium_pct": 0.66,
    "aum_billion": 262.42,
    "is_benchmark": false
  },
  "00401A": {
    "name": "摩根台灣鑫收",
    "close": 13.86,
    "open": 13.78,
    "high": 13.86,
    "low": 13.64,
    "volume": 1838323.0,
    "chg_amt": 0.08000000000000007,
    "chg_pct": 0.58,
    "nav": 13.86,
    "premium_pct": 0,
    "aum_billion": 33.45,
    "is_benchmark": false
  },
  "00999A": {
    "name": "主動野村臺灣高息",
    "close": 11.17,
    "open": 10.95,
    "high": 11.19,
    "low": 10.91,
    "volume": 16696551.0,
    "chg_amt": 0.10999999999999943,
    "chg_pct": 0.99,
    "nav": 11.12,
    "premium_pct": 0.45,
    "aum_billion": 138.82,
    "is_benchmark": false
  },
  "00988A": {
    "name": "主動統一全球創新",
    "close": 21.33,
    "open": 20.97,
    "high": 21.36,
    "low": 20.5,
    "volume": 104892427.0,
    "chg_amt": -0.5100000000000016,
    "chg_pct": -2.34,
    "nav": 20.67,
    "premium_pct": 3.19,
    "aum_billion": 629.09,
    "is_benchmark": false
  },
  "00403A": {
    "name": "主動統一升級50",
    "close": 11.14,
    "open": 10.94,
    "high": 11.18,
    "low": 10.84,
    "volume": 208593027.0,
    "chg_amt": 0.0,
    "chg_pct": 0.0,
    "nav": 11.17,
    "premium_pct": -0.27,
    "aum_billion": 1730.63,
    "is_benchmark": false
  },
  "00405A": {
    "name": "主動富邦台灣龍耀",
    "close": 9.44,
    "open": 9.34,
    "high": 9.48,
    "low": 9.25,
    "volume": 57787872.0,
    "chg_amt": -0.009999999999999787,
    "chg_pct": -0.11,
    "nav": 9.5,
    "premium_pct": -0.63,
    "aum_billion": 249.9,
    "is_benchmark": false
  },
  "0050": {
    "name": "元大台灣50",
    "close": 108.35,
    "open": 106.15,
    "high": 108.8,
    "low": 106.1,
    "volume": 82436126.0,
    "chg_amt": -0.45000000000000284,
    "chg_pct": -0.41,
    "nav": 108.6,
    "premium_pct": -0.23,
    "aum_billion": 22542.01,
    "is_benchmark": true
  },
  "00631L": {
    "name": "元大台灣50正2",
    "close": 38.8,
    "open": 37.53,
    "high": 39.05,
    "low": 37.19,
    "volume": 264692695.0,
    "chg_amt": -0.0800000000000054,
    "chg_pct": -0.21,
    "nav": 38.42,
    "premium_pct": 0.99,
    "aum_billion": 2482.76,
    "is_benchmark": true
  },
  "009816": {
    "name": "凱基台灣TOP50",
    "close": 15.75,
    "open": 15.43,
    "high": 15.79,
    "low": 15.38,
    "volume": 101885927.0,
    "chg_amt": -0.02999999999999936,
    "chg_pct": -0.19,
    "nav": 15.75,
    "premium_pct": 0,
    "aum_billion": 1639.76,
    "is_benchmark": true
  },
  "00830": {
    "name": "國泰費城半導體",
    "close": 92.8,
    "open": 91.0,
    "high": 92.8,
    "low": 90.4,
    "volume": 21392725.0,
    "chg_amt": -2.950000000000003,
    "chg_pct": -3.08,
    "nav": 89.45,
    "premium_pct": 3.75,
    "aum_billion": 685.21,
    "is_benchmark": true
  },
  "00878": {
    "name": "國泰永續高股息",
    "close": 33.33,
    "open": 32.98,
    "high": 33.38,
    "low": 32.88,
    "volume": 22296837.0,
    "chg_amt": 0.10999999999999943,
    "chg_pct": 0.33,
    "nav": 33.27,
    "premium_pct": 0.18,
    "aum_billion": 6102.11,
    "is_benchmark": true
  },
  "00919": {
    "name": "群益台灣精選高息",
    "close": 29.53,
    "open": 29.19,
    "high": 29.6,
    "low": 29.17,
    "volume": 54035525.0,
    "chg_amt": 0.33000000000000185,
    "chg_pct": 1.13,
    "nav": 29.21,
    "premium_pct": 1.1,
    "aum_billion": 5278.45,
    "is_benchmark": true
  }
}