{
  "00981A": {
    "name": "統一台股增長",
    "close": 31.61,
    "open": 30.94,
    "high": 31.75,
    "low": 30.93,
    "volume": 324131568.0,
    "chg_amt": 1.6600000000000001,
    "chg_pct": 5.54,
    "nav": 31.44,
    "premium_pct": 0.54,
    "aum_billion": 2720.34,
    "is_benchmark": false
  },
  "00982A": {
    "name": "群益台灣強棒",
    "close": 23.72,
    "open": 23.41,
    "high": 23.81,
    "low": 23.41,
    "volume": 92427988.0,
    "chg_amt": 1.0799999999999983,
    "chg_pct": 4.77,
    "nav": 23.77,
    "premium_pct": -0.21,
    "aum_billion": 527.35,
    "is_benchmark": false
  },
  "00991A": {
    "name": "復華未來50",
    "close": 19.27,
    "open": 19.1,
    "high": 19.34,
    "low": 19.0,
    "volume": 92944865.0,
    "chg_amt": 0.6900000000000013,
    "chg_pct": 3.71,
    "nav": 19.2,
    "premium_pct": 0.36,
    "aum_billion": 492.95,
    "is_benchmark": false
  },
  "00992A": {
    "name": "群益科技創新",
    "close": 18.85,
    "open": 18.76,
    "high": 18.98,
    "low": 18.73,
    "volume": 95464305.0,
    "chg_amt": 0.5700000000000003,
    "chg_pct": 3.12,
    "nav": 18.87,
    "premium_pct": -0.11,
    "aum_billion": 528.01,
    "is_benchmark": false
  },
  "00993A": {
    "name": "安聯台灣",
    "close": 13.62,
    "open": 13.4,
    "high": 13.74,
    "low": 13.4,
    "volume": 20850581.0,
    "chg_amt": 0.5,
    "chg_pct": 3.81,
    "nav": 13.65,
    "premium_pct": -0.22,
    "aum_billion": 116.31,
    "is_benchmark": false
  },
  "00980A": {
    "name": "野村臺灣優選",
    "close": 23.97,
    "open": 23.75,
    "high": 24.09,
    "low": 23.72,
    "volume": 34371039.0,
    "chg_amt": 0.8099999999999987,
    "chg_pct": 3.5,
    "nav": 24.03,
    "premium_pct": -0.25,
    "aum_billion": 177.52,
    "is_benchmark": false
  },
  "00985A": {
    "name": "野村台灣50",
    "close": 21.93,
    "open": 21.64,
    "high": 21.95,
    "low": 21.64,
    "volume": 13562370.0,
    "chg_amt": 0.6000000000000014,
    "chg_pct": 2.81,
    "nav": 21.92,
    "premium_pct": 0.05,
    "aum_billion": 108.89,
    "is_benchmark": false
  },
  "00995A": {
    "name": "中信台灣卓越",
    "close": 18.11,
    "open": 17.8,
    "high": 18.19,
    "low": 17.75,
    "volume": 9538795.0,
    "chg_amt": 0.8200000000000003,
    "chg_pct": 4.74,
    "nav": 18.06,
    "premium_pct": 0.28,
    "aum_billion": 56.31,
    "is_benchmark": false
  },
  "00984A": {
    "name": "安聯台灣高息",
    "close": 15.75,
    "open": 15.5,
    "high": 15.76,
    "low": 15.5,
    "volume": 7772460.0,
    "chg_amt": 0.5500000000000007,
    "chg_pct": 3.62,
    "nav": 15.71,
    "premium_pct": 0.25,
    "aum_billion": 69.08,
    "is_benchmark": false
  },
  "00987A": {
    "name": "台新優勢成長",
    "close": 18.04,
    "open": 17.78,
    "high": 18.12,
    "low": 17.78,
    "volume": 12031269.0,
    "chg_amt": 0.6999999999999993,
    "chg_pct": 4.04,
    "nav": 18.03,
    "premium_pct": 0.06,
    "aum_billion": 35.16,
    "is_benchmark": false
  },
  "00994A": {
    "name": "第一金台股優",
    "close": 18.57,
    "open": 18.24,
    "high": 18.61,
    "low": 18.24,
    "volume": 19341710.0,
    "chg_amt": 0.9299999999999997,
    "chg_pct": 5.27,
    "nav": 18.5,
    "premium_pct": 0.38,
    "aum_billion": 55.2,
    "is_benchmark": false
  },
  "00996A": {
    "name": "兆豐台灣豐收",
    "close": 15.26,
    "open": 15.18,
    "high": 15.3,
    "low": 15.13,
    "volume": 16652498.0,
    "chg_amt": 0.6400000000000006,
    "chg_pct": 4.38,
    "nav": 15.21,
    "premium_pct": 0.33,
    "aum_billion": 47.75,
    "is_benchmark": false
  },
  "00400A": {
    "name": "國泰動能高息",
    "close": 14.57,
    "open": 14.23,
    "high": 14.59,
    "low": 14.23,
    "volume": 60619536.0,
    "chg_amt": 0.6699999999999999,
    "chg_pct": 4.82,
    "nav": 14.54,
    "premium_pct": 0.21,
    "aum_billion": 212.6,
    "is_benchmark": false
  },
  "00401A": {
    "name": "摩根台灣鑫收",
    "close": 13.59,
    "open": 13.36,
    "high": 13.62,
    "low": 13.36,
    "volume": 11638016.0,
    "chg_amt": 0.5099999999999998,
    "chg_pct": 3.9,
    "nav": 13.53,
    "premium_pct": 0.44,
    "aum_billion": 32.67,
    "is_benchmark": false
  },
  "00999A": {
    "name": "主動野村臺灣高息",
    "close": 10.65,
    "open": 10.57,
    "high": 10.68,
    "low": 10.57,
    "volume": 93912633.0,
    "chg_amt": 0.23000000000000043,
    "chg_pct": 2.21,
    "nav": 10.71,
    "premium_pct": -0.56,
    "aum_billion": 171.28,
    "is_benchmark": false
  },
  "00988A": {
    "name": "主動統一全球創新",
    "close": 22.08,
    "open": 21.33,
    "high": 22.5,
    "low": 21.05,
    "volume": 186722834.0,
    "chg_amt": 1.7199999999999989,
    "chg_pct": 8.45,
    "nav": 20.07,
    "premium_pct": 10.01,
    "aum_billion": 388.6,
    "is_benchmark": false
  },
  "00403A": {
    "name": "主動統一升級50",
    "close": 10.58,
    "open": 10.4,
    "high": 10.62,
    "low": 10.38,
    "volume": 720434011.0,
    "chg_amt": 0.3800000000000008,
    "chg_pct": 3.73,
    "nav": 10.6,
    "premium_pct": -0.19,
    "aum_billion": 1876.03,
    "is_benchmark": false
  },
  "0050": {
    "name": "元大台灣50",
    "close": 100.8,
    "open": 99.55,
    "high": 101.0,
    "low": 99.55,
    "volume": 129483256.0,
    "chg_amt": 3.5,
    "chg_pct": 3.6,
    "nav": 100.79,
    "premium_pct": 0.01,
    "aum_billion": 18354.89,
    "is_benchmark": true
  },
  "009816": {
    "name": "凱基台灣TOP50",
    "close": 14.76,
    "open": 14.55,
    "high": 14.77,
    "low": 14.54,
    "volume": 176530657.0,
    "chg_amt": 0.5700000000000003,
    "chg_pct": 4.02,
    "nav": 14.74,
    "premium_pct": 0.14,
    "aum_billion": 1230.93,
    "is_benchmark": true
  },
  "00830": {
    "name": "國泰費城半導體",
    "close": 87.8,
    "open": 87.0,
    "high": 87.85,
    "low": 86.85,
    "volume": 10878767.0,
    "chg_amt": 3.549999999999997,
    "chg_pct": 4.21,
    "nav": 85.26,
    "premium_pct": 2.98,
    "aum_billion": 536.28,
    "is_benchmark": true
  },
  "00878": {
    "name": "國泰永續高股息",
    "close": 29.48,
    "open": 28.86,
    "high": 29.5,
    "low": 28.83,
    "volume": 142122086.0,
    "chg_amt": 1.2100000000000009,
    "chg_pct": 4.28,
    "nav": 29.48,
    "premium_pct": 0,
    "aum_billion": 5372.15,
    "is_benchmark": true
  },
  "00919": {
    "name": "群益台灣精選高息",
    "close": 27.47,
    "open": 26.91,
    "high": 27.49,
    "low": 26.9,
    "volume": 146148130.0,
    "chg_amt": 0.7399999999999984,
    "chg_pct": 2.77,
    "nav": 27.56,
    "premium_pct": -0.33,
    "aum_billion": 4710.58,
    "is_benchmark": true
  }
}