{
  "00981A": {
    "name": "統一台股增長",
    "close": 31.81,
    "open": 31.68,
    "high": 32.1,
    "low": 31.65,
    "volume": 221230833.0,
    "chg_amt": 0.4800000000000004,
    "chg_pct": 1.53,
    "nav": 31.97,
    "premium_pct": -0.5,
    "aum_billion": 2854.8,
    "is_benchmark": false
  },
  "00982A": {
    "name": "群益台灣強棒",
    "close": 24.16,
    "open": 24.19,
    "high": 24.5,
    "low": 24.05,
    "volume": 33483383.0,
    "chg_amt": 0.33000000000000185,
    "chg_pct": 1.38,
    "nav": 24.29,
    "premium_pct": -0.54,
    "aum_billion": 531.96,
    "is_benchmark": false
  },
  "00991A": {
    "name": "復華未來50",
    "close": 19.99,
    "open": 20.1,
    "high": 20.26,
    "low": 19.92,
    "volume": 78822768.0,
    "chg_amt": 0.17999999999999972,
    "chg_pct": 0.91,
    "nav": 20.03,
    "premium_pct": -0.2,
    "aum_billion": 590.74,
    "is_benchmark": false
  },
  "00992A": {
    "name": "群益科技創新",
    "close": 18.52,
    "open": 18.56,
    "high": 18.7,
    "low": 18.44,
    "volume": 80595077.0,
    "chg_amt": 0.379999999999999,
    "chg_pct": 2.09,
    "nav": 18.61,
    "premium_pct": -0.48,
    "aum_billion": 490.07,
    "is_benchmark": false
  },
  "00993A": {
    "name": "安聯台灣",
    "close": 13.85,
    "open": 13.83,
    "high": 13.97,
    "low": 13.79,
    "volume": 8969889.0,
    "chg_amt": 0.21999999999999886,
    "chg_pct": 1.61,
    "nav": 13.91,
    "premium_pct": -0.43,
    "aum_billion": 115.18,
    "is_benchmark": false
  },
  "00980A": {
    "name": "野村臺灣優選",
    "close": 25.13,
    "open": 25.1,
    "high": 25.29,
    "low": 25.01,
    "volume": 10842858.0,
    "chg_amt": 0.4299999999999997,
    "chg_pct": 1.74,
    "nav": 25.27,
    "premium_pct": -0.55,
    "aum_billion": 185.93,
    "is_benchmark": false
  },
  "00985A": {
    "name": "野村台灣50",
    "close": 22.6,
    "open": 22.6,
    "high": 22.72,
    "low": 22.51,
    "volume": 6052687.0,
    "chg_amt": 0.2700000000000031,
    "chg_pct": 1.21,
    "nav": 22.73,
    "premium_pct": -0.57,
    "aum_billion": 112.78,
    "is_benchmark": false
  },
  "00995A": {
    "name": "中信台灣卓越",
    "close": 18.21,
    "open": 18.1,
    "high": 18.38,
    "low": 18.1,
    "volume": 7370157.0,
    "chg_amt": 0.33000000000000185,
    "chg_pct": 1.85,
    "nav": 18.31,
    "premium_pct": -0.55,
    "aum_billion": 58.15,
    "is_benchmark": false
  },
  "00984A": {
    "name": "安聯台灣高息",
    "close": 16.69,
    "open": 16.6,
    "high": 16.72,
    "low": 16.6,
    "volume": 7463491.0,
    "chg_amt": 0.17999999999999972,
    "chg_pct": 1.09,
    "nav": 16.7,
    "premium_pct": -0.06,
    "aum_billion": 75.07,
    "is_benchmark": false
  },
  "00987A": {
    "name": "台新優勢成長",
    "close": 18.01,
    "open": 18.06,
    "high": 18.31,
    "low": 17.98,
    "volume": 5445895.0,
    "chg_amt": 0.3100000000000023,
    "chg_pct": 1.75,
    "nav": 18.13,
    "premium_pct": -0.66,
    "aum_billion": 34.28,
    "is_benchmark": false
  },
  "00994A": {
    "name": "第一金台股優",
    "close": 18.62,
    "open": 18.6,
    "high": 18.77,
    "low": 18.54,
    "volume": 8568097.0,
    "chg_amt": 0.28000000000000114,
    "chg_pct": 1.53,
    "nav": 18.68,
    "premium_pct": -0.32,
    "aum_billion": 56.96,
    "is_benchmark": false
  },
  "00996A": {
    "name": "兆豐台灣豐收",
    "close": 15.58,
    "open": 15.7,
    "high": 15.82,
    "low": 15.53,
    "volume": 16975998.0,
    "chg_amt": 0.040000000000000924,
    "chg_pct": 0.26,
    "nav": 15.63,
    "premium_pct": -0.32,
    "aum_billion": 51.08,
    "is_benchmark": false
  },
  "00400A": {
    "name": "國泰動能高息",
    "close": 15.02,
    "open": 15.0,
    "high": 15.1,
    "low": 14.92,
    "volume": 59840229.0,
    "chg_amt": 0.2599999999999998,
    "chg_pct": 1.76,
    "nav": 15.08,
    "premium_pct": -0.4,
    "aum_billion": 221.73,
    "is_benchmark": false
  },
  "00401A": {
    "name": "摩根台灣鑫收",
    "close": 13.97,
    "open": 13.75,
    "high": 14.0,
    "low": 13.75,
    "volume": 10924646.0,
    "chg_amt": 0.28000000000000114,
    "chg_pct": 2.05,
    "nav": 13.95,
    "premium_pct": 0.14,
    "aum_billion": 34.56,
    "is_benchmark": false
  },
  "00999A": {
    "name": "主動野村臺灣高息",
    "close": 11.42,
    "open": 11.32,
    "high": 11.43,
    "low": 11.32,
    "volume": 32984315.0,
    "chg_amt": 0.22000000000000064,
    "chg_pct": 1.96,
    "nav": 11.44,
    "premium_pct": -0.17,
    "aum_billion": 164.84,
    "is_benchmark": false
  },
  "00988A": {
    "name": "主動統一全球創新",
    "close": 22.66,
    "open": 22.45,
    "high": 22.68,
    "low": 22.22,
    "volume": 132309296.0,
    "chg_amt": 0.9600000000000009,
    "chg_pct": 4.42,
    "nav": 22.16,
    "premium_pct": 2.26,
    "aum_billion": 502.7,
    "is_benchmark": false
  },
  "00403A": {
    "name": "主動統一升級50",
    "close": 10.79,
    "open": 10.81,
    "high": 10.95,
    "low": 10.77,
    "volume": 603168109.0,
    "chg_amt": 0.08999999999999986,
    "chg_pct": 0.84,
    "nav": 10.87,
    "premium_pct": -0.74,
    "aum_billion": 1914.08,
    "is_benchmark": false
  },
  "0050": {
    "name": "元大台灣50",
    "close": 107.6,
    "open": 107.3,
    "high": 107.85,
    "low": 107.1,
    "volume": 79592362.0,
    "chg_amt": 1.8999999999999915,
    "chg_pct": 1.8,
    "nav": 107.51,
    "premium_pct": 0.08,
    "aum_billion": 20176.56,
    "is_benchmark": true
  },
  "009816": {
    "name": "凱基台灣TOP50",
    "close": 15.74,
    "open": 15.64,
    "high": 15.78,
    "low": 15.64,
    "volume": 125104440.0,
    "chg_amt": 0.3100000000000005,
    "chg_pct": 2.01,
    "nav": 15.7,
    "premium_pct": 0.25,
    "aum_billion": 1401.63,
    "is_benchmark": true
  },
  "00830": {
    "name": "國泰費城半導體",
    "close": 97.0,
    "open": 96.25,
    "high": 97.0,
    "low": 96.1,
    "volume": 11019276.0,
    "chg_amt": 6.450000000000003,
    "chg_pct": 7.12,
    "nav": 95.85,
    "premium_pct": 1.2,
    "aum_billion": 586.8,
    "is_benchmark": true
  },
  "00878": {
    "name": "國泰永續高股息",
    "close": 33.3,
    "open": 32.68,
    "high": 33.4,
    "low": 32.55,
    "volume": 103127309.0,
    "chg_amt": 0.8099999999999952,
    "chg_pct": 2.49,
    "nav": 33.38,
    "premium_pct": -0.24,
    "aum_billion": 6123.65,
    "is_benchmark": true
  },
  "00919": {
    "name": "群益台灣精選高息",
    "close": 30.78,
    "open": 30.51,
    "high": 30.8,
    "low": 30.32,
    "volume": 159939563.0,
    "chg_amt": 0.4800000000000004,
    "chg_pct": 1.58,
    "nav": 30.73,
    "premium_pct": 0.16,
    "aum_billion": 5327.88,
    "is_benchmark": true
  }
}