{
  "00981A": {
    "name": "統一台股增長",
    "close": 29.3,
    "open": 29.99,
    "high": 30.0,
    "low": 28.58,
    "volume": 766280414.0,
    "chg_amt": -0.16000000000000014,
    "chg_pct": -0.54,
    "nav": 29.37,
    "premium_pct": -0.24,
    "aum_billion": 2607.48,
    "is_benchmark": false
  },
  "00982A": {
    "name": "群益台灣強棒",
    "close": 22.26,
    "open": 22.55,
    "high": 22.6,
    "low": 21.69,
    "volume": 116047502.0,
    "chg_amt": 0.10000000000000142,
    "chg_pct": 0.45,
    "nav": 22.08,
    "premium_pct": 0.82,
    "aum_billion": 432.31,
    "is_benchmark": false
  },
  "00991A": {
    "name": "復華未來50",
    "close": 17.66,
    "open": 18.02,
    "high": 18.07,
    "low": 17.3,
    "volume": 115051383.0,
    "chg_amt": 0.10999999999999943,
    "chg_pct": 0.63,
    "nav": 17.52,
    "premium_pct": 0.8,
    "aum_billion": 403.9,
    "is_benchmark": false
  },
  "00992A": {
    "name": "群益科技創新",
    "close": 18.0,
    "open": 18.3,
    "high": 18.33,
    "low": 17.49,
    "volume": 149689430.0,
    "chg_amt": -0.019999999999999574,
    "chg_pct": -0.11,
    "nav": 17.98,
    "premium_pct": 0.11,
    "aum_billion": 515.82,
    "is_benchmark": false
  },
  "00993A": {
    "name": "安聯台灣",
    "close": 13.13,
    "open": 13.39,
    "high": 13.48,
    "low": 12.9,
    "volume": 22771184.0,
    "chg_amt": -0.049999999999998934,
    "chg_pct": -0.38,
    "nav": 13.2,
    "premium_pct": -0.53,
    "aum_billion": 124.31,
    "is_benchmark": false
  },
  "00980A": {
    "name": "野村臺灣優選",
    "close": 23.25,
    "open": 23.31,
    "high": 23.4,
    "low": 22.62,
    "volume": 34787746.0,
    "chg_amt": 0.3999999999999986,
    "chg_pct": 1.75,
    "nav": 22.76,
    "premium_pct": 2.15,
    "aum_billion": 158.22,
    "is_benchmark": false
  },
  "00985A": {
    "name": "野村台灣50",
    "close": 20.96,
    "open": 21.01,
    "high": 21.07,
    "low": 20.5,
    "volume": 10465756.0,
    "chg_amt": 0.21000000000000085,
    "chg_pct": 1.01,
    "nav": 20.9,
    "premium_pct": 0.29,
    "aum_billion": 107.79,
    "is_benchmark": false
  },
  "00995A": {
    "name": "中信台灣卓越",
    "close": 16.89,
    "open": 17.2,
    "high": 17.3,
    "low": 16.35,
    "volume": 21675011.0,
    "chg_amt": -0.030000000000001137,
    "chg_pct": -0.18,
    "nav": 16.85,
    "premium_pct": 0.24,
    "aum_billion": 54.77,
    "is_benchmark": false
  },
  "00984A": {
    "name": "安聯台灣高息",
    "close": 14.65,
    "open": 14.76,
    "high": 14.81,
    "low": 14.48,
    "volume": 10859494.0,
    "chg_amt": 0.07000000000000028,
    "chg_pct": 0.48,
    "nav": 14.62,
    "premium_pct": 0.21,
    "aum_billion": 100.0,
    "is_benchmark": false
  },
  "00987A": {
    "name": "台新優勢成長",
    "close": 17.29,
    "open": 17.67,
    "high": 17.7,
    "low": 16.75,
    "volume": 19408303.0,
    "chg_amt": -0.060000000000002274,
    "chg_pct": -0.35,
    "nav": 17.36,
    "premium_pct": -0.4,
    "aum_billion": 34.05,
    "is_benchmark": false
  },
  "00994A": {
    "name": "第一金台股優",
    "close": 17.53,
    "open": 17.91,
    "high": 17.91,
    "low": 17.1,
    "volume": 33425711.0,
    "chg_amt": -0.04999999999999716,
    "chg_pct": -0.28,
    "nav": 17.48,
    "premium_pct": 0.29,
    "aum_billion": 49.31,
    "is_benchmark": false
  },
  "00996A": {
    "name": "兆豐台灣豐收",
    "close": 13.77,
    "open": 14.1,
    "high": 14.1,
    "low": 13.44,
    "volume": 31296601.0,
    "chg_amt": -0.019999999999999574,
    "chg_pct": -0.15,
    "nav": 13.71,
    "premium_pct": 0.44,
    "aum_billion": 44.97,
    "is_benchmark": false
  },
  "00400A": {
    "name": "國泰動能高息",
    "close": 13.79,
    "open": 13.86,
    "high": 13.91,
    "low": 13.42,
    "volume": 109274940.0,
    "chg_amt": 0.1999999999999993,
    "chg_pct": 1.47,
    "nav": 13.56,
    "premium_pct": 1.7,
    "aum_billion": 199.6,
    "is_benchmark": false
  },
  "00401A": {
    "name": "摩根台灣鑫收",
    "close": 12.61,
    "open": 12.77,
    "high": 12.77,
    "low": 12.38,
    "volume": 18464735.0,
    "chg_amt": 0.08000000000000007,
    "chg_pct": 0.64,
    "nav": 12.47,
    "premium_pct": 1.12,
    "aum_billion": 36.08,
    "is_benchmark": false
  },
  "0050": {
    "name": "元大台灣50",
    "close": 95.75,
    "open": 96.05,
    "high": 96.9,
    "low": 94.7,
    "volume": 111759164.0,
    "chg_amt": 1.1500000000000057,
    "chg_pct": 1.22,
    "nav": 94.44,
    "premium_pct": 1.39,
    "aum_billion": 17459.47,
    "is_benchmark": true
  },
  "009816": {
    "name": "凱基台灣TOP50",
    "close": 13.85,
    "open": 13.95,
    "high": 14.04,
    "low": 13.7,
    "volume": 272439815.0,
    "chg_amt": 0.16999999999999993,
    "chg_pct": 1.24,
    "nav": 13.63,
    "premium_pct": 1.61,
    "aum_billion": 100.0,
    "is_benchmark": true
  }
}