{
  "00981A": {
    "name": "統一台股增長",
    "close": 29.38,
    "open": 28.75,
    "high": 29.46,
    "low": 28.51,
    "volume": 170989978.0,
    "chg_amt": 0.9800000000000004,
    "chg_pct": 3.45,
    "nav": 29.3,
    "premium_pct": 0.27,
    "aum_billion": 2641.04,
    "is_benchmark": false
  },
  "00982A": {
    "name": "群益台灣強棒",
    "close": 23.67,
    "open": 23.26,
    "high": 23.7,
    "low": 23.07,
    "volume": 13280548.0,
    "chg_amt": 0.7100000000000009,
    "chg_pct": 3.09,
    "nav": 22.96,
    "premium_pct": 3.09,
    "aum_billion": 495.28,
    "is_benchmark": false
  },
  "00991A": {
    "name": "復華未來50",
    "close": 19.13,
    "open": 18.75,
    "high": 19.2,
    "low": 18.61,
    "volume": 102610817.0,
    "chg_amt": 0.6899999999999977,
    "chg_pct": 3.74,
    "nav": 18.41,
    "premium_pct": 3.91,
    "aum_billion": 753.03,
    "is_benchmark": false
  },
  "00992A": {
    "name": "群益科技創新",
    "close": 17.49,
    "open": 17.26,
    "high": 17.54,
    "low": 17.09,
    "volume": 31230135.0,
    "chg_amt": 0.4799999999999969,
    "chg_pct": 2.82,
    "nav": 16.99,
    "premium_pct": 2.94,
    "aum_billion": 403.4,
    "is_benchmark": false
  },
  "00993A": {
    "name": "安聯台灣",
    "close": 13.2,
    "open": 12.95,
    "high": 13.24,
    "low": 12.87,
    "volume": 6195790.0,
    "chg_amt": 0.4499999999999993,
    "chg_pct": 3.53,
    "nav": 12.76,
    "premium_pct": 3.45,
    "aum_billion": 100.51,
    "is_benchmark": false
  },
  "00980A": {
    "name": "野村臺灣優選",
    "close": 23.39,
    "open": 23.03,
    "high": 23.47,
    "low": 22.9,
    "volume": 6345110.0,
    "chg_amt": 0.6500000000000021,
    "chg_pct": 2.86,
    "nav": 22.76,
    "premium_pct": 2.77,
    "aum_billion": 160.18,
    "is_benchmark": false
  },
  "00985A": {
    "name": "野村台灣50",
    "close": 21.7,
    "open": 21.4,
    "high": 21.72,
    "low": 21.26,
    "volume": 3956026.0,
    "chg_amt": 0.5199999999999996,
    "chg_pct": 2.46,
    "nav": 21.21,
    "premium_pct": 2.31,
    "aum_billion": 99.3,
    "is_benchmark": false
  },
  "00995A": {
    "name": "中信台灣卓越",
    "close": 17.07,
    "open": 16.74,
    "high": 17.12,
    "low": 16.6,
    "volume": 4884465.0,
    "chg_amt": 0.6700000000000017,
    "chg_pct": 4.09,
    "nav": 16.48,
    "premium_pct": 3.58,
    "aum_billion": 48.86,
    "is_benchmark": false
  },
  "00984A": {
    "name": "安聯台灣高息",
    "close": 16.3,
    "open": 16.0,
    "high": 16.32,
    "low": 16.0,
    "volume": 11312237.0,
    "chg_amt": 0.41999999999999993,
    "chg_pct": 2.64,
    "nav": 15.86,
    "premium_pct": 2.77,
    "aum_billion": 97.0,
    "is_benchmark": false
  },
  "00987A": {
    "name": "台新優勢成長",
    "close": 15.65,
    "open": 15.41,
    "high": 15.78,
    "low": 15.29,
    "volume": 1504422.0,
    "chg_amt": 0.4900000000000002,
    "chg_pct": 3.23,
    "nav": 15.2,
    "premium_pct": 2.96,
    "aum_billion": 25.79,
    "is_benchmark": false
  },
  "00994A": {
    "name": "第一金台股優",
    "close": 16.94,
    "open": 16.67,
    "high": 17.01,
    "low": 16.51,
    "volume": 3135315.0,
    "chg_amt": 0.5300000000000011,
    "chg_pct": 3.23,
    "nav": 16.42,
    "premium_pct": 3.17,
    "aum_billion": 48.63,
    "is_benchmark": false
  },
  "00996A": {
    "name": "兆豐台灣豐收",
    "close": 14.8,
    "open": 14.61,
    "high": 14.85,
    "low": 14.5,
    "volume": 5029301.0,
    "chg_amt": 0.39000000000000057,
    "chg_pct": 2.71,
    "nav": 14.41,
    "premium_pct": 2.71,
    "aum_billion": 46.3,
    "is_benchmark": false
  },
  "00400A": {
    "name": "國泰動能高息",
    "close": 14.15,
    "open": 13.9,
    "high": 14.16,
    "low": 13.8,
    "volume": 27997711.0,
    "chg_amt": 0.4399999999999995,
    "chg_pct": 3.21,
    "nav": 13.71,
    "premium_pct": 3.21,
    "aum_billion": 258.69,
    "is_benchmark": false
  },
  "00401A": {
    "name": "摩根台灣鑫收",
    "close": 13.36,
    "open": 13.2,
    "high": 13.38,
    "low": 13.18,
    "volume": 3729744.0,
    "chg_amt": 0.3099999999999987,
    "chg_pct": 2.38,
    "nav": 13.04,
    "premium_pct": 2.45,
    "aum_billion": 31.42,
    "is_benchmark": false
  },
  "00999A": {
    "name": "主動野村臺灣高息",
    "close": 10.6,
    "open": 10.51,
    "high": 10.61,
    "low": 10.44,
    "volume": 13029253.0,
    "chg_amt": 0.25,
    "chg_pct": 2.42,
    "nav": 10.39,
    "premium_pct": 2.02,
    "aum_billion": 126.42,
    "is_benchmark": false
  },
  "00988A": {
    "name": "主動統一全球創新",
    "close": 19.21,
    "open": 19.02,
    "high": 19.25,
    "low": 18.85,
    "volume": 43778671.0,
    "chg_amt": 0.7200000000000024,
    "chg_pct": 3.89,
    "nav": 18.66,
    "premium_pct": 2.95,
    "aum_billion": 598.81,
    "is_benchmark": false
  },
  "00403A": {
    "name": "主動統一升級50",
    "close": 10.41,
    "open": 10.25,
    "high": 10.44,
    "low": 10.19,
    "volume": 225147525.0,
    "chg_amt": 0.3000000000000007,
    "chg_pct": 2.97,
    "nav": 10.11,
    "premium_pct": 2.97,
    "aum_billion": 1595.87,
    "is_benchmark": false
  },
  "00405A": {
    "name": "主動富邦台灣龍耀",
    "close": 8.62,
    "open": 8.44,
    "high": 8.62,
    "low": 8.36,
    "volume": 72316199.0,
    "chg_amt": 0.33000000000000007,
    "chg_pct": 3.98,
    "nav": 8.3,
    "premium_pct": 3.86,
    "aum_billion": 259.09,
    "is_benchmark": false
  },
  "0050": {
    "name": "元大台灣50",
    "close": 106.3,
    "open": 105.3,
    "high": 106.45,
    "low": 104.65,
    "volume": 109641495.0,
    "chg_amt": 1.8999999999999915,
    "chg_pct": 1.82,
    "nav": 104.16,
    "premium_pct": 2.05,
    "aum_billion": 21916.12,
    "is_benchmark": true
  },
  "00631L": {
    "name": "元大台灣50正2",
    "close": 37.04,
    "open": 36.45,
    "high": 37.29,
    "low": 36.16,
    "volume": 170539319.0,
    "chg_amt": 1.1599999999999966,
    "chg_pct": 3.23,
    "nav": 35.78,
    "premium_pct": 3.52,
    "aum_billion": 2477.94,
    "is_benchmark": true
  },
  "009816": {
    "name": "凱基台灣TOP50",
    "close": 15.29,
    "open": 15.14,
    "high": 15.35,
    "low": 15.07,
    "volume": 93205838.0,
    "chg_amt": 0.3199999999999985,
    "chg_pct": 2.14,
    "nav": 14.94,
    "premium_pct": 2.34,
    "aum_billion": 1604.91,
    "is_benchmark": true
  },
  "00830": {
    "name": "國泰費城半導體",
    "close": 92.0,
    "open": 90.9,
    "high": 92.25,
    "low": 90.75,
    "volume": 8369950.0,
    "chg_amt": 2.75,
    "chg_pct": 3.08,
    "nav": 90.38,
    "premium_pct": 1.79,
    "aum_billion": 680.45,
    "is_benchmark": true
  },
  "00878": {
    "name": "國泰永續高股息",
    "close": 33.21,
    "open": 33.0,
    "high": 33.23,
    "low": 32.85,
    "volume": 26053558.0,
    "chg_amt": 0.490000000000002,
    "chg_pct": 1.5,
    "nav": 32.82,
    "premium_pct": 1.19,
    "aum_billion": 6018.17,
    "is_benchmark": true
  },
  "00919": {
    "name": "群益台灣精選高息",
    "close": 29.77,
    "open": 29.72,
    "high": 29.85,
    "low": 29.52,
    "volume": 43382559.0,
    "chg_amt": 0.34999999999999787,
    "chg_pct": 1.19,
    "nav": 29.5,
    "premium_pct": 0.92,
    "aum_billion": 5337.09,
    "is_benchmark": true
  }
}