{
  "00981A": {
    "name": "統一台股增長",
    "close": 29.89,
    "open": 28.12,
    "high": 29.9,
    "low": 28.11,
    "volume": 410034404.0,
    "chg_amt": -0.9199999999999982,
    "chg_pct": -2.99,
    "nav": 29.91,
    "premium_pct": -0.07,
    "aum_billion": 2799.11,
    "is_benchmark": false
  },
  "00982A": {
    "name": "群益台灣強棒",
    "close": 22.59,
    "open": 21.7,
    "high": 22.65,
    "low": 21.68,
    "volume": 54856570.0,
    "chg_amt": -1.1499999999999986,
    "chg_pct": -4.84,
    "nav": 22.64,
    "premium_pct": -0.22,
    "aum_billion": 527.81,
    "is_benchmark": false
  },
  "00991A": {
    "name": "復華未來50",
    "close": 18.69,
    "open": 17.52,
    "high": 18.73,
    "low": 17.52,
    "volume": 122886451.0,
    "chg_amt": -0.5299999999999976,
    "chg_pct": -2.76,
    "nav": 18.68,
    "premium_pct": 0.05,
    "aum_billion": 580.1,
    "is_benchmark": false
  },
  "00992A": {
    "name": "群益科技創新",
    "close": 17.52,
    "open": 16.49,
    "high": 17.55,
    "low": 16.48,
    "volume": 69710609.0,
    "chg_amt": -0.41000000000000014,
    "chg_pct": -2.29,
    "nav": 17.59,
    "premium_pct": -0.4,
    "aum_billion": 468.55,
    "is_benchmark": false
  },
  "00993A": {
    "name": "安聯台灣",
    "close": 12.92,
    "open": 12.16,
    "high": 12.96,
    "low": 12.16,
    "volume": 15434769.0,
    "chg_amt": -0.4900000000000002,
    "chg_pct": -3.65,
    "nav": 12.99,
    "premium_pct": -0.54,
    "aum_billion": 112.97,
    "is_benchmark": false
  },
  "00980A": {
    "name": "野村臺灣優選",
    "close": 23.64,
    "open": 22.59,
    "high": 23.68,
    "low": 22.59,
    "volume": 15490913.0,
    "chg_amt": -0.6799999999999997,
    "chg_pct": -2.8,
    "nav": 23.73,
    "premium_pct": -0.38,
    "aum_billion": 180.77,
    "is_benchmark": false
  },
  "00985A": {
    "name": "野村台灣50",
    "close": 21.37,
    "open": 20.29,
    "high": 21.4,
    "low": 20.24,
    "volume": 7558213.0,
    "chg_amt": -0.629999999999999,
    "chg_pct": -2.86,
    "nav": 21.45,
    "premium_pct": -0.37,
    "aum_billion": 110.13,
    "is_benchmark": false
  },
  "00995A": {
    "name": "中信台灣卓越",
    "close": 17.09,
    "open": 16.04,
    "high": 17.11,
    "low": 16.0,
    "volume": 8468641.0,
    "chg_amt": -0.5300000000000011,
    "chg_pct": -3.01,
    "nav": 17.17,
    "premium_pct": -0.47,
    "aum_billion": 56.97,
    "is_benchmark": false
  },
  "00984A": {
    "name": "安聯台灣高息",
    "close": 15.64,
    "open": 15.14,
    "high": 15.68,
    "low": 15.14,
    "volume": 12145253.0,
    "chg_amt": -0.6899999999999977,
    "chg_pct": -4.23,
    "nav": 15.63,
    "premium_pct": 0.06,
    "aum_billion": 75.39,
    "is_benchmark": false
  },
  "00987A": {
    "name": "台新優勢成長",
    "close": 16.78,
    "open": 15.85,
    "high": 16.82,
    "low": 15.85,
    "volume": 7272899.0,
    "chg_amt": -0.5999999999999979,
    "chg_pct": -3.45,
    "nav": 16.85,
    "premium_pct": -0.42,
    "aum_billion": 33.75,
    "is_benchmark": false
  },
  "00994A": {
    "name": "第一金台股優",
    "close": 17.43,
    "open": 16.5,
    "high": 17.46,
    "low": 16.5,
    "volume": 11705029.0,
    "chg_amt": -0.4800000000000004,
    "chg_pct": -2.68,
    "nav": 17.41,
    "premium_pct": 0.11,
    "aum_billion": 54.91,
    "is_benchmark": false
  },
  "00996A": {
    "name": "兆豐台灣豐收",
    "close": 14.44,
    "open": 13.74,
    "high": 14.46,
    "low": 13.74,
    "volume": 14128970.0,
    "chg_amt": -0.5500000000000007,
    "chg_pct": -3.67,
    "nav": 14.52,
    "premium_pct": -0.55,
    "aum_billion": 49.52,
    "is_benchmark": false
  },
  "00400A": {
    "name": "國泰動能高息",
    "close": 14.08,
    "open": 13.28,
    "high": 14.1,
    "low": 13.28,
    "volume": 63381811.0,
    "chg_amt": -0.47000000000000064,
    "chg_pct": -3.23,
    "nav": 14.09,
    "premium_pct": -0.07,
    "aum_billion": 219.58,
    "is_benchmark": false
  },
  "00401A": {
    "name": "摩根台灣鑫收",
    "close": 13.25,
    "open": 12.72,
    "high": 13.26,
    "low": 12.72,
    "volume": 8323687.0,
    "chg_amt": -0.4299999999999997,
    "chg_pct": -3.14,
    "nav": 13.31,
    "premium_pct": -0.45,
    "aum_billion": 34.67,
    "is_benchmark": false
  },
  "00999A": {
    "name": "主動野村臺灣高息",
    "close": 10.9,
    "open": 10.47,
    "high": 10.9,
    "low": 10.47,
    "volume": 43838983.0,
    "chg_amt": -0.28999999999999915,
    "chg_pct": -2.59,
    "nav": 10.94,
    "premium_pct": -0.37,
    "aum_billion": 164.0,
    "is_benchmark": false
  },
  "00988A": {
    "name": "主動統一全球創新",
    "close": 20.25,
    "open": 19.7,
    "high": 20.36,
    "low": 19.68,
    "volume": 150737615.0,
    "chg_amt": -1.2100000000000009,
    "chg_pct": -5.64,
    "nav": 20.59,
    "premium_pct": -1.65,
    "aum_billion": 550.6,
    "is_benchmark": false
  },
  "00403A": {
    "name": "主動統一升級50",
    "close": 10.13,
    "open": 9.7,
    "high": 10.15,
    "low": 9.69,
    "volume": 687072227.0,
    "chg_amt": -0.27999999999999936,
    "chg_pct": -2.69,
    "nav": 10.16,
    "premium_pct": -0.3,
    "aum_billion": 1825.4,
    "is_benchmark": false
  },
  "0050": {
    "name": "元大台灣50",
    "close": 100.95,
    "open": 98.05,
    "high": 101.3,
    "low": 98.05,
    "volume": 524952235.0,
    "chg_amt": -3.200000000000003,
    "chg_pct": -3.07,
    "nav": 100.74,
    "premium_pct": 0.21,
    "aum_billion": 20534.36,
    "is_benchmark": true
  },
  "00631L": {
    "name": "元大台灣50正2",
    "close": 33.8,
    "open": 32.26,
    "high": 34.8,
    "low": 32.25,
    "volume": 732939511.0,
    "chg_amt": -2.8700000000000045,
    "chg_pct": -7.83,
    "nav": 33.35,
    "premium_pct": 1.35,
    "aum_billion": 1897.97,
    "is_benchmark": true
  },
  "009816": {
    "name": "凱基台灣TOP50",
    "close": 14.68,
    "open": 14.18,
    "high": 14.74,
    "low": 14.18,
    "volume": 374455363.0,
    "chg_amt": -0.5099999999999998,
    "chg_pct": -3.36,
    "nav": 14.66,
    "premium_pct": 0.14,
    "aum_billion": 1420.26,
    "is_benchmark": true
  },
  "00830": {
    "name": "國泰費城半導體",
    "close": 87.9,
    "open": 86.0,
    "high": 88.6,
    "low": 86.0,
    "volume": 26956805.0,
    "chg_amt": -6.049999999999997,
    "chg_pct": -6.44,
    "nav": 85.46,
    "premium_pct": 2.86,
    "aum_billion": 625.79,
    "is_benchmark": true
  },
  "00878": {
    "name": "國泰永續高股息",
    "close": 31.11,
    "open": 30.02,
    "high": 31.17,
    "low": 30.02,
    "volume": 142765587.0,
    "chg_amt": -1.2100000000000009,
    "chg_pct": -3.74,
    "nav": 31.28,
    "premium_pct": -0.54,
    "aum_billion": 6048.77,
    "is_benchmark": true
  },
  "00919": {
    "name": "群益台灣精選高息",
    "close": 29.48,
    "open": 28.66,
    "high": 29.65,
    "low": 28.66,
    "volume": 287348480.0,
    "chg_amt": -1.1900000000000013,
    "chg_pct": -3.88,
    "nav": 29.42,
    "premium_pct": 0.2,
    "aum_billion": 5425.86,
    "is_benchmark": true
  }
}