{
  "00981A": {
    "name": "統一台股增長",
    "close": 30.81,
    "open": 30.76,
    "high": 31.25,
    "low": 29.75,
    "volume": 342381984.0,
    "chg_amt": -0.5500000000000007,
    "chg_pct": -1.75,
    "nav": 30.76,
    "premium_pct": 0.16,
    "aum_billion": 2843.49,
    "is_benchmark": false
  },
  "00982A": {
    "name": "群益台灣強棒",
    "close": 23.74,
    "open": 23.75,
    "high": 24.04,
    "low": 22.96,
    "volume": 40610846.0,
    "chg_amt": -0.3100000000000023,
    "chg_pct": -1.29,
    "nav": 23.81,
    "premium_pct": -0.29,
    "aum_billion": 534.34,
    "is_benchmark": false
  },
  "00991A": {
    "name": "復華未來50",
    "close": 19.22,
    "open": 19.2,
    "high": 19.55,
    "low": 18.47,
    "volume": 122798111.0,
    "chg_amt": -0.39000000000000057,
    "chg_pct": -1.99,
    "nav": 19.2,
    "premium_pct": 0.1,
    "aum_billion": 588.88,
    "is_benchmark": false
  },
  "00992A": {
    "name": "群益科技創新",
    "close": 17.93,
    "open": 17.93,
    "high": 18.25,
    "low": 17.28,
    "volume": 68704989.0,
    "chg_amt": -0.2699999999999996,
    "chg_pct": -1.48,
    "nav": 18.02,
    "premium_pct": -0.5,
    "aum_billion": 485.33,
    "is_benchmark": false
  },
  "00993A": {
    "name": "安聯台灣",
    "close": 13.41,
    "open": 13.45,
    "high": 13.6,
    "low": 12.92,
    "volume": 11347687.0,
    "chg_amt": -0.27999999999999936,
    "chg_pct": -2.05,
    "nav": 13.44,
    "premium_pct": -0.22,
    "aum_billion": 115.39,
    "is_benchmark": false
  },
  "00980A": {
    "name": "野村臺灣優選",
    "close": 24.32,
    "open": 24.43,
    "high": 24.65,
    "low": 23.69,
    "volume": 14572338.0,
    "chg_amt": -0.5700000000000003,
    "chg_pct": -2.29,
    "nav": 24.35,
    "premium_pct": -0.12,
    "aum_billion": 184.57,
    "is_benchmark": false
  },
  "00985A": {
    "name": "野村台灣50",
    "close": 22.0,
    "open": 22.13,
    "high": 22.17,
    "low": 21.56,
    "volume": 6712323.0,
    "chg_amt": -0.370000000000001,
    "chg_pct": -1.65,
    "nav": 22.01,
    "premium_pct": -0.05,
    "aum_billion": 112.3,
    "is_benchmark": false
  },
  "00995A": {
    "name": "中信台灣卓越",
    "close": 17.62,
    "open": 17.88,
    "high": 17.88,
    "low": 17.0,
    "volume": 7262667.0,
    "chg_amt": -0.34999999999999787,
    "chg_pct": -1.95,
    "nav": 17.66,
    "premium_pct": -0.23,
    "aum_billion": 57.96,
    "is_benchmark": false
  },
  "00984A": {
    "name": "安聯台灣高息",
    "close": 16.33,
    "open": 16.35,
    "high": 16.46,
    "low": 15.9,
    "volume": 14011980.0,
    "chg_amt": -0.18000000000000327,
    "chg_pct": -1.09,
    "nav": 16.32,
    "premium_pct": 0.06,
    "aum_billion": 75.86,
    "is_benchmark": false
  },
  "00987A": {
    "name": "台新優勢成長",
    "close": 17.38,
    "open": 17.43,
    "high": 17.7,
    "low": 16.7,
    "volume": 6194260.0,
    "chg_amt": -0.41000000000000014,
    "chg_pct": -2.3,
    "nav": 17.43,
    "premium_pct": -0.29,
    "aum_billion": 34.42,
    "is_benchmark": false
  },
  "00994A": {
    "name": "第一金台股優",
    "close": 17.91,
    "open": 18.0,
    "high": 18.2,
    "low": 17.36,
    "volume": 12227044.0,
    "chg_amt": -0.41999999999999815,
    "chg_pct": -2.29,
    "nav": 17.9,
    "premium_pct": 0.06,
    "aum_billion": 56.0,
    "is_benchmark": false
  },
  "00996A": {
    "name": "兆豐台灣豐收",
    "close": 14.99,
    "open": 14.99,
    "high": 15.2,
    "low": 14.35,
    "volume": 13935219.0,
    "chg_amt": -0.3200000000000003,
    "chg_pct": -2.09,
    "nav": 15.01,
    "premium_pct": -0.13,
    "aum_billion": 50.32,
    "is_benchmark": false
  },
  "00400A": {
    "name": "國泰動能高息",
    "close": 14.55,
    "open": 14.64,
    "high": 14.74,
    "low": 14.08,
    "volume": 60780296.0,
    "chg_amt": -0.3099999999999987,
    "chg_pct": -2.09,
    "nav": 14.55,
    "premium_pct": 0,
    "aum_billion": 223.17,
    "is_benchmark": false
  },
  "00401A": {
    "name": "摩根台灣鑫收",
    "close": 13.68,
    "open": 13.8,
    "high": 13.8,
    "low": 13.38,
    "volume": 17322548.0,
    "chg_amt": -0.16000000000000014,
    "chg_pct": -1.16,
    "nav": 13.71,
    "premium_pct": -0.22,
    "aum_billion": 34.95,
    "is_benchmark": false
  },
  "00999A": {
    "name": "主動野村臺灣高息",
    "close": 11.19,
    "open": 11.29,
    "high": 11.32,
    "low": 10.97,
    "volume": 47021436.0,
    "chg_amt": -0.20000000000000107,
    "chg_pct": -1.76,
    "nav": 11.21,
    "premium_pct": -0.18,
    "aum_billion": 166.14,
    "is_benchmark": false
  },
  "00988A": {
    "name": "主動統一全球創新",
    "close": 21.46,
    "open": 21.4,
    "high": 21.7,
    "low": 20.98,
    "volume": 132272581.0,
    "chg_amt": -0.629999999999999,
    "chg_pct": -2.85,
    "nav": 21.82,
    "premium_pct": -1.65,
    "aum_billion": 529.5,
    "is_benchmark": false
  },
  "00403A": {
    "name": "主動統一升級50",
    "close": 10.41,
    "open": 10.44,
    "high": 10.54,
    "low": 10.13,
    "volume": 588246967.0,
    "chg_amt": -0.17999999999999972,
    "chg_pct": -1.7,
    "nav": 10.46,
    "premium_pct": -0.48,
    "aum_billion": 1860.3,
    "is_benchmark": false
  },
  "0050": {
    "name": "元大台灣50",
    "close": 104.15,
    "open": 105.0,
    "high": 105.35,
    "low": 102.8,
    "volume": 337031371.0,
    "chg_amt": -1.9499999999999886,
    "chg_pct": -1.84,
    "nav": 104.16,
    "premium_pct": -0.01,
    "aum_billion": 20581.08,
    "is_benchmark": true
  },
  "00631L": {
    "name": "元大台灣50正2",
    "close": 36.67,
    "open": 37.43,
    "high": 37.53,
    "low": 35.91,
    "volume": 455919015.0,
    "chg_amt": -1.6299999999999955,
    "chg_pct": -4.26,
    "nav": 36.56,
    "premium_pct": 0.3,
    "aum_billion": 1889.29,
    "is_benchmark": true
  },
  "009816": {
    "name": "凱基台灣TOP50",
    "close": 15.19,
    "open": 15.3,
    "high": 15.37,
    "low": 14.92,
    "volume": 232854524.0,
    "chg_amt": -0.2900000000000009,
    "chg_pct": -1.87,
    "nav": 15.16,
    "premium_pct": 0.2,
    "aum_billion": 1428.0,
    "is_benchmark": true
  },
  "00830": {
    "name": "國泰費城半導體",
    "close": 93.95,
    "open": 93.5,
    "high": 94.2,
    "low": 92.35,
    "volume": 10625877.0,
    "chg_amt": -1.6499999999999915,
    "chg_pct": -1.73,
    "nav": 95.04,
    "premium_pct": -1.15,
    "aum_billion": 633.79,
    "is_benchmark": true
  },
  "00878": {
    "name": "國泰永續高股息",
    "close": 32.32,
    "open": 32.35,
    "high": 32.44,
    "low": 31.63,
    "volume": 129424685.0,
    "chg_amt": -0.35999999999999943,
    "chg_pct": -1.1,
    "nav": 32.52,
    "premium_pct": -0.62,
    "aum_billion": 6114.32,
    "is_benchmark": true
  },
  "00919": {
    "name": "群益台灣精選高息",
    "close": 30.67,
    "open": 30.46,
    "high": 30.7,
    "low": 29.95,
    "volume": 163636346.0,
    "chg_amt": 0.15000000000000213,
    "chg_pct": 0.49,
    "nav": 30.65,
    "premium_pct": 0.07,
    "aum_billion": 5358.42,
    "is_benchmark": true
  }
}