{
  "00981A": {
    "name": "統一台股增長",
    "close": 31.54,
    "open": 31.66,
    "high": 31.72,
    "low": 31.27,
    "volume": 205601160.0,
    "chg_amt": 0.8200000000000003,
    "chg_pct": 2.67,
    "nav": 31.37,
    "premium_pct": 0.54,
    "aum_billion": 2815.44,
    "is_benchmark": false
  },
  "00982A": {
    "name": "群益台灣強棒",
    "close": 24.34,
    "open": 24.43,
    "high": 24.54,
    "low": 24.18,
    "volume": 35427679.0,
    "chg_amt": 0.5300000000000011,
    "chg_pct": 2.23,
    "nav": 24.32,
    "premium_pct": 0.08,
    "aum_billion": 539.76,
    "is_benchmark": false
  },
  "00991A": {
    "name": "復華未來50",
    "close": 19.64,
    "open": 19.7,
    "high": 19.79,
    "low": 19.55,
    "volume": 112248713.0,
    "chg_amt": 0.5399999999999991,
    "chg_pct": 2.83,
    "nav": 19.61,
    "premium_pct": 0.15,
    "aum_billion": 547.54,
    "is_benchmark": false
  },
  "00992A": {
    "name": "群益科技創新",
    "close": 18.35,
    "open": 18.42,
    "high": 18.45,
    "low": 18.2,
    "volume": 106078671.0,
    "chg_amt": 0.33999999999999986,
    "chg_pct": 1.89,
    "nav": 18.42,
    "premium_pct": -0.38,
    "aum_billion": 507.35,
    "is_benchmark": false
  },
  "00993A": {
    "name": "安聯台灣",
    "close": 13.78,
    "open": 13.79,
    "high": 13.84,
    "low": 13.68,
    "volume": 11243090.0,
    "chg_amt": 0.3199999999999985,
    "chg_pct": 2.38,
    "nav": 13.8,
    "premium_pct": -0.14,
    "aum_billion": 118.09,
    "is_benchmark": false
  },
  "00980A": {
    "name": "野村臺灣優選",
    "close": 24.48,
    "open": 24.29,
    "high": 24.55,
    "low": 24.2,
    "volume": 17497954.0,
    "chg_amt": 0.8099999999999987,
    "chg_pct": 3.42,
    "nav": 24.52,
    "premium_pct": -0.16,
    "aum_billion": 180.22,
    "is_benchmark": false
  },
  "00985A": {
    "name": "野村台灣50",
    "close": 22.15,
    "open": 21.91,
    "high": 22.17,
    "low": 21.91,
    "volume": 7896963.0,
    "chg_amt": 0.5700000000000003,
    "chg_pct": 2.64,
    "nav": 22.12,
    "premium_pct": 0.14,
    "aum_billion": 110.72,
    "is_benchmark": false
  },
  "00995A": {
    "name": "中信台灣卓越",
    "close": 18.15,
    "open": 18.14,
    "high": 18.25,
    "low": 18.0,
    "volume": 7050966.0,
    "chg_amt": 0.4799999999999969,
    "chg_pct": 2.72,
    "nav": 18.08,
    "premium_pct": 0.39,
    "aum_billion": 57.71,
    "is_benchmark": false
  },
  "00984A": {
    "name": "安聯台灣高息",
    "close": 16.16,
    "open": 16.09,
    "high": 16.17,
    "low": 16.04,
    "volume": 6093342.0,
    "chg_amt": 0.3100000000000005,
    "chg_pct": 1.96,
    "nav": 16.12,
    "premium_pct": 0.25,
    "aum_billion": 71.8,
    "is_benchmark": false
  },
  "00987A": {
    "name": "台新優勢成長",
    "close": 17.9,
    "open": 17.84,
    "high": 18.08,
    "low": 17.77,
    "volume": 5027474.0,
    "chg_amt": 0.41999999999999815,
    "chg_pct": 2.4,
    "nav": 17.89,
    "premium_pct": 0.06,
    "aum_billion": 35.52,
    "is_benchmark": false
  },
  "00994A": {
    "name": "第一金台股優",
    "close": 18.48,
    "open": 18.52,
    "high": 18.6,
    "low": 18.37,
    "volume": 8386320.0,
    "chg_amt": 0.33999999999999986,
    "chg_pct": 1.87,
    "nav": 18.48,
    "premium_pct": 0,
    "aum_billion": 56.58,
    "is_benchmark": false
  },
  "00996A": {
    "name": "兆豐台灣豐收",
    "close": 15.29,
    "open": 15.46,
    "high": 15.46,
    "low": 15.19,
    "volume": 11635581.0,
    "chg_amt": 0.2599999999999998,
    "chg_pct": 1.73,
    "nav": 15.29,
    "premium_pct": 0,
    "aum_billion": 49.84,
    "is_benchmark": false
  },
  "00400A": {
    "name": "國泰動能高息",
    "close": 14.83,
    "open": 14.82,
    "high": 14.84,
    "low": 14.68,
    "volume": 49468303.0,
    "chg_amt": 0.4299999999999997,
    "chg_pct": 2.99,
    "nav": 14.8,
    "premium_pct": 0.2,
    "aum_billion": 221.52,
    "is_benchmark": false
  },
  "00401A": {
    "name": "摩根台灣鑫收",
    "close": 13.67,
    "open": 13.57,
    "high": 13.71,
    "low": 13.56,
    "volume": 6660666.0,
    "chg_amt": 0.2699999999999996,
    "chg_pct": 2.01,
    "nav": 13.65,
    "premium_pct": 0.15,
    "aum_billion": 35.07,
    "is_benchmark": false
  },
  "00999A": {
    "name": "主動野村臺灣高息",
    "close": 10.9,
    "open": 10.8,
    "high": 10.91,
    "low": 10.78,
    "volume": 60468225.0,
    "chg_amt": 0.33999999999999986,
    "chg_pct": 3.22,
    "nav": 10.95,
    "premium_pct": -0.46,
    "aum_billion": 161.83,
    "is_benchmark": false
  },
  "00988A": {
    "name": "主動統一全球創新",
    "close": 22.11,
    "open": 21.9,
    "high": 22.12,
    "low": 21.72,
    "volume": 94535865.0,
    "chg_amt": 0.8999999999999986,
    "chg_pct": 4.24,
    "nav": 21.13,
    "premium_pct": 4.64,
    "aum_billion": 422.48,
    "is_benchmark": false
  },
  "00403A": {
    "name": "主動統一升級50",
    "close": 10.7,
    "open": 10.75,
    "high": 10.77,
    "low": 10.62,
    "volume": 466117885.0,
    "chg_amt": 0.22999999999999865,
    "chg_pct": 2.2,
    "nav": 10.74,
    "premium_pct": -0.37,
    "aum_billion": 1910.17,
    "is_benchmark": false
  },
  "0050": {
    "name": "元大台灣50",
    "close": 105.4,
    "open": 103.2,
    "high": 105.4,
    "low": 102.7,
    "volume": 102355526.0,
    "chg_amt": 4.900000000000006,
    "chg_pct": 4.88,
    "nav": 103.54,
    "premium_pct": 1.8,
    "aum_billion": 19286.26,
    "is_benchmark": true
  },
  "009816": {
    "name": "凱基台灣TOP50",
    "close": 15.2,
    "open": 15.14,
    "high": 15.27,
    "low": 15.05,
    "volume": 155246577.0,
    "chg_amt": 0.3999999999999986,
    "chg_pct": 2.7,
    "nav": 15.11,
    "premium_pct": 0.6,
    "aum_billion": 1317.88,
    "is_benchmark": true
  },
  "00830": {
    "name": "國泰費城半導體",
    "close": 89.9,
    "open": 89.45,
    "high": 89.9,
    "low": 89.15,
    "volume": 6173772.0,
    "chg_amt": 2.4000000000000057,
    "chg_pct": 2.74,
    "nav": 89.39,
    "premium_pct": 0.57,
    "aum_billion": 567.7,
    "is_benchmark": true
  },
  "00878": {
    "name": "國泰永續高股息",
    "close": 30.76,
    "open": 30.58,
    "high": 30.8,
    "low": 30.35,
    "volume": 71631385.0,
    "chg_amt": 0.7600000000000016,
    "chg_pct": 2.53,
    "nav": 30.86,
    "premium_pct": -0.32,
    "aum_billion": 5674.0,
    "is_benchmark": true
  },
  "00919": {
    "name": "群益台灣精選高息",
    "close": 29.01,
    "open": 28.99,
    "high": 29.02,
    "low": 28.65,
    "volume": 104284944.0,
    "chg_amt": 0.6000000000000014,
    "chg_pct": 2.11,
    "nav": 29.12,
    "premium_pct": -0.38,
    "aum_billion": 4988.07,
    "is_benchmark": true
  }
}