{
  "00981A": {
    "name": "統一台股增長",
    "close": 31.23,
    "open": 30.42,
    "high": 31.23,
    "low": 30.02,
    "volume": 233150473.0,
    "chg_amt": 1.3399999999999999,
    "chg_pct": 4.48,
    "nav": 31.27,
    "premium_pct": -0.13,
    "aum_billion": 2736.83,
    "is_benchmark": false
  },
  "00982A": {
    "name": "群益台灣強棒",
    "close": 23.48,
    "open": 22.94,
    "high": 23.48,
    "low": 22.75,
    "volume": 31775450.0,
    "chg_amt": 0.8900000000000006,
    "chg_pct": 3.94,
    "nav": 23.62,
    "premium_pct": -0.59,
    "aum_billion": 501.99,
    "is_benchmark": false
  },
  "00991A": {
    "name": "復華未來50",
    "close": 19.6,
    "open": 18.98,
    "high": 19.6,
    "low": 18.8,
    "volume": 67112263.0,
    "chg_amt": 0.9100000000000001,
    "chg_pct": 4.87,
    "nav": 19.55,
    "premium_pct": 0.26,
    "aum_billion": 568.35,
    "is_benchmark": false
  },
  "00992A": {
    "name": "群益科技創新",
    "close": 18.29,
    "open": 17.72,
    "high": 18.29,
    "low": 17.65,
    "volume": 73035647.0,
    "chg_amt": 0.7699999999999996,
    "chg_pct": 4.39,
    "nav": 18.39,
    "premium_pct": -0.54,
    "aum_billion": 456.82,
    "is_benchmark": false
  },
  "00993A": {
    "name": "安聯台灣",
    "close": 13.5,
    "open": 13.07,
    "high": 13.5,
    "low": 12.99,
    "volume": 11608418.0,
    "chg_amt": 0.5800000000000001,
    "chg_pct": 4.49,
    "nav": 13.56,
    "premium_pct": -0.44,
    "aum_billion": 108.84,
    "is_benchmark": false
  },
  "00980A": {
    "name": "野村臺灣優選",
    "close": 24.47,
    "open": 23.82,
    "high": 24.48,
    "low": 23.76,
    "volume": 11644164.0,
    "chg_amt": 0.8299999999999983,
    "chg_pct": 3.51,
    "nav": 24.63,
    "premium_pct": -0.65,
    "aum_billion": 175.69,
    "is_benchmark": false
  },
  "00985A": {
    "name": "野村台灣50",
    "close": 21.97,
    "open": 21.49,
    "high": 21.98,
    "low": 21.47,
    "volume": 4055202.0,
    "chg_amt": 0.5999999999999979,
    "chg_pct": 2.81,
    "nav": 22.06,
    "premium_pct": -0.41,
    "aum_billion": 107.1,
    "is_benchmark": false
  },
  "00995A": {
    "name": "中信台灣卓越",
    "close": 17.8,
    "open": 17.52,
    "high": 17.88,
    "low": 17.25,
    "volume": 11968930.0,
    "chg_amt": 0.7100000000000009,
    "chg_pct": 4.15,
    "nav": 17.94,
    "premium_pct": -0.78,
    "aum_billion": 55.22,
    "is_benchmark": false
  },
  "00984A": {
    "name": "安聯台灣高息",
    "close": 16.08,
    "open": 15.73,
    "high": 16.11,
    "low": 15.65,
    "volume": 5954474.0,
    "chg_amt": 0.4399999999999977,
    "chg_pct": 2.81,
    "nav": 16.17,
    "premium_pct": -0.56,
    "aum_billion": 72.82,
    "is_benchmark": false
  },
  "00987A": {
    "name": "台新優勢成長",
    "close": 17.34,
    "open": 16.95,
    "high": 17.34,
    "low": 16.77,
    "volume": 5558208.0,
    "chg_amt": 0.5599999999999987,
    "chg_pct": 3.34,
    "nav": 17.45,
    "premium_pct": -0.63,
    "aum_billion": 32.54,
    "is_benchmark": false
  },
  "00994A": {
    "name": "第一金台股優",
    "close": 17.94,
    "open": 17.67,
    "high": 17.94,
    "low": 17.47,
    "volume": 8545806.0,
    "chg_amt": 0.5100000000000016,
    "chg_pct": 2.93,
    "nav": 18.04,
    "premium_pct": -0.55,
    "aum_billion": 53.66,
    "is_benchmark": false
  },
  "00996A": {
    "name": "兆豐台灣豐收",
    "close": 15.18,
    "open": 14.66,
    "high": 15.18,
    "low": 14.58,
    "volume": 9106213.0,
    "chg_amt": 0.7400000000000002,
    "chg_pct": 5.12,
    "nav": 15.19,
    "premium_pct": -0.07,
    "aum_billion": 47.9,
    "is_benchmark": false
  },
  "00400A": {
    "name": "國泰動能高息",
    "close": 14.63,
    "open": 14.27,
    "high": 14.65,
    "low": 14.17,
    "volume": 39839738.0,
    "chg_amt": 0.5500000000000007,
    "chg_pct": 3.91,
    "nav": 14.7,
    "premium_pct": -0.48,
    "aum_billion": 212.7,
    "is_benchmark": false
  },
  "00401A": {
    "name": "摩根台灣鑫收",
    "close": 13.73,
    "open": 13.4,
    "high": 13.73,
    "low": 13.37,
    "volume": 3589282.0,
    "chg_amt": 0.4800000000000004,
    "chg_pct": 3.62,
    "nav": 13.77,
    "premium_pct": -0.29,
    "aum_billion": 33.34,
    "is_benchmark": false
  },
  "00999A": {
    "name": "主動野村臺灣高息",
    "close": 11.2,
    "open": 11.03,
    "high": 11.21,
    "low": 10.93,
    "volume": 36972315.0,
    "chg_amt": 0.29999999999999893,
    "chg_pct": 2.75,
    "nav": 11.27,
    "premium_pct": -0.62,
    "aum_billion": 160.06,
    "is_benchmark": false
  },
  "00988A": {
    "name": "主動統一全球創新",
    "close": 20.9,
    "open": 20.52,
    "high": 20.92,
    "low": 20.3,
    "volume": 57018078.0,
    "chg_amt": 0.6499999999999986,
    "chg_pct": 3.21,
    "nav": 20.34,
    "premium_pct": 2.75,
    "aum_billion": 521.03,
    "is_benchmark": false
  },
  "00403A": {
    "name": "主動統一升級50",
    "close": 10.41,
    "open": 10.26,
    "high": 10.42,
    "low": 10.15,
    "volume": 424730303.0,
    "chg_amt": 0.27999999999999936,
    "chg_pct": 2.76,
    "nav": 10.5,
    "premium_pct": -0.86,
    "aum_billion": 1779.27,
    "is_benchmark": false
  },
  "00405A": {
    "name": "主動富邦台灣龍耀",
    "close": 9.48,
    "open": 9.47,
    "high": 9.48,
    "low": 9.23,
    "volume": 484277791.0,
    "chg_amt": 0.0,
    "chg_pct": 0.0,
    "nav": 9.47,
    "premium_pct": 0.11,
    "aum_billion": 117.82,
    "is_benchmark": false
  },
  "0050": {
    "name": "元大台灣50",
    "close": 103.5,
    "open": 102.1,
    "high": 103.6,
    "low": 101.35,
    "volume": 246039378.0,
    "chg_amt": 2.549999999999997,
    "chg_pct": 2.53,
    "nav": 103.24,
    "premium_pct": 0.25,
    "aum_billion": 20138.07,
    "is_benchmark": true
  },
  "00631L": {
    "name": "元大台灣50正2",
    "close": 35.44,
    "open": 34.52,
    "high": 35.56,
    "low": 34.12,
    "volume": 252529320.0,
    "chg_amt": 1.6400000000000006,
    "chg_pct": 4.85,
    "nav": 35.44,
    "premium_pct": 0,
    "aum_billion": 1877.97,
    "is_benchmark": true
  },
  "009816": {
    "name": "凱基台灣TOP50",
    "close": 15.16,
    "open": 14.89,
    "high": 15.2,
    "low": 14.78,
    "volume": 131245937.0,
    "chg_amt": 0.4800000000000004,
    "chg_pct": 3.27,
    "nav": 15.15,
    "premium_pct": 0.07,
    "aum_billion": 1392.77,
    "is_benchmark": true
  },
  "00830": {
    "name": "國泰費城半導體",
    "close": 91.75,
    "open": 90.1,
    "high": 91.75,
    "low": 90.1,
    "volume": 6546724.0,
    "chg_amt": 3.8499999999999943,
    "chg_pct": 4.38,
    "nav": 90.49,
    "premium_pct": 1.39,
    "aum_billion": 562.7,
    "is_benchmark": true
  },
  "00878": {
    "name": "國泰永續高股息",
    "close": 32.31,
    "open": 31.37,
    "high": 32.39,
    "low": 31.37,
    "volume": 85554155.0,
    "chg_amt": 1.2000000000000028,
    "chg_pct": 3.86,
    "nav": 32.51,
    "premium_pct": -0.62,
    "aum_billion": 5805.6,
    "is_benchmark": true
  },
  "00919": {
    "name": "群益台灣精選高息",
    "close": 30.72,
    "open": 29.9,
    "high": 30.84,
    "low": 29.71,
    "volume": 143900855.0,
    "chg_amt": 1.2399999999999984,
    "chg_pct": 4.21,
    "nav": 30.76,
    "premium_pct": -0.13,
    "aum_billion": 5219.05,
    "is_benchmark": true
  }
}