{
  "00981A": {
    "name": "統一台股增長",
    "close": 25.9,
    "open": 26.43,
    "high": 26.6,
    "low": 25.27,
    "volume": 271681930.0,
    "chg_amt": -0.5300000000000011,
    "chg_pct": -2.01,
    "nav": 26.46,
    "premium_pct": -2.12,
    "aum_billion": 2533.0,
    "is_benchmark": false
  },
  "00982A": {
    "name": "群益台灣強棒",
    "close": 21.08,
    "open": 21.49,
    "high": 21.63,
    "low": 20.51,
    "volume": 49787622.0,
    "chg_amt": -0.3500000000000014,
    "chg_pct": -1.63,
    "nav": 21.59,
    "premium_pct": -2.36,
    "aum_billion": 468.84,
    "is_benchmark": false
  },
  "00991A": {
    "name": "復華未來50",
    "close": 16.5,
    "open": 16.85,
    "high": 16.99,
    "low": 16.17,
    "volume": 169980984.0,
    "chg_amt": -0.3200000000000003,
    "chg_pct": -1.9,
    "nav": 16.88,
    "premium_pct": -2.25,
    "aum_billion": 727.02,
    "is_benchmark": false
  },
  "00992A": {
    "name": "群益科技創新",
    "close": 14.87,
    "open": 15.24,
    "high": 15.3,
    "low": 14.46,
    "volume": 49228323.0,
    "chg_amt": -0.3500000000000014,
    "chg_pct": -2.3,
    "nav": 14.87,
    "premium_pct": 0,
    "aum_billion": 371.05,
    "is_benchmark": false
  },
  "00993A": {
    "name": "安聯台灣",
    "close": 11.65,
    "open": 11.95,
    "high": 11.95,
    "low": 11.44,
    "volume": 15247045.0,
    "chg_amt": -0.25,
    "chg_pct": -2.1,
    "nav": 11.94,
    "premium_pct": -2.43,
    "aum_billion": 93.7,
    "is_benchmark": false
  },
  "00980A": {
    "name": "野村臺灣優選",
    "close": 21.13,
    "open": 21.5,
    "high": 21.54,
    "low": 20.63,
    "volume": 15557861.0,
    "chg_amt": -0.28000000000000114,
    "chg_pct": -1.31,
    "nav": 21.37,
    "premium_pct": -1.12,
    "aum_billion": 150.68,
    "is_benchmark": false
  },
  "00985A": {
    "name": "野村台灣50",
    "close": 20.03,
    "open": 20.37,
    "high": 20.38,
    "low": 19.75,
    "volume": 5858024.0,
    "chg_amt": -0.25,
    "chg_pct": -1.23,
    "nav": 20.28,
    "premium_pct": -1.23,
    "aum_billion": 94.96,
    "is_benchmark": false
  },
  "00995A": {
    "name": "中信台灣卓越",
    "close": 15.08,
    "open": 15.4,
    "high": 15.42,
    "low": 14.68,
    "volume": 8783524.0,
    "chg_amt": -0.3100000000000005,
    "chg_pct": -2.01,
    "nav": 15.39,
    "premium_pct": -2.01,
    "aum_billion": 45.72,
    "is_benchmark": false
  },
  "00984A": {
    "name": "安聯台灣高息",
    "close": 14.47,
    "open": 14.78,
    "high": 14.83,
    "low": 14.26,
    "volume": 15457215.0,
    "chg_amt": -0.33000000000000007,
    "chg_pct": -2.23,
    "nav": 14.74,
    "premium_pct": -1.83,
    "aum_billion": 93.18,
    "is_benchmark": false
  },
  "00987A": {
    "name": "台新優勢成長",
    "close": 13.55,
    "open": 14.06,
    "high": 14.06,
    "low": 13.15,
    "volume": 2364392.0,
    "chg_amt": -0.3999999999999986,
    "chg_pct": -2.87,
    "nav": 13.55,
    "premium_pct": 0,
    "aum_billion": 23.75,
    "is_benchmark": false
  },
  "00994A": {
    "name": "第一金台股優",
    "close": 14.73,
    "open": 15.13,
    "high": 15.18,
    "low": 14.53,
    "volume": 7956705.0,
    "chg_amt": -0.40000000000000036,
    "chg_pct": -2.64,
    "nav": 15.16,
    "premium_pct": -2.84,
    "aum_billion": 44.59,
    "is_benchmark": false
  },
  "00996A": {
    "name": "兆豐台灣豐收",
    "close": 12.65,
    "open": 13.1,
    "high": 13.17,
    "low": 12.48,
    "volume": 11416768.0,
    "chg_amt": -0.5199999999999996,
    "chg_pct": -3.95,
    "nav": 13.21,
    "premium_pct": -4.24,
    "aum_billion": 42.45,
    "is_benchmark": false
  },
  "00400A": {
    "name": "國泰動能高息",
    "close": 12.72,
    "open": 13.0,
    "high": 13.02,
    "low": 12.45,
    "volume": 46471238.0,
    "chg_amt": -0.2699999999999996,
    "chg_pct": -2.08,
    "nav": 12.91,
    "premium_pct": -1.47,
    "aum_billion": 247.95,
    "is_benchmark": false
  },
  "00401A": {
    "name": "摩根台灣鑫收",
    "close": 12.32,
    "open": 12.67,
    "high": 12.67,
    "low": 12.11,
    "volume": 6848670.0,
    "chg_amt": -0.17999999999999972,
    "chg_pct": -1.44,
    "nav": 12.54,
    "premium_pct": -1.75,
    "aum_billion": 29.28,
    "is_benchmark": false
  },
  "00999A": {
    "name": "主動野村臺灣高息",
    "close": 9.88,
    "open": 10.01,
    "high": 10.02,
    "low": 9.68,
    "volume": 21260027.0,
    "chg_amt": -0.08000000000000007,
    "chg_pct": -0.8,
    "nav": 9.97,
    "premium_pct": -0.9,
    "aum_billion": 120.28,
    "is_benchmark": false
  },
  "00988A": {
    "name": "主動統一全球創新",
    "close": 16.56,
    "open": 16.65,
    "high": 16.77,
    "low": 16.37,
    "volume": 71023669.0,
    "chg_amt": 0.3200000000000003,
    "chg_pct": 1.97,
    "nav": 16.63,
    "premium_pct": -0.42,
    "aum_billion": 579.1,
    "is_benchmark": false
  },
  "00403A": {
    "name": "主動統一升級50",
    "close": 9.28,
    "open": 9.54,
    "high": 9.55,
    "low": 9.13,
    "volume": 461738249.0,
    "chg_amt": -0.2400000000000002,
    "chg_pct": -2.52,
    "nav": 9.46,
    "premium_pct": -1.9,
    "aum_billion": 1548.7,
    "is_benchmark": false
  },
  "00405A": {
    "name": "主動富邦台灣龍耀",
    "close": 7.56,
    "open": 7.85,
    "high": 7.85,
    "low": 7.35,
    "volume": 95573367.0,
    "chg_amt": -0.1900000000000004,
    "chg_pct": -2.45,
    "nav": 7.74,
    "premium_pct": -2.33,
    "aum_billion": 252.61,
    "is_benchmark": false
  },
  "0050": {
    "name": "元大台灣50",
    "close": 99.2,
    "open": 100.2,
    "high": 100.6,
    "low": 98.3,
    "volume": 373784717.0,
    "chg_amt": -0.9500000000000028,
    "chg_pct": -0.95,
    "nav": 98.95,
    "premium_pct": 0.25,
    "aum_billion": 21063.91,
    "is_benchmark": true
  },
  "00631L": {
    "name": "元大台灣50正2",
    "close": 32.06,
    "open": 32.67,
    "high": 33.03,
    "low": 31.68,
    "volume": 327989317.0,
    "chg_amt": -0.10999999999999943,
    "chg_pct": -0.34,
    "nav": 31.7,
    "premium_pct": 1.14,
    "aum_billion": 2330.39,
    "is_benchmark": true
  },
  "009816": {
    "name": "凱基台灣TOP50",
    "close": 14.14,
    "open": 14.3,
    "high": 14.4,
    "low": 14.02,
    "volume": 242830957.0,
    "chg_amt": -0.1399999999999988,
    "chg_pct": -0.98,
    "nav": 14.19,
    "premium_pct": -0.35,
    "aum_billion": 1587.12,
    "is_benchmark": true
  },
  "00830": {
    "name": "國泰費城半導體",
    "close": 84.65,
    "open": 84.35,
    "high": 85.25,
    "low": 83.65,
    "volume": 12357383.0,
    "chg_amt": 1.5500000000000114,
    "chg_pct": 1.87,
    "nav": 83.74,
    "premium_pct": 1.09,
    "aum_billion": 664.26,
    "is_benchmark": true
  },
  "00878": {
    "name": "國泰永續高股息",
    "close": 31.36,
    "open": 31.97,
    "high": 31.97,
    "low": 31.1,
    "volume": 62783112.0,
    "chg_amt": -0.4499999999999993,
    "chg_pct": -1.41,
    "nav": 31.78,
    "premium_pct": -1.32,
    "aum_billion": 5828.99,
    "is_benchmark": true
  },
  "00919": {
    "name": "群益台灣精選高息",
    "close": 28.55,
    "open": 29.13,
    "high": 29.17,
    "low": 28.41,
    "volume": 108186430.0,
    "chg_amt": -0.379999999999999,
    "chg_pct": -1.31,
    "nav": 28.78,
    "premium_pct": -0.8,
    "aum_billion": 5212.97,
    "is_benchmark": true
  }
}