{
  "00981A": {
    "name": "統一台股增長",
    "close": 27.54,
    "open": 28.1,
    "high": 28.59,
    "low": 27.53,
    "volume": 165361078.0,
    "chg_amt": -1.1500000000000021,
    "chg_pct": -4.01,
    "nav": 27.45,
    "premium_pct": 0.33,
    "aum_billion": 2799.28,
    "is_benchmark": false
  },
  "00982A": {
    "name": "群益台灣強棒",
    "close": 21.98,
    "open": 22.48,
    "high": 22.72,
    "low": 21.89,
    "volume": 22393981.0,
    "chg_amt": -0.8299999999999983,
    "chg_pct": -3.64,
    "nav": 22.85,
    "premium_pct": -3.81,
    "aum_billion": 503.33,
    "is_benchmark": false
  },
  "00991A": {
    "name": "復華未來50",
    "close": 16.42,
    "open": 16.9,
    "high": 17.16,
    "low": 16.41,
    "volume": 132748690.0,
    "chg_amt": -0.7799999999999976,
    "chg_pct": -4.53,
    "nav": 17.33,
    "premium_pct": -5.25,
    "aum_billion": 778.63,
    "is_benchmark": false
  },
  "00992A": {
    "name": "群益科技創新",
    "close": 15.67,
    "open": 16.01,
    "high": 16.34,
    "low": 15.63,
    "volume": 26491681.0,
    "chg_amt": -0.6899999999999995,
    "chg_pct": -4.22,
    "nav": 16.44,
    "premium_pct": -4.68,
    "aum_billion": 397.76,
    "is_benchmark": false
  },
  "00993A": {
    "name": "安聯台灣",
    "close": 12.25,
    "open": 12.6,
    "high": 12.66,
    "low": 12.24,
    "volume": 5635243.0,
    "chg_amt": -0.5500000000000007,
    "chg_pct": -4.3,
    "nav": 12.82,
    "premium_pct": -4.45,
    "aum_billion": 100.6,
    "is_benchmark": false
  },
  "00980A": {
    "name": "野村臺灣優選",
    "close": 22.25,
    "open": 22.77,
    "high": 22.99,
    "low": 22.18,
    "volume": 6308303.0,
    "chg_amt": -0.8000000000000007,
    "chg_pct": -3.47,
    "nav": 23.11,
    "premium_pct": -3.72,
    "aum_billion": 163.7,
    "is_benchmark": false
  },
  "00985A": {
    "name": "野村台灣50",
    "close": 20.63,
    "open": 20.95,
    "high": 21.2,
    "low": 20.58,
    "volume": 1637113.0,
    "chg_amt": -0.6600000000000001,
    "chg_pct": -3.1,
    "nav": 21.38,
    "premium_pct": -3.51,
    "aum_billion": 100.12,
    "is_benchmark": false
  },
  "00995A": {
    "name": "中信台灣卓越",
    "close": 15.96,
    "open": 16.46,
    "high": 16.52,
    "low": 15.92,
    "volume": 3428731.0,
    "chg_amt": -0.6999999999999993,
    "chg_pct": -4.2,
    "nav": 16.73,
    "premium_pct": -4.6,
    "aum_billion": 50.02,
    "is_benchmark": false
  },
  "00984A": {
    "name": "安聯台灣高息",
    "close": 14.76,
    "open": 14.96,
    "high": 15.04,
    "low": 14.69,
    "volume": 6564680.0,
    "chg_amt": -0.34999999999999964,
    "chg_pct": -2.32,
    "nav": 15.12,
    "premium_pct": -2.38,
    "aum_billion": 96.78,
    "is_benchmark": false
  },
  "00987A": {
    "name": "台新優勢成長",
    "close": 14.28,
    "open": 14.73,
    "high": 14.9,
    "low": 14.19,
    "volume": 1853569.0,
    "chg_amt": -0.6500000000000004,
    "chg_pct": -4.35,
    "nav": 15.0,
    "premium_pct": -4.8,
    "aum_billion": 25.97,
    "is_benchmark": false
  },
  "00994A": {
    "name": "第一金台股優",
    "close": 15.5,
    "open": 16.0,
    "high": 16.11,
    "low": 15.47,
    "volume": 4193042.0,
    "chg_amt": -0.8200000000000003,
    "chg_pct": -5.02,
    "nav": 16.3,
    "premium_pct": -4.91,
    "aum_billion": 49.65,
    "is_benchmark": false
  },
  "00996A": {
    "name": "兆豐台灣豐收",
    "close": 13.18,
    "open": 13.6,
    "high": 13.73,
    "low": 13.15,
    "volume": 5589447.0,
    "chg_amt": -0.6699999999999999,
    "chg_pct": -4.84,
    "nav": 13.89,
    "premium_pct": -5.11,
    "aum_billion": 44.3,
    "is_benchmark": false
  },
  "00400A": {
    "name": "國泰動能高息",
    "close": 13.41,
    "open": 13.67,
    "high": 13.9,
    "low": 13.41,
    "volume": 55902580.0,
    "chg_amt": -0.5199999999999996,
    "chg_pct": -3.73,
    "nav": 13.96,
    "premium_pct": -3.94,
    "aum_billion": 270.06,
    "is_benchmark": false
  },
  "00401A": {
    "name": "摩根台灣鑫收",
    "close": 12.91,
    "open": 13.1,
    "high": 13.21,
    "low": 12.88,
    "volume": 16176210.0,
    "chg_amt": -0.28999999999999915,
    "chg_pct": -2.2,
    "nav": 13.26,
    "premium_pct": -2.64,
    "aum_billion": 30.56,
    "is_benchmark": false
  },
  "00999A": {
    "name": "主動野村臺灣高息",
    "close": 10.28,
    "open": 10.4,
    "high": 10.53,
    "low": 10.27,
    "volume": 8253607.0,
    "chg_amt": -0.27000000000000135,
    "chg_pct": -2.56,
    "nav": 10.6,
    "premium_pct": -3.02,
    "aum_billion": 126.67,
    "is_benchmark": false
  },
  "00988A": {
    "name": "主動統一全球創新",
    "close": 17.22,
    "open": 17.48,
    "high": 17.53,
    "low": 17.1,
    "volume": 40104828.0,
    "chg_amt": -0.6400000000000006,
    "chg_pct": -3.58,
    "nav": 17.74,
    "premium_pct": -2.93,
    "aum_billion": 594.47,
    "is_benchmark": false
  },
  "00403A": {
    "name": "主動統一升級50",
    "close": 9.63,
    "open": 9.81,
    "high": 9.92,
    "low": 9.63,
    "volume": 268175573.0,
    "chg_amt": -0.33999999999999986,
    "chg_pct": -3.41,
    "nav": 10.01,
    "premium_pct": -3.8,
    "aum_billion": 1685.91,
    "is_benchmark": false
  },
  "00405A": {
    "name": "主動富邦台灣龍耀",
    "close": 7.88,
    "open": 8.14,
    "high": 8.26,
    "low": 7.86,
    "volume": 98377737.0,
    "chg_amt": -0.3799999999999999,
    "chg_pct": -4.6,
    "nav": 8.29,
    "premium_pct": -4.95,
    "aum_billion": 273.61,
    "is_benchmark": false
  },
  "0050": {
    "name": "元大台灣50",
    "close": 101.7,
    "open": 102.55,
    "high": 103.05,
    "low": 101.3,
    "volume": 105138918.0,
    "chg_amt": -2.200000000000003,
    "chg_pct": -2.12,
    "nav": 104.14,
    "premium_pct": -2.34,
    "aum_billion": 22525.4,
    "is_benchmark": true
  },
  "00631L": {
    "name": "元大台灣50正2",
    "close": 33.5,
    "open": 34.0,
    "high": 34.38,
    "low": 33.29,
    "volume": 250696106.0,
    "chg_amt": -1.5700000000000003,
    "chg_pct": -4.48,
    "nav": 35.14,
    "premium_pct": -4.67,
    "aum_billion": 2608.62,
    "is_benchmark": true
  },
  "009816": {
    "name": "凱基台灣TOP50",
    "close": 14.72,
    "open": 14.86,
    "high": 14.98,
    "low": 14.69,
    "volume": 125047070.0,
    "chg_amt": -0.35999999999999943,
    "chg_pct": -2.39,
    "nav": 15.11,
    "premium_pct": -2.58,
    "aum_billion": 1722.25,
    "is_benchmark": true
  },
  "00830": {
    "name": "國泰費城半導體",
    "close": 88.05,
    "open": 88.4,
    "high": 88.8,
    "low": 87.35,
    "volume": 6118141.0,
    "chg_amt": -1.0499999999999972,
    "chg_pct": -1.18,
    "nav": 88.45,
    "premium_pct": -0.45,
    "aum_billion": 710.09,
    "is_benchmark": true
  },
  "00878": {
    "name": "國泰永續高股息",
    "close": 32.61,
    "open": 32.54,
    "high": 32.84,
    "low": 32.42,
    "volume": 18280028.0,
    "chg_amt": -0.11999999999999744,
    "chg_pct": -0.37,
    "nav": 32.83,
    "premium_pct": -0.67,
    "aum_billion": 6021.97,
    "is_benchmark": true
  },
  "00919": {
    "name": "群益台灣精選高息",
    "close": 29.49,
    "open": 29.37,
    "high": 29.6,
    "low": 29.3,
    "volume": 35930677.0,
    "chg_amt": -0.010000000000001563,
    "chg_pct": -0.03,
    "nav": 29.66,
    "premium_pct": -0.57,
    "aum_billion": 5385.73,
    "is_benchmark": true
  }
}