{
  "00981A": {
    "name": "統一台股增長",
    "close": 29.89,
    "open": 30.94,
    "high": 31.4,
    "low": 29.87,
    "volume": 358227771.0,
    "chg_amt": -1.3399999999999999,
    "chg_pct": -4.29,
    "nav": 31.27,
    "premium_pct": -4.41,
    "aum_billion": 2861.66,
    "is_benchmark": false
  },
  "00982A": {
    "name": "群益台灣強棒",
    "close": 22.5,
    "open": 23.3,
    "high": 23.81,
    "low": 22.5,
    "volume": 58433118.0,
    "chg_amt": -0.9800000000000004,
    "chg_pct": -4.17,
    "nav": 23.62,
    "premium_pct": -4.74,
    "aum_billion": 522.86,
    "is_benchmark": false
  },
  "00991A": {
    "name": "復華未來50",
    "close": 18.63,
    "open": 19.43,
    "high": 19.7,
    "low": 18.63,
    "volume": 107781675.0,
    "chg_amt": -0.9700000000000024,
    "chg_pct": -4.95,
    "nav": 19.55,
    "premium_pct": -4.71,
    "aum_billion": 594.85,
    "is_benchmark": false
  },
  "00992A": {
    "name": "群益科技創新",
    "close": 17.47,
    "open": 18.15,
    "high": 18.41,
    "low": 17.44,
    "volume": 71830476.0,
    "chg_amt": -0.8200000000000003,
    "chg_pct": -4.48,
    "nav": 18.39,
    "premium_pct": -5.0,
    "aum_billion": 474.73,
    "is_benchmark": false
  },
  "00993A": {
    "name": "安聯台灣",
    "close": 12.94,
    "open": 13.42,
    "high": 13.61,
    "low": 12.9,
    "volume": 10931504.0,
    "chg_amt": -0.5600000000000005,
    "chg_pct": -4.15,
    "nav": 13.56,
    "premium_pct": -4.57,
    "aum_billion": 112.83,
    "is_benchmark": false
  },
  "00980A": {
    "name": "野村臺灣優選",
    "close": 23.42,
    "open": 24.28,
    "high": 24.44,
    "low": 23.39,
    "volume": 15421989.0,
    "chg_amt": -1.0499999999999972,
    "chg_pct": -4.29,
    "nav": 24.63,
    "premium_pct": -4.91,
    "aum_billion": 181.37,
    "is_benchmark": false
  },
  "00985A": {
    "name": "野村台灣50",
    "close": 21.2,
    "open": 21.69,
    "high": 21.9,
    "low": 21.2,
    "volume": 5317900.0,
    "chg_amt": -0.7699999999999996,
    "chg_pct": -3.5,
    "nav": 22.06,
    "premium_pct": -3.9,
    "aum_billion": 109.93,
    "is_benchmark": false
  },
  "00995A": {
    "name": "中信台灣卓越",
    "close": 17.03,
    "open": 17.77,
    "high": 17.97,
    "low": 17.01,
    "volume": 9901885.0,
    "chg_amt": -0.7699999999999996,
    "chg_pct": -4.33,
    "nav": 17.94,
    "premium_pct": -5.07,
    "aum_billion": 57.67,
    "is_benchmark": false
  },
  "00984A": {
    "name": "安聯台灣高息",
    "close": 15.64,
    "open": 15.98,
    "high": 16.14,
    "low": 15.6,
    "volume": 8001201.0,
    "chg_amt": -0.4399999999999977,
    "chg_pct": -2.74,
    "nav": 16.17,
    "premium_pct": -3.28,
    "aum_billion": 75.09,
    "is_benchmark": false
  },
  "00987A": {
    "name": "台新優勢成長",
    "close": 16.36,
    "open": 17.12,
    "high": 17.29,
    "low": 16.36,
    "volume": 7311534.0,
    "chg_amt": -0.9800000000000004,
    "chg_pct": -5.65,
    "nav": 17.45,
    "premium_pct": -6.25,
    "aum_billion": 33.36,
    "is_benchmark": false
  },
  "00994A": {
    "name": "第一金台股優",
    "close": 17.24,
    "open": 17.83,
    "high": 18.05,
    "low": 17.23,
    "volume": 13725958.0,
    "chg_amt": -0.7000000000000028,
    "chg_pct": -3.9,
    "nav": 18.04,
    "premium_pct": -4.43,
    "aum_billion": 55.61,
    "is_benchmark": false
  },
  "00996A": {
    "name": "兆豐台灣豐收",
    "close": 14.37,
    "open": 14.98,
    "high": 15.21,
    "low": 14.37,
    "volume": 12430917.0,
    "chg_amt": -0.8100000000000005,
    "chg_pct": -5.34,
    "nav": 15.19,
    "premium_pct": -5.4,
    "aum_billion": 49.88,
    "is_benchmark": false
  },
  "00400A": {
    "name": "國泰動能高息",
    "close": 13.97,
    "open": 14.45,
    "high": 14.65,
    "low": 13.96,
    "volume": 48668225.0,
    "chg_amt": -0.6600000000000001,
    "chg_pct": -4.51,
    "nav": 14.7,
    "premium_pct": -4.97,
    "aum_billion": 221.89,
    "is_benchmark": false
  },
  "00401A": {
    "name": "摩根台灣鑫收",
    "close": 13.21,
    "open": 13.7,
    "high": 13.73,
    "low": 13.21,
    "volume": 8383782.0,
    "chg_amt": -0.5199999999999996,
    "chg_pct": -3.79,
    "nav": 13.77,
    "premium_pct": -4.07,
    "aum_billion": 34.47,
    "is_benchmark": false
  },
  "00999A": {
    "name": "主動野村臺灣高息",
    "close": 10.93,
    "open": 11.12,
    "high": 11.2,
    "low": 10.9,
    "volume": 37164270.0,
    "chg_amt": -0.2699999999999996,
    "chg_pct": -2.41,
    "nav": 11.27,
    "premium_pct": -3.02,
    "aum_billion": 162.78,
    "is_benchmark": false
  },
  "00988A": {
    "name": "主動統一全球創新",
    "close": 19.82,
    "open": 20.42,
    "high": 20.57,
    "low": 19.81,
    "volume": 123162004.0,
    "chg_amt": -1.0799999999999983,
    "chg_pct": -5.17,
    "nav": 20.66,
    "premium_pct": -4.07,
    "aum_billion": 519.9,
    "is_benchmark": false
  },
  "00403A": {
    "name": "主動統一升級50",
    "close": 10.04,
    "open": 10.3,
    "high": 10.47,
    "low": 10.03,
    "volume": 558215786.0,
    "chg_amt": -0.370000000000001,
    "chg_pct": -3.55,
    "nav": 10.02,
    "premium_pct": 0.2,
    "aum_billion": 1826.42,
    "is_benchmark": false
  },
  "00405A": {
    "name": "主動富邦台灣龍耀",
    "close": 9.22,
    "open": 9.44,
    "high": 9.52,
    "low": 9.22,
    "volume": 400762377.0,
    "chg_amt": -0.2599999999999998,
    "chg_pct": -2.74,
    "nav": 9.0,
    "premium_pct": 2.44,
    "aum_billion": 161.81,
    "is_benchmark": false
  },
  "0050": {
    "name": "元大台灣50",
    "close": 100.25,
    "open": 102.6,
    "high": 102.95,
    "low": 100.2,
    "volume": 192916596.0,
    "chg_amt": -3.25,
    "chg_pct": -3.14,
    "nav": 103.24,
    "premium_pct": -2.9,
    "aum_billion": 20830.87,
    "is_benchmark": true
  },
  "00631L": {
    "name": "元大台灣50正2",
    "close": 33.43,
    "open": 34.55,
    "high": 35.17,
    "low": 33.41,
    "volume": 370031976.0,
    "chg_amt": -2.009999999999998,
    "chg_pct": -5.67,
    "nav": 35.44,
    "premium_pct": -5.67,
    "aum_billion": 1995.57,
    "is_benchmark": true
  },
  "009816": {
    "name": "凱基台灣TOP50",
    "close": 14.66,
    "open": 15.02,
    "high": 15.12,
    "low": 14.64,
    "volume": 340104978.0,
    "chg_amt": -0.5,
    "chg_pct": -3.3,
    "nav": 15.15,
    "premium_pct": -3.23,
    "aum_billion": 1442.14,
    "is_benchmark": true
  },
  "00830": {
    "name": "國泰費城半導體",
    "close": 87.1,
    "open": 88.85,
    "high": 89.05,
    "low": 87.1,
    "volume": 17081003.0,
    "chg_amt": -4.650000000000006,
    "chg_pct": -5.07,
    "nav": 88.82,
    "premium_pct": -1.94,
    "aum_billion": 608.09,
    "is_benchmark": true
  },
  "00878": {
    "name": "國泰永續高股息",
    "close": 31.6,
    "open": 31.87,
    "high": 32.1,
    "low": 31.5,
    "volume": 90017887.0,
    "chg_amt": -0.7100000000000009,
    "chg_pct": -2.2,
    "nav": 32.51,
    "premium_pct": -2.8,
    "aum_billion": 6026.29,
    "is_benchmark": true
  },
  "00919": {
    "name": "群益台灣精選高息",
    "close": 30.24,
    "open": 30.31,
    "high": 30.63,
    "low": 30.16,
    "volume": 190260813.0,
    "chg_amt": -0.4800000000000004,
    "chg_pct": -1.56,
    "nav": 30.76,
    "premium_pct": -1.69,
    "aum_billion": 5458.23,
    "is_benchmark": true
  }
}