{
  "00981A": {
    "name": "統一台股增長",
    "close": 28.86,
    "open": 28.39,
    "high": 28.86,
    "low": 28.3,
    "volume": 244837169.0,
    "chg_amt": 1.629999999999999,
    "chg_pct": 5.99,
    "nav": 28.81,
    "premium_pct": 0.17,
    "aum_billion": 2477.8,
    "is_benchmark": false
  },
  "00982A": {
    "name": "群益台灣強棒",
    "close": 22.1,
    "open": 21.79,
    "high": 22.14,
    "low": 21.74,
    "volume": 36584539.0,
    "chg_amt": 1.0400000000000027,
    "chg_pct": 4.94,
    "nav": 22.13,
    "premium_pct": -0.14,
    "aum_billion": 493.38,
    "is_benchmark": false
  },
  "00991A": {
    "name": "復華未來50",
    "close": 17.92,
    "open": 17.61,
    "high": 17.92,
    "low": 17.61,
    "volume": 60841132.0,
    "chg_amt": 0.990000000000002,
    "chg_pct": 5.85,
    "nav": 17.84,
    "premium_pct": 0.45,
    "aum_billion": 446.78,
    "is_benchmark": false
  },
  "00992A": {
    "name": "群益科技創新",
    "close": 17.67,
    "open": 17.4,
    "high": 17.68,
    "low": 17.35,
    "volume": 58417652.0,
    "chg_amt": 0.990000000000002,
    "chg_pct": 5.94,
    "nav": 17.62,
    "premium_pct": 0.28,
    "aum_billion": 481.34,
    "is_benchmark": false
  },
  "00993A": {
    "name": "安聯台灣",
    "close": 12.73,
    "open": 12.38,
    "high": 12.78,
    "low": 12.38,
    "volume": 12203266.0,
    "chg_amt": 0.6400000000000006,
    "chg_pct": 5.29,
    "nav": 12.77,
    "premium_pct": -0.31,
    "aum_billion": 107.5,
    "is_benchmark": false
  },
  "00980A": {
    "name": "野村臺灣優選",
    "close": 22.49,
    "open": 22.22,
    "high": 22.52,
    "low": 22.13,
    "volume": 10715380.0,
    "chg_amt": 1.0899999999999999,
    "chg_pct": 5.09,
    "nav": 22.52,
    "premium_pct": -0.13,
    "aum_billion": 164.92,
    "is_benchmark": false
  },
  "00985A": {
    "name": "野村台灣50",
    "close": 20.85,
    "open": 20.51,
    "high": 20.87,
    "low": 20.51,
    "volume": 4061631.0,
    "chg_amt": 0.7000000000000028,
    "chg_pct": 3.47,
    "nav": 20.85,
    "premium_pct": 0,
    "aum_billion": 103.85,
    "is_benchmark": false
  },
  "00995A": {
    "name": "中信台灣卓越",
    "close": 16.67,
    "open": 16.1,
    "high": 16.69,
    "low": 16.1,
    "volume": 5818680.0,
    "chg_amt": 0.9500000000000011,
    "chg_pct": 6.04,
    "nav": 16.66,
    "premium_pct": 0.06,
    "aum_billion": 51.4,
    "is_benchmark": false
  },
  "00984A": {
    "name": "安聯台灣高息",
    "close": 14.97,
    "open": 14.8,
    "high": 15.0,
    "low": 14.79,
    "volume": 4512191.0,
    "chg_amt": 0.45000000000000107,
    "chg_pct": 3.1,
    "nav": 14.99,
    "premium_pct": -0.13,
    "aum_billion": 65.8,
    "is_benchmark": false
  },
  "00987A": {
    "name": "台新優勢成長",
    "close": 16.63,
    "open": 16.5,
    "high": 16.67,
    "low": 16.45,
    "volume": 5580069.0,
    "chg_amt": 0.6999999999999993,
    "chg_pct": 4.39,
    "nav": 16.6,
    "premium_pct": 0.18,
    "aum_billion": 31.97,
    "is_benchmark": false
  },
  "00994A": {
    "name": "第一金台股優",
    "close": 17.08,
    "open": 16.8,
    "high": 17.1,
    "low": 16.8,
    "volume": 5587110.0,
    "chg_amt": 0.889999999999997,
    "chg_pct": 5.5,
    "nav": 17.08,
    "premium_pct": 0,
    "aum_billion": 50.7,
    "is_benchmark": false
  },
  "00996A": {
    "name": "兆豐台灣豐收",
    "close": 13.96,
    "open": 13.75,
    "high": 13.98,
    "low": 13.75,
    "volume": 7949786.0,
    "chg_amt": 0.7000000000000011,
    "chg_pct": 5.28,
    "nav": 13.96,
    "premium_pct": 0,
    "aum_billion": 44.25,
    "is_benchmark": false
  },
  "00400A": {
    "name": "國泰動能高息",
    "close": 13.46,
    "open": 13.21,
    "high": 13.46,
    "low": 13.16,
    "volume": 35269710.0,
    "chg_amt": 0.7400000000000002,
    "chg_pct": 5.82,
    "nav": 13.44,
    "premium_pct": 0.15,
    "aum_billion": 195.34,
    "is_benchmark": false
  },
  "00401A": {
    "name": "摩根台灣鑫收",
    "close": 12.72,
    "open": 12.51,
    "high": 12.73,
    "low": 12.5,
    "volume": 5430378.0,
    "chg_amt": 0.5500000000000007,
    "chg_pct": 4.52,
    "nav": 12.73,
    "premium_pct": -0.08,
    "aum_billion": 31.73,
    "is_benchmark": false
  },
  "00999A": {
    "name": "主動野村臺灣高息",
    "close": 10.28,
    "open": 10.16,
    "high": 10.29,
    "low": 10.16,
    "volume": 31690973.0,
    "chg_amt": 0.28999999999999915,
    "chg_pct": 2.9,
    "nav": 10.29,
    "premium_pct": -0.1,
    "aum_billion": 163.66,
    "is_benchmark": false
  },
  "00988A": {
    "name": "主動統一全球創新",
    "close": 19.18,
    "open": 18.93,
    "high": 19.19,
    "low": 18.92,
    "volume": 61387260.0,
    "chg_amt": 0.9600000000000009,
    "chg_pct": 5.27,
    "nav": 18.47,
    "premium_pct": 3.84,
    "aum_billion": 363.79,
    "is_benchmark": false
  },
  "00403A": {
    "name": "主動統一升級50",
    "close": 10.01,
    "open": 9.9,
    "high": 10.02,
    "low": 9.89,
    "volume": 429569029.0,
    "chg_amt": 0.34999999999999964,
    "chg_pct": 3.62,
    "nav": 9.98,
    "premium_pct": 0.3,
    "aum_billion": 1754.27,
    "is_benchmark": false
  },
  "0050": {
    "name": "元大台灣50",
    "close": 95.85,
    "open": 94.8,
    "high": 96.05,
    "low": 94.7,
    "volume": 62215954.0,
    "chg_amt": 3.3499999999999943,
    "chg_pct": 3.62,
    "nav": 95.39,
    "premium_pct": 0.48,
    "aum_billion": 17399.58,
    "is_benchmark": true
  },
  "009816": {
    "name": "凱基台灣TOP50",
    "close": 13.89,
    "open": 13.69,
    "high": 13.9,
    "low": 13.67,
    "volume": 97942248.0,
    "chg_amt": 0.5500000000000007,
    "chg_pct": 4.12,
    "nav": 13.82,
    "premium_pct": 0.51,
    "aum_billion": 1153.98,
    "is_benchmark": true
  },
  "00830": {
    "name": "國泰費城半導體",
    "close": 83.2,
    "open": 82.25,
    "high": 83.25,
    "low": 82.25,
    "volume": 8092400.0,
    "chg_amt": 3.8500000000000085,
    "chg_pct": 4.85,
    "nav": 83.0,
    "premium_pct": 0.24,
    "aum_billion": 523.73,
    "is_benchmark": true
  },
  "00878": {
    "name": "國泰永續高股息",
    "close": 27.71,
    "open": 27.42,
    "high": 27.76,
    "low": 27.42,
    "volume": 64851294.0,
    "chg_amt": 0.7800000000000011,
    "chg_pct": 2.9,
    "nav": 27.81,
    "premium_pct": -0.36,
    "aum_billion": 5107.53,
    "is_benchmark": true
  },
  "00919": {
    "name": "群益台灣精選高息",
    "close": 26.53,
    "open": 26.26,
    "high": 26.56,
    "low": 26.24,
    "volume": 126324326.0,
    "chg_amt": 0.5500000000000007,
    "chg_pct": 2.12,
    "nav": 26.65,
    "premium_pct": -0.45,
    "aum_billion": 4602.06,
    "is_benchmark": true
  }
}