{
  "00981A": {
    "name": "統一台股增長",
    "close": 29.35,
    "open": 30.38,
    "high": 30.55,
    "low": 29.21,
    "volume": 173993842.0,
    "chg_amt": -0.5999999999999979,
    "chg_pct": -2.0,
    "nav": 29.87,
    "premium_pct": -1.74,
    "aum_billion": 2747.54,
    "is_benchmark": false
  },
  "00982A": {
    "name": "群益台灣強棒",
    "close": 23.79,
    "open": 24.42,
    "high": 24.46,
    "low": 23.61,
    "volume": 16746914.0,
    "chg_amt": -0.23000000000000043,
    "chg_pct": -0.96,
    "nav": 24.0,
    "premium_pct": -0.88,
    "aum_billion": 515.43,
    "is_benchmark": false
  },
  "00991A": {
    "name": "復華未來50",
    "close": 19.05,
    "open": 19.9,
    "high": 19.91,
    "low": 18.98,
    "volume": 132819872.0,
    "chg_amt": -0.46000000000000085,
    "chg_pct": -2.36,
    "nav": 19.41,
    "premium_pct": -1.85,
    "aum_billion": 753.46,
    "is_benchmark": false
  },
  "00992A": {
    "name": "群益科技創新",
    "close": 17.67,
    "open": 18.17,
    "high": 18.21,
    "low": 17.55,
    "volume": 28709924.0,
    "chg_amt": -0.1599999999999966,
    "chg_pct": -0.9,
    "nav": 17.82,
    "premium_pct": -0.84,
    "aum_billion": 418.27,
    "is_benchmark": false
  },
  "00993A": {
    "name": "安聯台灣",
    "close": 13.13,
    "open": 13.5,
    "high": 13.66,
    "low": 13.11,
    "volume": 4500720.0,
    "chg_amt": -0.20999999999999908,
    "chg_pct": -1.57,
    "nav": 13.39,
    "premium_pct": -1.94,
    "aum_billion": 105.47,
    "is_benchmark": false
  },
  "00980A": {
    "name": "野村臺灣優選",
    "close": 23.39,
    "open": 23.97,
    "high": 24.08,
    "low": 23.2,
    "volume": 5775006.0,
    "chg_amt": -0.25,
    "chg_pct": -1.06,
    "nav": 23.66,
    "premium_pct": -1.14,
    "aum_billion": 166.5,
    "is_benchmark": false
  },
  "00985A": {
    "name": "野村台灣50",
    "close": 21.67,
    "open": 22.03,
    "high": 22.11,
    "low": 21.53,
    "volume": 3375305.0,
    "chg_amt": -0.019999999999999574,
    "chg_pct": -0.09,
    "nav": 21.74,
    "premium_pct": -0.32,
    "aum_billion": 101.8,
    "is_benchmark": false
  },
  "00995A": {
    "name": "中信台灣卓越",
    "close": 17.04,
    "open": 17.64,
    "high": 17.68,
    "low": 16.92,
    "volume": 2744154.0,
    "chg_amt": -0.26000000000000156,
    "chg_pct": -1.5,
    "nav": 17.32,
    "premium_pct": -1.62,
    "aum_billion": 51.52,
    "is_benchmark": false
  },
  "00984A": {
    "name": "安聯台灣高息",
    "close": 16.2,
    "open": 16.59,
    "high": 16.59,
    "low": 16.15,
    "volume": 20324545.0,
    "chg_amt": -0.10000000000000142,
    "chg_pct": -0.61,
    "nav": 16.24,
    "premium_pct": -0.25,
    "aum_billion": 93.72,
    "is_benchmark": false
  },
  "00987A": {
    "name": "台新優勢成長",
    "close": 15.76,
    "open": 16.3,
    "high": 16.3,
    "low": 15.65,
    "volume": 1978249.0,
    "chg_amt": -0.29999999999999893,
    "chg_pct": -1.87,
    "nav": 16.06,
    "premium_pct": -1.87,
    "aum_billion": 27.25,
    "is_benchmark": false
  },
  "00994A": {
    "name": "第一金台股優",
    "close": 16.92,
    "open": 17.2,
    "high": 17.53,
    "low": 16.8,
    "volume": 3845649.0,
    "chg_amt": -0.16999999999999815,
    "chg_pct": -0.99,
    "nav": 17.09,
    "premium_pct": -0.99,
    "aum_billion": 50.62,
    "is_benchmark": false
  },
  "00996A": {
    "name": "兆豐台灣豐收",
    "close": 14.78,
    "open": 15.3,
    "high": 15.39,
    "low": 14.73,
    "volume": 8107842.0,
    "chg_amt": -0.2599999999999998,
    "chg_pct": -1.73,
    "nav": 14.83,
    "premium_pct": -0.34,
    "aum_billion": 48.49,
    "is_benchmark": false
  },
  "00400A": {
    "name": "國泰動能高息",
    "close": 14.1,
    "open": 14.5,
    "high": 14.53,
    "low": 14.03,
    "volume": 30673942.0,
    "chg_amt": -0.15000000000000036,
    "chg_pct": -1.05,
    "nav": 14.2,
    "premium_pct": -0.7,
    "aum_billion": 257.49,
    "is_benchmark": false
  },
  "00401A": {
    "name": "摩根台灣鑫收",
    "close": 13.26,
    "open": 13.58,
    "high": 13.66,
    "low": 13.22,
    "volume": 1868549.0,
    "chg_amt": -0.120000000000001,
    "chg_pct": -0.9,
    "nav": 13.41,
    "premium_pct": -1.12,
    "aum_billion": 32.31,
    "is_benchmark": false
  },
  "00999A": {
    "name": "主動野村臺灣高息",
    "close": 10.56,
    "open": 10.75,
    "high": 10.85,
    "low": 10.5,
    "volume": 9395366.0,
    "chg_amt": -0.1399999999999988,
    "chg_pct": -1.31,
    "nav": 10.6,
    "premium_pct": -0.38,
    "aum_billion": 131.58,
    "is_benchmark": false
  },
  "00988A": {
    "name": "主動統一全球創新",
    "close": 18.65,
    "open": 19.44,
    "high": 19.51,
    "low": 18.64,
    "volume": 81972023.0,
    "chg_amt": -0.5200000000000031,
    "chg_pct": -2.71,
    "nav": 19.62,
    "premium_pct": -4.94,
    "aum_billion": 598.54,
    "is_benchmark": false
  },
  "00403A": {
    "name": "主動統一升級50",
    "close": 10.38,
    "open": 10.64,
    "high": 10.7,
    "low": 10.31,
    "volume": 152276689.0,
    "chg_amt": -0.09999999999999964,
    "chg_pct": -0.95,
    "nav": 10.47,
    "premium_pct": -0.86,
    "aum_billion": 1626.25,
    "is_benchmark": false
  },
  "00405A": {
    "name": "主動富邦台灣龍耀",
    "close": 8.61,
    "open": 8.94,
    "high": 8.98,
    "low": 8.58,
    "volume": 66962173.0,
    "chg_amt": -0.16000000000000014,
    "chg_pct": -1.82,
    "nav": 8.75,
    "premium_pct": -1.6,
    "aum_billion": 258.17,
    "is_benchmark": false
  },
  "0050": {
    "name": "元大台灣50",
    "close": 106.0,
    "open": 107.0,
    "high": 107.55,
    "low": 105.7,
    "volume": 71523037.0,
    "chg_amt": 0.20000000000000284,
    "chg_pct": 0.19,
    "nav": 105.26,
    "premium_pct": 0.7,
    "aum_billion": 22035.89,
    "is_benchmark": true
  },
  "00631L": {
    "name": "元大台灣50正2",
    "close": 36.86,
    "open": 37.57,
    "high": 38.03,
    "low": 36.61,
    "volume": 204239992.0,
    "chg_amt": 0.0799999999999983,
    "chg_pct": 0.22,
    "nav": 36.83,
    "premium_pct": 0.08,
    "aum_billion": 2455.87,
    "is_benchmark": true
  },
  "009816": {
    "name": "凱基台灣TOP50",
    "close": 15.25,
    "open": 15.44,
    "high": 15.54,
    "low": 15.2,
    "volume": 120443278.0,
    "chg_amt": 0.019999999999999574,
    "chg_pct": 0.13,
    "nav": 15.17,
    "premium_pct": 0.53,
    "aum_billion": 1597.47,
    "is_benchmark": true
  },
  "00830": {
    "name": "國泰費城半導體",
    "close": 89.85,
    "open": 90.9,
    "high": 91.35,
    "low": 89.55,
    "volume": 9515593.0,
    "chg_amt": -0.15000000000000568,
    "chg_pct": -0.17,
    "nav": 92.56,
    "premium_pct": -2.93,
    "aum_billion": 687.5,
    "is_benchmark": true
  },
  "00878": {
    "name": "國泰永續高股息",
    "close": 33.13,
    "open": 33.38,
    "high": 33.59,
    "low": 33.0,
    "volume": 29799822.0,
    "chg_amt": -0.05999999999999517,
    "chg_pct": -0.18,
    "nav": 33.26,
    "premium_pct": -0.39,
    "aum_billion": 6099.33,
    "is_benchmark": true
  },
  "00919": {
    "name": "群益台灣精選高息",
    "close": 29.71,
    "open": 30.0,
    "high": 30.17,
    "low": 29.64,
    "volume": 78688076.0,
    "chg_amt": -0.259999999999998,
    "chg_pct": -0.87,
    "nav": 29.92,
    "premium_pct": -0.7,
    "aum_billion": 5408.18,
    "is_benchmark": true
  }
}