{
  "00981A": {
    "name": "統一台股增長",
    "close": 31.5,
    "open": 31.79,
    "high": 31.83,
    "low": 31.23,
    "volume": 189583735.0,
    "chg_amt": 0.019999999999999574,
    "chg_pct": 0.06,
    "nav": 31.45,
    "premium_pct": 0.16,
    "aum_billion": 2916.25,
    "is_benchmark": false
  },
  "00982A": {
    "name": "群益台灣強棒",
    "close": 24.74,
    "open": 24.92,
    "high": 25.05,
    "low": 24.58,
    "volume": 26661609.0,
    "chg_amt": 0.11999999999999744,
    "chg_pct": 0.49,
    "nav": 24.64,
    "premium_pct": 0.41,
    "aum_billion": 533.34,
    "is_benchmark": false
  },
  "00991A": {
    "name": "復華未來50",
    "close": 20.7,
    "open": 20.75,
    "high": 20.87,
    "low": 20.49,
    "volume": 85147217.0,
    "chg_amt": 0.3099999999999987,
    "chg_pct": 1.52,
    "nav": 20.38,
    "premium_pct": 1.57,
    "aum_billion": 675.98,
    "is_benchmark": false
  },
  "00992A": {
    "name": "群益科技創新",
    "close": 18.82,
    "open": 19.06,
    "high": 19.16,
    "low": 18.79,
    "volume": 40759109.0,
    "chg_amt": 0.08000000000000185,
    "chg_pct": 0.43,
    "nav": 18.85,
    "premium_pct": -0.16,
    "aum_billion": 452.03,
    "is_benchmark": false
  },
  "00993A": {
    "name": "安聯台灣",
    "close": 14.28,
    "open": 14.41,
    "high": 14.46,
    "low": 14.17,
    "volume": 6928807.0,
    "chg_amt": 0.09999999999999964,
    "chg_pct": 0.71,
    "nav": 14.24,
    "premium_pct": 0.28,
    "aum_billion": 114.74,
    "is_benchmark": false
  },
  "00980A": {
    "name": "野村臺灣優選",
    "close": 24.78,
    "open": 25.15,
    "high": 25.2,
    "low": 24.65,
    "volume": 10631578.0,
    "chg_amt": 0.019999999999999574,
    "chg_pct": 0.08,
    "nav": 24.8,
    "premium_pct": -0.08,
    "aum_billion": 176.63,
    "is_benchmark": false
  },
  "00985A": {
    "name": "野村台灣50",
    "close": 22.14,
    "open": 22.4,
    "high": 22.42,
    "low": 22.02,
    "volume": 4261586.0,
    "chg_amt": -0.05999999999999872,
    "chg_pct": -0.27,
    "nav": 22.19,
    "premium_pct": -0.23,
    "aum_billion": 106.49,
    "is_benchmark": false
  },
  "00995A": {
    "name": "中信台灣卓越",
    "close": 18.18,
    "open": 18.25,
    "high": 18.39,
    "low": 18.01,
    "volume": 7800417.0,
    "chg_amt": 0.14000000000000057,
    "chg_pct": 0.78,
    "nav": 18.21,
    "premium_pct": -0.16,
    "aum_billion": 56.52,
    "is_benchmark": false
  },
  "00984A": {
    "name": "安聯台灣高息",
    "close": 16.86,
    "open": 16.87,
    "high": 16.94,
    "low": 16.74,
    "volume": 7667310.0,
    "chg_amt": 0.10999999999999943,
    "chg_pct": 0.66,
    "nav": 16.76,
    "premium_pct": 0.6,
    "aum_billion": 80.36,
    "is_benchmark": false
  },
  "00987A": {
    "name": "台新優勢成長",
    "close": 17.42,
    "open": 17.7,
    "high": 17.77,
    "low": 17.33,
    "volume": 4359531.0,
    "chg_amt": -0.05999999999999872,
    "chg_pct": -0.34,
    "nav": 17.53,
    "premium_pct": -0.63,
    "aum_billion": 30.62,
    "is_benchmark": false
  },
  "00994A": {
    "name": "第一金台股優",
    "close": 18.02,
    "open": 18.14,
    "high": 18.17,
    "low": 17.84,
    "volume": 6653745.0,
    "chg_amt": 0.0799999999999983,
    "chg_pct": 0.45,
    "nav": 17.9,
    "premium_pct": 0.67,
    "aum_billion": 55.15,
    "is_benchmark": false
  },
  "00996A": {
    "name": "兆豐台灣豐收",
    "close": 15.97,
    "open": 16.02,
    "high": 16.12,
    "low": 15.8,
    "volume": 9496322.0,
    "chg_amt": 0.2400000000000002,
    "chg_pct": 1.53,
    "nav": 15.75,
    "premium_pct": 1.4,
    "aum_billion": 50.86,
    "is_benchmark": false
  },
  "00400A": {
    "name": "國泰動能高息",
    "close": 15.0,
    "open": 15.12,
    "high": 15.14,
    "low": 14.9,
    "volume": 47542815.0,
    "chg_amt": 0.08000000000000007,
    "chg_pct": 0.54,
    "nav": 14.91,
    "premium_pct": 0.6,
    "aum_billion": 237.7,
    "is_benchmark": false
  },
  "00401A": {
    "name": "摩根台灣鑫收",
    "close": 13.79,
    "open": 13.96,
    "high": 13.96,
    "low": 13.75,
    "volume": 8213825.0,
    "chg_amt": -0.030000000000001137,
    "chg_pct": -0.22,
    "nav": 13.81,
    "premium_pct": -0.14,
    "aum_billion": 33.55,
    "is_benchmark": false
  },
  "00999A": {
    "name": "主動野村臺灣高息",
    "close": 11.03,
    "open": 11.19,
    "high": 11.22,
    "low": 11.01,
    "volume": 20366729.0,
    "chg_amt": -0.07000000000000028,
    "chg_pct": -0.63,
    "nav": 11.12,
    "premium_pct": -0.81,
    "aum_billion": 146.12,
    "is_benchmark": false
  },
  "00988A": {
    "name": "主動統一全球創新",
    "close": 23.07,
    "open": 23.0,
    "high": 23.08,
    "low": 22.7,
    "volume": 85629188.0,
    "chg_amt": 0.5399999999999991,
    "chg_pct": 2.4,
    "nav": 21.92,
    "premium_pct": 5.25,
    "aum_billion": 596.69,
    "is_benchmark": false
  },
  "00403A": {
    "name": "主動統一升級50",
    "close": 11.11,
    "open": 11.23,
    "high": 11.25,
    "low": 10.99,
    "volume": 244658933.0,
    "chg_amt": 0.07000000000000028,
    "chg_pct": 0.63,
    "nav": 11.04,
    "premium_pct": 0.63,
    "aum_billion": 1734.27,
    "is_benchmark": false
  },
  "00405A": {
    "name": "主動富邦台灣龍耀",
    "close": 9.43,
    "open": 9.51,
    "high": 9.6,
    "low": 9.39,
    "volume": 73610764.0,
    "chg_amt": 0.009999999999999787,
    "chg_pct": 0.11,
    "nav": 9.43,
    "premium_pct": 0,
    "aum_billion": 241.13,
    "is_benchmark": false
  },
  "0050": {
    "name": "元大台灣50",
    "close": 107.2,
    "open": 108.0,
    "high": 108.05,
    "low": 106.35,
    "volume": 96345582.0,
    "chg_amt": 0.04999999999999716,
    "chg_pct": 0.05,
    "nav": 106.26,
    "premium_pct": 0.88,
    "aum_billion": 21767.34,
    "is_benchmark": true
  },
  "00631L": {
    "name": "元大台灣50正2",
    "close": 38.16,
    "open": 38.9,
    "high": 38.9,
    "low": 37.58,
    "volume": 250647489.0,
    "chg_amt": 0.0799999999999983,
    "chg_pct": 0.21,
    "nav": 37.86,
    "premium_pct": 0.79,
    "aum_billion": 2282.53,
    "is_benchmark": true
  },
  "009816": {
    "name": "凱基台灣TOP50",
    "close": 15.59,
    "open": 15.78,
    "high": 15.78,
    "low": 15.48,
    "volume": 141015529.0,
    "chg_amt": 0.02999999999999936,
    "chg_pct": 0.19,
    "nav": 15.44,
    "premium_pct": 0.97,
    "aum_billion": 1548.77,
    "is_benchmark": true
  },
  "00830": {
    "name": "國泰費城半導體",
    "close": 99.25,
    "open": 98.4,
    "high": 99.25,
    "low": 97.9,
    "volume": 7195167.0,
    "chg_amt": 2.549999999999997,
    "chg_pct": 2.64,
    "nav": 94.89,
    "premium_pct": 4.59,
    "aum_billion": 667.74,
    "is_benchmark": true
  },
  "00878": {
    "name": "國泰永續高股息",
    "close": 33.75,
    "open": 33.93,
    "high": 34.0,
    "low": 33.49,
    "volume": 32653639.0,
    "chg_amt": 0.09000000000000341,
    "chg_pct": 0.27,
    "nav": 33.67,
    "premium_pct": 0.24,
    "aum_billion": 6183.37,
    "is_benchmark": true
  },
  "00919": {
    "name": "群益台灣精選高息",
    "close": 30.26,
    "open": 30.4,
    "high": 30.41,
    "low": 30.1,
    "volume": 71566980.0,
    "chg_amt": 0.05000000000000071,
    "chg_pct": 0.17,
    "nav": 30.18,
    "premium_pct": 0.27,
    "aum_billion": 5442.87,
    "is_benchmark": true
  }
}