{
  "00981A": {
    "name": "統一台股增長",
    "close": 32.23,
    "open": 32.17,
    "high": 32.4,
    "low": 32.0,
    "volume": 267931647.0,
    "chg_amt": 0.7299999999999969,
    "chg_pct": 2.32,
    "nav": 32.28,
    "premium_pct": -0.15,
    "aum_billion": 2977.1,
    "is_benchmark": false
  },
  "00982A": {
    "name": "群益台灣強棒",
    "close": 25.45,
    "open": 25.46,
    "high": 25.49,
    "low": 25.33,
    "volume": 28078135.0,
    "chg_amt": 0.620000000000001,
    "chg_pct": 2.5,
    "nav": 25.42,
    "premium_pct": 0.12,
    "aum_billion": 543.98,
    "is_benchmark": false
  },
  "00991A": {
    "name": "復華未來50",
    "close": 21.33,
    "open": 21.46,
    "high": 21.46,
    "low": 21.08,
    "volume": 140946220.0,
    "chg_amt": 0.6499999999999986,
    "chg_pct": 3.14,
    "nav": 21.16,
    "premium_pct": 0.8,
    "aum_billion": 643.41,
    "is_benchmark": false
  },
  "00992A": {
    "name": "群益科技創新",
    "close": 19.42,
    "open": 19.35,
    "high": 19.54,
    "low": 19.28,
    "volume": 62720250.0,
    "chg_amt": 0.4400000000000013,
    "chg_pct": 2.32,
    "nav": 19.43,
    "premium_pct": -0.05,
    "aum_billion": 470.24,
    "is_benchmark": false
  },
  "00993A": {
    "name": "安聯台灣",
    "close": 14.64,
    "open": 14.59,
    "high": 14.7,
    "low": 14.55,
    "volume": 11119341.0,
    "chg_amt": 0.3500000000000014,
    "chg_pct": 2.45,
    "nav": 14.66,
    "premium_pct": -0.14,
    "aum_billion": 116.18,
    "is_benchmark": false
  },
  "00980A": {
    "name": "野村臺灣優選",
    "close": 25.71,
    "open": 25.54,
    "high": 25.77,
    "low": 25.54,
    "volume": 11320460.0,
    "chg_amt": 0.6600000000000001,
    "chg_pct": 2.63,
    "nav": 25.72,
    "premium_pct": -0.04,
    "aum_billion": 181.22,
    "is_benchmark": false
  },
  "00985A": {
    "name": "野村台灣50",
    "close": 22.97,
    "open": 22.59,
    "high": 22.99,
    "low": 22.59,
    "volume": 6852672.0,
    "chg_amt": 0.5,
    "chg_pct": 2.23,
    "nav": 23.0,
    "premium_pct": -0.13,
    "aum_billion": 109.86,
    "is_benchmark": false
  },
  "00995A": {
    "name": "中信台灣卓越",
    "close": 18.77,
    "open": 19.0,
    "high": 19.0,
    "low": 18.69,
    "volume": 4621136.0,
    "chg_amt": 0.35999999999999943,
    "chg_pct": 1.96,
    "nav": 18.77,
    "premium_pct": 0,
    "aum_billion": 57.93,
    "is_benchmark": false
  },
  "00984A": {
    "name": "安聯台灣高息",
    "close": 17.32,
    "open": 17.18,
    "high": 17.34,
    "low": 17.18,
    "volume": 8670923.0,
    "chg_amt": 0.39000000000000057,
    "chg_pct": 2.3,
    "nav": 17.21,
    "premium_pct": 0.64,
    "aum_billion": 79.37,
    "is_benchmark": false
  },
  "00987A": {
    "name": "台新優勢成長",
    "close": 18.11,
    "open": 18.11,
    "high": 18.22,
    "low": 18.04,
    "volume": 6231744.0,
    "chg_amt": 0.28000000000000114,
    "chg_pct": 1.57,
    "nav": 18.12,
    "premium_pct": -0.06,
    "aum_billion": 32.72,
    "is_benchmark": false
  },
  "00994A": {
    "name": "第一金台股優",
    "close": 18.52,
    "open": 18.45,
    "high": 18.6,
    "low": 18.39,
    "volume": 16497798.0,
    "chg_amt": 0.4499999999999993,
    "chg_pct": 2.49,
    "nav": 18.54,
    "premium_pct": -0.11,
    "aum_billion": 57.55,
    "is_benchmark": false
  },
  "00996A": {
    "name": "兆豐台灣豐收",
    "close": 16.32,
    "open": 16.38,
    "high": 16.49,
    "low": 16.28,
    "volume": 8575041.0,
    "chg_amt": 0.26000000000000156,
    "chg_pct": 1.62,
    "nav": 16.29,
    "premium_pct": 0.18,
    "aum_billion": 51.9,
    "is_benchmark": false
  },
  "00400A": {
    "name": "國泰動能高息",
    "close": 15.57,
    "open": 15.55,
    "high": 15.68,
    "low": 15.53,
    "volume": 73628153.0,
    "chg_amt": 0.45000000000000107,
    "chg_pct": 2.98,
    "nav": 15.53,
    "premium_pct": 0.26,
    "aum_billion": 224.65,
    "is_benchmark": false
  },
  "00401A": {
    "name": "摩根台灣鑫收",
    "close": 14.22,
    "open": 14.06,
    "high": 14.3,
    "low": 14.06,
    "volume": 6766153.0,
    "chg_amt": 0.23000000000000043,
    "chg_pct": 1.64,
    "nav": 14.18,
    "premium_pct": 0.28,
    "aum_billion": 35.17,
    "is_benchmark": false
  },
  "00999A": {
    "name": "主動野村臺灣高息",
    "close": 11.43,
    "open": 11.42,
    "high": 11.48,
    "low": 11.39,
    "volume": 38073807.0,
    "chg_amt": 0.11999999999999922,
    "chg_pct": 1.06,
    "nav": 11.47,
    "premium_pct": -0.35,
    "aum_billion": 154.04,
    "is_benchmark": false
  },
  "00988A": {
    "name": "主動統一全球創新",
    "close": 23.73,
    "open": 23.59,
    "high": 23.85,
    "low": 23.58,
    "volume": 104088751.0,
    "chg_amt": 0.7699999999999996,
    "chg_pct": 3.35,
    "nav": 23.19,
    "premium_pct": 2.33,
    "aum_billion": 594.4,
    "is_benchmark": false
  },
  "00403A": {
    "name": "主動統一升級50",
    "close": 11.38,
    "open": 11.34,
    "high": 11.41,
    "low": 11.3,
    "volume": 400006178.0,
    "chg_amt": 0.3500000000000014,
    "chg_pct": 3.17,
    "nav": 11.36,
    "premium_pct": 0.18,
    "aum_billion": 1752.32,
    "is_benchmark": false
  },
  "00405A": {
    "name": "主動富邦台灣龍耀",
    "close": 9.79,
    "open": 9.85,
    "high": 9.88,
    "low": 9.76,
    "volume": 190248610.0,
    "chg_amt": 0.14999999999999858,
    "chg_pct": 1.56,
    "nav": 9.75,
    "premium_pct": 0.41,
    "aum_billion": 233.18,
    "is_benchmark": false
  },
  "0050": {
    "name": "元大台灣50",
    "close": 111.15,
    "open": 109.45,
    "high": 111.2,
    "low": 109.45,
    "volume": 116042256.0,
    "chg_amt": 3.8500000000000085,
    "chg_pct": 3.59,
    "nav": 110.75,
    "premium_pct": 0.36,
    "aum_billion": 21951.17,
    "is_benchmark": true
  },
  "00631L": {
    "name": "元大台灣50正2",
    "close": 41.32,
    "open": 39.8,
    "high": 41.32,
    "low": 39.8,
    "volume": 290716085.0,
    "chg_amt": 2.990000000000002,
    "chg_pct": 7.8,
    "nav": 41.39,
    "premium_pct": -0.17,
    "aum_billion": 2231.26,
    "is_benchmark": true
  },
  "009816": {
    "name": "凱基台灣TOP50",
    "close": 16.17,
    "open": 16.0,
    "high": 16.2,
    "low": 15.99,
    "volume": 162560447.0,
    "chg_amt": 0.490000000000002,
    "chg_pct": 3.13,
    "nav": 16.08,
    "premium_pct": 0.56,
    "aum_billion": 1533.1,
    "is_benchmark": true
  },
  "00830": {
    "name": "國泰費城半導體",
    "close": 100.6,
    "open": 100.05,
    "high": 100.6,
    "low": 100.05,
    "volume": 8123947.0,
    "chg_amt": 3.5999999999999943,
    "chg_pct": 3.71,
    "nav": 100.38,
    "premium_pct": 0.22,
    "aum_billion": 665.42,
    "is_benchmark": true
  },
  "00878": {
    "name": "國泰永續高股息",
    "close": 34.12,
    "open": 33.98,
    "high": 34.3,
    "low": 33.98,
    "volume": 48412504.0,
    "chg_amt": 0.44999999999999574,
    "chg_pct": 1.34,
    "nav": 34.2,
    "premium_pct": -0.23,
    "aum_billion": 6200.56,
    "is_benchmark": true
  },
  "00919": {
    "name": "群益台灣精選高息",
    "close": 30.8,
    "open": 30.89,
    "high": 31.04,
    "low": 30.65,
    "volume": 157725986.0,
    "chg_amt": -0.00999999999999801,
    "chg_pct": -0.03,
    "nav": 30.88,
    "premium_pct": -0.26,
    "aum_billion": 5574.95,
    "is_benchmark": true
  }
}