{
  "00981A": {
    "name": "統一台股增長",
    "close": 26.43,
    "open": 27.8,
    "high": 27.8,
    "low": 26.43,
    "volume": 513113801.0,
    "chg_amt": -2.5199999999999996,
    "chg_pct": -8.7,
    "nav": 28.87,
    "premium_pct": -8.45,
    "aum_billion": 2704.43,
    "is_benchmark": false
  },
  "00982A": {
    "name": "群益台灣強棒",
    "close": 21.43,
    "open": 22.6,
    "high": 22.71,
    "low": 21.43,
    "volume": 78001273.0,
    "chg_amt": -2.1400000000000006,
    "chg_pct": -9.08,
    "nav": 23.49,
    "premium_pct": -8.77,
    "aum_billion": 506.83,
    "is_benchmark": false
  },
  "00991A": {
    "name": "復華未來50",
    "close": 16.82,
    "open": 17.62,
    "high": 17.71,
    "low": 16.82,
    "volume": 325860119.0,
    "chg_amt": -1.7100000000000009,
    "chg_pct": -9.23,
    "nav": 18.49,
    "premium_pct": -9.03,
    "aum_billion": 767.95,
    "is_benchmark": false
  },
  "00992A": {
    "name": "群益科技創新",
    "close": 15.22,
    "open": 16.14,
    "high": 16.14,
    "low": 15.22,
    "volume": 92101857.0,
    "chg_amt": -1.5299999999999994,
    "chg_pct": -9.13,
    "nav": 16.77,
    "premium_pct": -9.24,
    "aum_billion": 399.52,
    "is_benchmark": false
  },
  "00993A": {
    "name": "安聯台灣",
    "close": 11.9,
    "open": 12.62,
    "high": 12.62,
    "low": 11.9,
    "volume": 15230583.0,
    "chg_amt": -1.0999999999999996,
    "chg_pct": -8.46,
    "nav": 13.0,
    "premium_pct": -8.46,
    "aum_billion": 102.01,
    "is_benchmark": false
  },
  "00980A": {
    "name": "野村臺灣優選",
    "close": 21.41,
    "open": 22.18,
    "high": 22.26,
    "low": 21.4,
    "volume": 18377067.0,
    "chg_amt": -1.6900000000000013,
    "chg_pct": -7.32,
    "nav": 23.08,
    "premium_pct": -7.24,
    "aum_billion": 162.43,
    "is_benchmark": false
  },
  "00985A": {
    "name": "野村台灣50",
    "close": 20.28,
    "open": 20.89,
    "high": 20.89,
    "low": 20.26,
    "volume": 7259223.0,
    "chg_amt": -1.3200000000000003,
    "chg_pct": -6.11,
    "nav": 21.59,
    "premium_pct": -6.07,
    "aum_billion": 101.11,
    "is_benchmark": false
  },
  "00995A": {
    "name": "中信台灣卓越",
    "close": 15.39,
    "open": 16.25,
    "high": 16.25,
    "low": 15.39,
    "volume": 10248775.0,
    "chg_amt": -1.379999999999999,
    "chg_pct": -8.23,
    "nav": 16.78,
    "premium_pct": -8.28,
    "aum_billion": 49.76,
    "is_benchmark": false
  },
  "00984A": {
    "name": "安聯台灣高息",
    "close": 14.8,
    "open": 15.14,
    "high": 15.25,
    "low": 14.8,
    "volume": 22626237.0,
    "chg_amt": -0.8199999999999985,
    "chg_pct": -5.25,
    "nav": 15.57,
    "premium_pct": -4.95,
    "aum_billion": 96.7,
    "is_benchmark": false
  },
  "00987A": {
    "name": "台新優勢成長",
    "close": 13.95,
    "open": 14.75,
    "high": 14.75,
    "low": 13.95,
    "volume": 4970923.0,
    "chg_amt": -1.290000000000001,
    "chg_pct": -8.46,
    "nav": 15.24,
    "premium_pct": -8.46,
    "aum_billion": 25.85,
    "is_benchmark": false
  },
  "00994A": {
    "name": "第一金台股優",
    "close": 15.13,
    "open": 15.8,
    "high": 15.86,
    "low": 15.11,
    "volume": 12395443.0,
    "chg_amt": -1.4499999999999975,
    "chg_pct": -8.75,
    "nav": 16.56,
    "premium_pct": -8.64,
    "aum_billion": 48.72,
    "is_benchmark": false
  },
  "00996A": {
    "name": "兆豐台灣豐收",
    "close": 13.17,
    "open": 13.72,
    "high": 13.78,
    "low": 13.17,
    "volume": 15588177.0,
    "chg_amt": -1.25,
    "chg_pct": -8.67,
    "nav": 13.21,
    "premium_pct": -0.3,
    "aum_billion": 46.37,
    "is_benchmark": false
  },
  "00400A": {
    "name": "國泰動能高息",
    "close": 12.99,
    "open": 13.5,
    "high": 13.54,
    "low": 12.99,
    "volume": 84849085.0,
    "chg_amt": -1.0,
    "chg_pct": -7.15,
    "nav": 13.96,
    "premium_pct": -6.95,
    "aum_billion": 263.44,
    "is_benchmark": false
  },
  "00401A": {
    "name": "摩根台灣鑫收",
    "close": 12.5,
    "open": 13.06,
    "high": 13.06,
    "low": 12.49,
    "volume": 10441738.0,
    "chg_amt": -0.8200000000000003,
    "chg_pct": -6.16,
    "nav": 13.3,
    "premium_pct": -6.02,
    "aum_billion": 31.05,
    "is_benchmark": false
  },
  "00999A": {
    "name": "主動野村臺灣高息",
    "close": 9.96,
    "open": 10.25,
    "high": 10.28,
    "low": 9.96,
    "volume": 30273684.0,
    "chg_amt": -0.5799999999999983,
    "chg_pct": -5.5,
    "nav": 10.57,
    "premium_pct": -5.77,
    "aum_billion": 127.54,
    "is_benchmark": false
  },
  "00988A": {
    "name": "主動統一全球創新",
    "close": 16.24,
    "open": 17.03,
    "high": 17.04,
    "low": 16.22,
    "volume": 171550252.0,
    "chg_amt": -1.9700000000000024,
    "chg_pct": -10.82,
    "nav": 17.55,
    "premium_pct": -7.46,
    "aum_billion": 607.15,
    "is_benchmark": false
  },
  "00403A": {
    "name": "主動統一升級50",
    "close": 9.52,
    "open": 9.9,
    "high": 9.95,
    "low": 9.52,
    "volume": 1314260417.0,
    "chg_amt": -0.7599999999999998,
    "chg_pct": -7.39,
    "nav": 10.26,
    "premium_pct": -7.21,
    "aum_billion": 1619.34,
    "is_benchmark": false
  },
  "00405A": {
    "name": "主動富邦台灣龍耀",
    "close": 7.75,
    "open": 8.16,
    "high": 8.17,
    "low": 7.75,
    "volume": 248731159.0,
    "chg_amt": -0.6899999999999995,
    "chg_pct": -8.18,
    "nav": 8.43,
    "premium_pct": -8.07,
    "aum_billion": 262.58,
    "is_benchmark": false
  },
  "0050": {
    "name": "元大台灣50",
    "close": 100.15,
    "open": 102.9,
    "high": 103.05,
    "low": 100.0,
    "volume": 520545951.0,
    "chg_amt": -6.25,
    "chg_pct": -5.87,
    "nav": 106.36,
    "premium_pct": -5.84,
    "aum_billion": 22456.33,
    "is_benchmark": true
  },
  "00631L": {
    "name": "元大台灣50正2",
    "close": 32.17,
    "open": 34.93,
    "high": 34.95,
    "low": 32.17,
    "volume": 882224483.0,
    "chg_amt": -5.019999999999996,
    "chg_pct": -13.5,
    "nav": 36.76,
    "premium_pct": -12.49,
    "aum_billion": 2553.79,
    "is_benchmark": true
  },
  "009816": {
    "name": "凱基台灣TOP50",
    "close": 14.28,
    "open": 14.77,
    "high": 14.81,
    "low": 14.28,
    "volume": 558225706.0,
    "chg_amt": -1.0099999999999998,
    "chg_pct": -6.61,
    "nav": 15.25,
    "premium_pct": -6.36,
    "aum_billion": 1663.88,
    "is_benchmark": true
  },
  "00830": {
    "name": "國泰費城半導體",
    "close": 83.1,
    "open": 85.0,
    "high": 85.25,
    "low": 83.1,
    "volume": 19720490.0,
    "chg_amt": -5.950000000000003,
    "chg_pct": -6.68,
    "nav": 84.95,
    "premium_pct": -2.18,
    "aum_billion": 688.55,
    "is_benchmark": true
  },
  "00878": {
    "name": "國泰永續高股息",
    "close": 31.81,
    "open": 32.16,
    "high": 32.39,
    "low": 31.78,
    "volume": 77583327.0,
    "chg_amt": -1.1400000000000041,
    "chg_pct": -3.46,
    "nav": 32.95,
    "premium_pct": -3.46,
    "aum_billion": 6042.78,
    "is_benchmark": true
  },
  "00919": {
    "name": "群益台灣精選高息",
    "close": 28.93,
    "open": 29.17,
    "high": 29.35,
    "low": 28.9,
    "volume": 143917491.0,
    "chg_amt": -0.620000000000001,
    "chg_pct": -2.1,
    "nav": 29.52,
    "premium_pct": -2.0,
    "aum_billion": 5342.99,
    "is_benchmark": true
  }
}