{
  "00981A": {
    "name": "統一台股增長",
    "close": 31.48,
    "open": 31.05,
    "high": 31.6,
    "low": 30.7,
    "volume": 267480386.0,
    "chg_amt": -0.120000000000001,
    "chg_pct": -0.38,
    "nav": 31.7,
    "premium_pct": -0.69,
    "aum_billion": 2938.58,
    "is_benchmark": false
  },
  "00982A": {
    "name": "群益台灣強棒",
    "close": 24.62,
    "open": 24.37,
    "high": 24.69,
    "low": 24.1,
    "volume": 36358989.0,
    "chg_amt": -0.16999999999999815,
    "chg_pct": -0.69,
    "nav": 24.79,
    "premium_pct": -0.69,
    "aum_billion": 536.46,
    "is_benchmark": false
  },
  "00991A": {
    "name": "復華未來50",
    "close": 20.39,
    "open": 20.19,
    "high": 20.5,
    "low": 19.99,
    "volume": 132219490.0,
    "chg_amt": -0.16999999999999815,
    "chg_pct": -0.83,
    "nav": 20.49,
    "premium_pct": -0.49,
    "aum_billion": 671.33,
    "is_benchmark": false
  },
  "00992A": {
    "name": "群益科技創新",
    "close": 18.74,
    "open": 18.55,
    "high": 18.87,
    "low": 18.33,
    "volume": 51663280.0,
    "chg_amt": -0.21000000000000085,
    "chg_pct": -1.11,
    "nav": 19.0,
    "premium_pct": -1.37,
    "aum_billion": 459.56,
    "is_benchmark": false
  },
  "00993A": {
    "name": "安聯台灣",
    "close": 14.18,
    "open": 14.04,
    "high": 14.27,
    "low": 13.9,
    "volume": 10256183.0,
    "chg_amt": -0.10999999999999943,
    "chg_pct": -0.77,
    "nav": 14.33,
    "premium_pct": -1.05,
    "aum_billion": 115.54,
    "is_benchmark": false
  },
  "00980A": {
    "name": "野村臺灣優選",
    "close": 24.76,
    "open": 24.63,
    "high": 24.87,
    "low": 24.31,
    "volume": 12721312.0,
    "chg_amt": -0.3299999999999983,
    "chg_pct": -1.32,
    "nav": 25.13,
    "premium_pct": -1.47,
    "aum_billion": 179.01,
    "is_benchmark": false
  },
  "00985A": {
    "name": "野村台灣50",
    "close": 22.2,
    "open": 22.08,
    "high": 22.25,
    "low": 21.87,
    "volume": 5054381.0,
    "chg_amt": -0.35999999999999943,
    "chg_pct": -1.6,
    "nav": 22.59,
    "premium_pct": -1.73,
    "aum_billion": 109.84,
    "is_benchmark": false
  },
  "00995A": {
    "name": "中信台灣卓越",
    "close": 18.04,
    "open": 17.92,
    "high": 18.18,
    "low": 17.68,
    "volume": 9332031.0,
    "chg_amt": -0.28000000000000114,
    "chg_pct": -1.53,
    "nav": 18.35,
    "premium_pct": -1.69,
    "aum_billion": 57.15,
    "is_benchmark": false
  },
  "00984A": {
    "name": "安聯台灣高息",
    "close": 16.75,
    "open": 16.64,
    "high": 16.86,
    "low": 16.57,
    "volume": 10537819.0,
    "chg_amt": -0.129999999999999,
    "chg_pct": -0.77,
    "nav": 16.85,
    "premium_pct": -0.59,
    "aum_billion": 80.63,
    "is_benchmark": false
  },
  "00987A": {
    "name": "台新優勢成長",
    "close": 17.48,
    "open": 17.19,
    "high": 17.54,
    "low": 17.01,
    "volume": 4336440.0,
    "chg_amt": -0.08999999999999986,
    "chg_pct": -0.51,
    "nav": 17.63,
    "premium_pct": -0.85,
    "aum_billion": 30.8,
    "is_benchmark": false
  },
  "00994A": {
    "name": "第一金台股優",
    "close": 17.94,
    "open": 17.68,
    "high": 17.96,
    "low": 17.53,
    "volume": 7721235.0,
    "chg_amt": -0.129999999999999,
    "chg_pct": -0.72,
    "nav": 18.1,
    "premium_pct": -0.88,
    "aum_billion": 55.79,
    "is_benchmark": false
  },
  "00996A": {
    "name": "兆豐台灣豐收",
    "close": 15.73,
    "open": 15.6,
    "high": 15.82,
    "low": 15.43,
    "volume": 10223828.0,
    "chg_amt": -0.11999999999999922,
    "chg_pct": -0.76,
    "nav": 15.86,
    "premium_pct": -0.82,
    "aum_billion": 51.22,
    "is_benchmark": false
  },
  "00400A": {
    "name": "國泰動能高息",
    "close": 14.92,
    "open": 14.92,
    "high": 15.02,
    "low": 14.71,
    "volume": 99293429.0,
    "chg_amt": -0.25,
    "chg_pct": -1.65,
    "nav": 15.14,
    "premium_pct": -1.45,
    "aum_billion": 235.13,
    "is_benchmark": false
  },
  "00401A": {
    "name": "摩根台灣鑫收",
    "close": 13.82,
    "open": 13.9,
    "high": 13.9,
    "low": 13.68,
    "volume": 6971390.0,
    "chg_amt": -0.1999999999999993,
    "chg_pct": -1.43,
    "nav": 14.01,
    "premium_pct": -1.36,
    "aum_billion": 35.07,
    "is_benchmark": false
  },
  "00999A": {
    "name": "主動野村臺灣高息",
    "close": 11.1,
    "open": 11.01,
    "high": 11.12,
    "low": 10.94,
    "volume": 24725018.0,
    "chg_amt": -0.09999999999999964,
    "chg_pct": -0.89,
    "nav": 11.23,
    "premium_pct": -1.16,
    "aum_billion": 149.6,
    "is_benchmark": false
  },
  "00988A": {
    "name": "主動統一全球創新",
    "close": 22.53,
    "open": 22.4,
    "high": 22.54,
    "low": 22.01,
    "volume": 131974087.0,
    "chg_amt": -0.379999999999999,
    "chg_pct": -1.66,
    "nav": 22.06,
    "premium_pct": 2.13,
    "aum_billion": 643.5,
    "is_benchmark": false
  },
  "00403A": {
    "name": "主動統一升級50",
    "close": 11.04,
    "open": 10.84,
    "high": 11.08,
    "low": 10.81,
    "volume": 374593965.0,
    "chg_amt": -0.0600000000000005,
    "chg_pct": -0.54,
    "nav": 11.13,
    "premium_pct": -0.81,
    "aum_billion": 1748.74,
    "is_benchmark": false
  },
  "00405A": {
    "name": "主動富邦台灣龍耀",
    "close": 9.42,
    "open": 9.4,
    "high": 9.47,
    "low": 9.25,
    "volume": 140699340.0,
    "chg_amt": -0.08999999999999986,
    "chg_pct": -0.95,
    "nav": 9.52,
    "premium_pct": -1.05,
    "aum_billion": 237.23,
    "is_benchmark": false
  },
  "0050": {
    "name": "元大台灣50",
    "close": 107.15,
    "open": 108.0,
    "high": 108.1,
    "low": 106.15,
    "volume": 235939737.0,
    "chg_amt": -2.9499999999999886,
    "chg_pct": -2.68,
    "nav": 109.68,
    "premium_pct": -2.31,
    "aum_billion": 22442.94,
    "is_benchmark": true
  },
  "00631L": {
    "name": "元大台灣50正2",
    "close": 38.08,
    "open": 38.73,
    "high": 38.73,
    "low": 37.49,
    "volume": 647855547.0,
    "chg_amt": -2.1200000000000045,
    "chg_pct": -5.27,
    "nav": 39.89,
    "premium_pct": -4.54,
    "aum_billion": 2289.94,
    "is_benchmark": true
  },
  "009816": {
    "name": "凱基台灣TOP50",
    "close": 15.56,
    "open": 15.72,
    "high": 15.73,
    "low": 15.43,
    "volume": 338031402.0,
    "chg_amt": -0.41000000000000014,
    "chg_pct": -2.57,
    "nav": 15.9,
    "premium_pct": -2.14,
    "aum_billion": 1574.44,
    "is_benchmark": true
  },
  "00830": {
    "name": "國泰費城半導體",
    "close": 96.7,
    "open": 96.55,
    "high": 96.9,
    "low": 95.2,
    "volume": 20194896.0,
    "chg_amt": -2.5999999999999943,
    "chg_pct": -2.62,
    "nav": 94.65,
    "premium_pct": 2.17,
    "aum_billion": 724.25,
    "is_benchmark": true
  },
  "00878": {
    "name": "國泰永續高股息",
    "close": 33.66,
    "open": 33.6,
    "high": 33.87,
    "low": 33.37,
    "volume": 45814735.0,
    "chg_amt": -0.3200000000000003,
    "chg_pct": -0.94,
    "nav": 34.05,
    "premium_pct": -1.15,
    "aum_billion": 6253.7,
    "is_benchmark": true
  },
  "00919": {
    "name": "群益台灣精選高息",
    "close": 30.21,
    "open": 30.25,
    "high": 30.5,
    "low": 30.05,
    "volume": 106172952.0,
    "chg_amt": -0.36999999999999744,
    "chg_pct": -1.21,
    "nav": 30.69,
    "premium_pct": -1.56,
    "aum_billion": 5533.74,
    "is_benchmark": true
  }
}