{
  "00981A": {
    "name": "統一台股增長",
    "close": 29.75,
    "open": 29.96,
    "high": 30.1,
    "low": 29.25,
    "volume": 195753436.0,
    "chg_amt": -0.08999999999999986,
    "chg_pct": -0.3,
    "nav": 29.6,
    "premium_pct": 0.51,
    "aum_billion": 2709.92,
    "is_benchmark": false
  },
  "00982A": {
    "name": "群益台灣強棒",
    "close": 23.83,
    "open": 24.1,
    "high": 24.14,
    "low": 23.52,
    "volume": 29444931.0,
    "chg_amt": -0.26000000000000156,
    "chg_pct": -1.08,
    "nav": 24.09,
    "premium_pct": -1.08,
    "aum_billion": 517.5,
    "is_benchmark": false
  },
  "00991A": {
    "name": "復華未來50",
    "close": 19.1,
    "open": 19.2,
    "high": 19.36,
    "low": 18.8,
    "volume": 113395722.0,
    "chg_amt": -0.019999999999999574,
    "chg_pct": -0.1,
    "nav": 18.98,
    "premium_pct": 0.63,
    "aum_billion": 714.32,
    "is_benchmark": false
  },
  "00992A": {
    "name": "群益科技創新",
    "close": 17.65,
    "open": 17.78,
    "high": 17.9,
    "low": 17.42,
    "volume": 40617598.0,
    "chg_amt": -0.060000000000002274,
    "chg_pct": -0.34,
    "nav": 17.67,
    "premium_pct": -0.11,
    "aum_billion": 414.69,
    "is_benchmark": false
  },
  "00993A": {
    "name": "安聯台灣",
    "close": 13.29,
    "open": 13.39,
    "high": 13.48,
    "low": 13.11,
    "volume": 4899120.0,
    "chg_amt": -0.07000000000000028,
    "chg_pct": -0.52,
    "nav": 13.31,
    "premium_pct": -0.15,
    "aum_billion": 104.99,
    "is_benchmark": false
  },
  "00980A": {
    "name": "野村臺灣優選",
    "close": 23.47,
    "open": 23.6,
    "high": 23.76,
    "low": 23.17,
    "volume": 10725021.0,
    "chg_amt": -0.08999999999999986,
    "chg_pct": -0.38,
    "nav": 23.51,
    "premium_pct": -0.17,
    "aum_billion": 165.47,
    "is_benchmark": false
  },
  "00985A": {
    "name": "野村台灣50",
    "close": 21.52,
    "open": 21.67,
    "high": 21.7,
    "low": 21.31,
    "volume": 3388169.0,
    "chg_amt": -0.03999999999999915,
    "chg_pct": -0.19,
    "nav": 21.52,
    "premium_pct": 0,
    "aum_billion": 100.8,
    "is_benchmark": false
  },
  "00995A": {
    "name": "中信台灣卓越",
    "close": 17.11,
    "open": 17.24,
    "high": 17.37,
    "low": 16.88,
    "volume": 5974723.0,
    "chg_amt": -0.060000000000002274,
    "chg_pct": -0.35,
    "nav": 17.16,
    "premium_pct": -0.29,
    "aum_billion": 51.07,
    "is_benchmark": false
  },
  "00984A": {
    "name": "安聯台灣高息",
    "close": 16.3,
    "open": 16.36,
    "high": 16.4,
    "low": 16.06,
    "volume": 23980962.0,
    "chg_amt": 0.05000000000000071,
    "chg_pct": 0.31,
    "nav": 16.16,
    "premium_pct": 0.87,
    "aum_billion": 87.07,
    "is_benchmark": false
  },
  "00987A": {
    "name": "台新優勢成長",
    "close": 15.94,
    "open": 16.09,
    "high": 16.24,
    "low": 15.75,
    "volume": 4867610.0,
    "chg_amt": -0.07000000000000206,
    "chg_pct": -0.44,
    "nav": 15.99,
    "premium_pct": -0.31,
    "aum_billion": 27.29,
    "is_benchmark": false
  },
  "00994A": {
    "name": "第一金台股優",
    "close": 16.85,
    "open": 16.95,
    "high": 17.03,
    "low": 16.65,
    "volume": 5743574.0,
    "chg_amt": -0.04999999999999716,
    "chg_pct": -0.3,
    "nav": 16.87,
    "premium_pct": -0.12,
    "aum_billion": 50.06,
    "is_benchmark": false
  },
  "00996A": {
    "name": "兆豐台灣豐收",
    "close": 14.8,
    "open": 14.89,
    "high": 14.97,
    "low": 14.62,
    "volume": 6497384.0,
    "chg_amt": 0.0,
    "chg_pct": 0.0,
    "nav": 14.8,
    "premium_pct": 0,
    "aum_billion": 47.65,
    "is_benchmark": false
  },
  "00400A": {
    "name": "國泰動能高息",
    "close": 14.29,
    "open": 14.41,
    "high": 14.41,
    "low": 14.05,
    "volume": 68952570.0,
    "chg_amt": -0.0600000000000005,
    "chg_pct": -0.42,
    "nav": 14.26,
    "premium_pct": 0.21,
    "aum_billion": 252.77,
    "is_benchmark": false
  },
  "00401A": {
    "name": "摩根台灣鑫收",
    "close": 13.27,
    "open": 13.2,
    "high": 13.42,
    "low": 13.13,
    "volume": 5645090.0,
    "chg_amt": 0.019999999999999574,
    "chg_pct": 0.15,
    "nav": 13.26,
    "premium_pct": 0.08,
    "aum_billion": 31.94,
    "is_benchmark": false
  },
  "00999A": {
    "name": "主動野村臺灣高息",
    "close": 10.63,
    "open": 10.79,
    "high": 10.8,
    "low": 10.54,
    "volume": 13410414.0,
    "chg_amt": -0.09999999999999964,
    "chg_pct": -0.93,
    "nav": 10.75,
    "premium_pct": -1.12,
    "aum_billion": 132.28,
    "is_benchmark": false
  },
  "00988A": {
    "name": "主動統一全球創新",
    "close": 19.15,
    "open": 19.62,
    "high": 19.67,
    "low": 19.05,
    "volume": 105303931.0,
    "chg_amt": -0.4700000000000024,
    "chg_pct": -2.4,
    "nav": 19.17,
    "premium_pct": -0.1,
    "aum_billion": 621.73,
    "is_benchmark": false
  },
  "00403A": {
    "name": "主動統一升級50",
    "close": 10.41,
    "open": 10.47,
    "high": 10.51,
    "low": 10.26,
    "volume": 241549106.0,
    "chg_amt": -0.03999999999999915,
    "chg_pct": -0.38,
    "nav": 10.43,
    "premium_pct": -0.19,
    "aum_billion": 1606.92,
    "is_benchmark": false
  },
  "00405A": {
    "name": "主動富邦台灣龍耀",
    "close": 8.57,
    "open": 8.77,
    "high": 8.79,
    "low": 8.46,
    "volume": 117824822.0,
    "chg_amt": -0.08000000000000007,
    "chg_pct": -0.92,
    "nav": 8.6,
    "premium_pct": -0.35,
    "aum_billion": 242.73,
    "is_benchmark": false
  },
  "0050": {
    "name": "元大台灣50",
    "close": 106.05,
    "open": 106.4,
    "high": 106.6,
    "low": 105.05,
    "volume": 96508356.0,
    "chg_amt": -0.15000000000000568,
    "chg_pct": -0.14,
    "nav": 105.73,
    "premium_pct": 0.3,
    "aum_billion": 22065.15,
    "is_benchmark": true
  },
  "00631L": {
    "name": "元大台灣50正2",
    "close": 37.14,
    "open": 37.48,
    "high": 37.49,
    "low": 36.47,
    "volume": 224186771.0,
    "chg_amt": -0.04999999999999716,
    "chg_pct": -0.13,
    "nav": 37.04,
    "premium_pct": 0.27,
    "aum_billion": 2423.32,
    "is_benchmark": true
  },
  "009816": {
    "name": "凱基台灣TOP50",
    "close": 15.26,
    "open": 15.32,
    "high": 15.36,
    "low": 15.1,
    "volume": 112264020.0,
    "chg_amt": -0.02999999999999936,
    "chg_pct": -0.2,
    "nav": 15.21,
    "premium_pct": 0.33,
    "aum_billion": 1596.69,
    "is_benchmark": true
  },
  "00830": {
    "name": "國泰費城半導體",
    "close": 88.55,
    "open": 89.0,
    "high": 89.35,
    "low": 88.05,
    "volume": 13329057.0,
    "chg_amt": -1.1500000000000057,
    "chg_pct": -1.28,
    "nav": 87.73,
    "premium_pct": 0.93,
    "aum_billion": 683.01,
    "is_benchmark": true
  },
  "00878": {
    "name": "國泰永續高股息",
    "close": 33.2,
    "open": 33.19,
    "high": 33.22,
    "low": 32.72,
    "volume": 29374892.0,
    "chg_amt": 0.23000000000000398,
    "chg_pct": 0.7,
    "nav": 32.97,
    "premium_pct": 0.7,
    "aum_billion": 6048.37,
    "is_benchmark": true
  },
  "00919": {
    "name": "群益台灣精選高息",
    "close": 29.94,
    "open": 29.95,
    "high": 30.0,
    "low": 29.62,
    "volume": 70540271.0,
    "chg_amt": 0.3200000000000003,
    "chg_pct": 1.08,
    "nav": 29.67,
    "premium_pct": 0.91,
    "aum_billion": 5363.43,
    "is_benchmark": true
  }
}