{
  "00981A": {
    "name": "統一台股增長",
    "close": 31.96,
    "open": 32.23,
    "high": 32.73,
    "low": 31.67,
    "volume": 300007621.0,
    "chg_amt": 0.4700000000000024,
    "chg_pct": 1.49,
    "nav": 31.89,
    "premium_pct": 0.22,
    "aum_billion": 2864.39,
    "is_benchmark": false
  },
  "00982A": {
    "name": "群益台灣強棒",
    "close": 24.52,
    "open": 24.54,
    "high": 24.88,
    "low": 24.28,
    "volume": 62002913.0,
    "chg_amt": 0.46000000000000085,
    "chg_pct": 1.91,
    "nav": 24.56,
    "premium_pct": -0.16,
    "aum_billion": 548.16,
    "is_benchmark": false
  },
  "00991A": {
    "name": "復華未來50",
    "close": 19.74,
    "open": 19.96,
    "high": 20.1,
    "low": 19.6,
    "volume": 161998194.0,
    "chg_amt": 0.41000000000000014,
    "chg_pct": 2.12,
    "nav": 19.59,
    "premium_pct": 0.77,
    "aum_billion": 517.55,
    "is_benchmark": false
  },
  "00992A": {
    "name": "群益科技創新",
    "close": 18.75,
    "open": 19.28,
    "high": 19.41,
    "low": 18.61,
    "volume": 166799308.0,
    "chg_amt": -0.1700000000000017,
    "chg_pct": -0.9,
    "nav": 18.85,
    "premium_pct": -0.53,
    "aum_billion": 545.16,
    "is_benchmark": false
  },
  "00993A": {
    "name": "安聯台灣",
    "close": 13.93,
    "open": 13.98,
    "high": 14.24,
    "low": 13.84,
    "volume": 16933655.0,
    "chg_amt": 0.27999999999999936,
    "chg_pct": 2.05,
    "nav": 13.96,
    "premium_pct": -0.21,
    "aum_billion": 120.07,
    "is_benchmark": false
  },
  "00980A": {
    "name": "野村臺灣優選",
    "close": 24.58,
    "open": 24.67,
    "high": 25.09,
    "low": 24.42,
    "volume": 16506660.0,
    "chg_amt": 0.33999999999999986,
    "chg_pct": 1.4,
    "nav": 24.61,
    "premium_pct": -0.12,
    "aum_billion": 184.03,
    "is_benchmark": false
  },
  "00985A": {
    "name": "野村台灣50",
    "close": 22.18,
    "open": 22.33,
    "high": 22.63,
    "low": 22.07,
    "volume": 8234418.0,
    "chg_amt": 0.14000000000000057,
    "chg_pct": 0.64,
    "nav": 22.23,
    "premium_pct": -0.22,
    "aum_billion": 112.32,
    "is_benchmark": false
  },
  "00995A": {
    "name": "中信台灣卓越",
    "close": 18.31,
    "open": 18.55,
    "high": 18.8,
    "low": 18.17,
    "volume": 9205206.0,
    "chg_amt": 0.16999999999999815,
    "chg_pct": 0.94,
    "nav": 18.36,
    "premium_pct": -0.27,
    "aum_billion": 59.01,
    "is_benchmark": false
  },
  "00984A": {
    "name": "安聯台灣高息",
    "close": 16.07,
    "open": 16.0,
    "high": 16.23,
    "low": 15.98,
    "volume": 10533861.0,
    "chg_amt": 0.21000000000000085,
    "chg_pct": 1.32,
    "nav": 16.01,
    "premium_pct": 0.37,
    "aum_billion": 71.72,
    "is_benchmark": false
  },
  "00987A": {
    "name": "台新優勢成長",
    "close": 18.11,
    "open": 18.43,
    "high": 18.64,
    "low": 17.97,
    "volume": 10707206.0,
    "chg_amt": -0.010000000000001563,
    "chg_pct": -0.06,
    "nav": 18.11,
    "premium_pct": 0,
    "aum_billion": 36.92,
    "is_benchmark": false
  },
  "00994A": {
    "name": "第一金台股優",
    "close": 18.89,
    "open": 19.0,
    "high": 19.4,
    "low": 18.73,
    "volume": 14922666.0,
    "chg_amt": 0.28999999999999915,
    "chg_pct": 1.56,
    "nav": 18.85,
    "premium_pct": 0.21,
    "aum_billion": 57.56,
    "is_benchmark": false
  },
  "00996A": {
    "name": "兆豐台灣豐收",
    "close": 15.54,
    "open": 15.85,
    "high": 16.0,
    "low": 15.4,
    "volume": 18420282.0,
    "chg_amt": 0.1899999999999995,
    "chg_pct": 1.24,
    "nav": 15.52,
    "premium_pct": 0.13,
    "aum_billion": 50.39,
    "is_benchmark": false
  },
  "00400A": {
    "name": "國泰動能高息",
    "close": 14.92,
    "open": 15.01,
    "high": 15.18,
    "low": 14.8,
    "volume": 57963726.0,
    "chg_amt": 0.2699999999999996,
    "chg_pct": 1.84,
    "nav": 14.9,
    "premium_pct": 0.13,
    "aum_billion": 223.89,
    "is_benchmark": false
  },
  "00401A": {
    "name": "摩根台灣鑫收",
    "close": 13.76,
    "open": 13.76,
    "high": 13.98,
    "low": 13.69,
    "volume": 12437745.0,
    "chg_amt": 0.17999999999999972,
    "chg_pct": 1.33,
    "nav": 13.71,
    "premium_pct": 0.36,
    "aum_billion": 34.28,
    "is_benchmark": false
  },
  "00999A": {
    "name": "主動野村臺灣高息",
    "close": 10.75,
    "open": 10.83,
    "high": 10.9,
    "low": 10.7,
    "volume": 70421235.0,
    "chg_amt": 0.08999999999999986,
    "chg_pct": 0.84,
    "nav": 10.8,
    "premium_pct": -0.46,
    "aum_billion": 168.69,
    "is_benchmark": false
  },
  "00988A": {
    "name": "主動統一全球創新",
    "close": 22.07,
    "open": 23.1,
    "high": 23.17,
    "low": 21.95,
    "volume": 153968064.0,
    "chg_amt": 0.14999999999999858,
    "chg_pct": 0.68,
    "nav": 21.24,
    "premium_pct": 3.91,
    "aum_billion": 401.39,
    "is_benchmark": false
  },
  "00403A": {
    "name": "主動統一升級50",
    "close": 10.78,
    "open": 10.84,
    "high": 10.98,
    "low": 10.7,
    "volume": 741587390.0,
    "chg_amt": 0.1399999999999988,
    "chg_pct": 1.32,
    "nav": 10.8,
    "premium_pct": -0.19,
    "aum_billion": 1944.73,
    "is_benchmark": false
  },
  "0050": {
    "name": "元大台灣50",
    "close": 102.55,
    "open": 102.4,
    "high": 103.9,
    "low": 102.0,
    "volume": 94959812.0,
    "chg_amt": 2.450000000000003,
    "chg_pct": 2.45,
    "nav": 102.42,
    "premium_pct": 0.13,
    "aum_billion": 18914.07,
    "is_benchmark": true
  },
  "009816": {
    "name": "凱基台灣TOP50",
    "close": 15.15,
    "open": 15.13,
    "high": 15.33,
    "low": 15.02,
    "volume": 206095993.0,
    "chg_amt": 0.39000000000000057,
    "chg_pct": 2.64,
    "nav": 15.08,
    "premium_pct": 0.46,
    "aum_billion": 1296.99,
    "is_benchmark": true
  },
  "00830": {
    "name": "國泰費城半導體",
    "close": 90.6,
    "open": 90.85,
    "high": 90.85,
    "low": 90.4,
    "volume": 9665813.0,
    "chg_amt": 3.5,
    "chg_pct": 4.02,
    "nav": 89.78,
    "premium_pct": 0.91,
    "aum_billion": 545.65,
    "is_benchmark": true
  },
  "00878": {
    "name": "國泰永續高股息",
    "close": 30.55,
    "open": 30.28,
    "high": 30.8,
    "low": 30.28,
    "volume": 110473016.0,
    "chg_amt": 0.9299999999999997,
    "chg_pct": 3.14,
    "nav": 30.61,
    "premium_pct": -0.2,
    "aum_billion": 5610.82,
    "is_benchmark": true
  },
  "00919": {
    "name": "群益台灣精選高息",
    "close": 28.85,
    "open": 28.3,
    "high": 28.92,
    "low": 28.3,
    "volume": 165225160.0,
    "chg_amt": 0.9200000000000017,
    "chg_pct": 3.29,
    "nav": 28.82,
    "premium_pct": 0.1,
    "aum_billion": 4902.28,
    "is_benchmark": true
  }
}