{
  "00981A": {
    "name": "統一台股增長",
    "close": 31.36,
    "open": 31.48,
    "high": 31.62,
    "low": 31.06,
    "volume": 192386145.0,
    "chg_amt": -0.4499999999999993,
    "chg_pct": -1.41,
    "nav": 31.25,
    "premium_pct": 0.35,
    "aum_billion": 2909.19,
    "is_benchmark": false
  },
  "00982A": {
    "name": "群益台灣強棒",
    "close": 24.05,
    "open": 24.02,
    "high": 24.38,
    "low": 23.91,
    "volume": 29995656.0,
    "chg_amt": -0.10999999999999943,
    "chg_pct": -0.46,
    "nav": 24.05,
    "premium_pct": 0,
    "aum_billion": 539.52,
    "is_benchmark": false
  },
  "00991A": {
    "name": "復華未來50",
    "close": 19.61,
    "open": 19.78,
    "high": 19.89,
    "low": 19.56,
    "volume": 77628956.0,
    "chg_amt": -0.379999999999999,
    "chg_pct": -1.9,
    "nav": 19.56,
    "premium_pct": 0.26,
    "aum_billion": 599.0,
    "is_benchmark": false
  },
  "00992A": {
    "name": "群益科技創新",
    "close": 18.2,
    "open": 18.34,
    "high": 18.42,
    "low": 18.16,
    "volume": 55096351.0,
    "chg_amt": -0.3200000000000003,
    "chg_pct": -1.73,
    "nav": 18.27,
    "premium_pct": -0.38,
    "aum_billion": 496.19,
    "is_benchmark": false
  },
  "00993A": {
    "name": "安聯台灣",
    "close": 13.69,
    "open": 13.69,
    "high": 13.8,
    "low": 13.61,
    "volume": 6727316.0,
    "chg_amt": -0.16000000000000014,
    "chg_pct": -1.16,
    "nav": 13.7,
    "premium_pct": -0.07,
    "aum_billion": 117.16,
    "is_benchmark": false
  },
  "00980A": {
    "name": "野村臺灣優選",
    "close": 24.89,
    "open": 24.99,
    "high": 25.04,
    "low": 24.75,
    "volume": 9163766.0,
    "chg_amt": -0.23999999999999844,
    "chg_pct": -0.96,
    "nav": 24.87,
    "premium_pct": 0.08,
    "aum_billion": 187.6,
    "is_benchmark": false
  },
  "00985A": {
    "name": "野村台灣50",
    "close": 22.37,
    "open": 22.51,
    "high": 22.54,
    "low": 22.33,
    "volume": 4660167.0,
    "chg_amt": -0.23000000000000043,
    "chg_pct": -1.02,
    "nav": 22.36,
    "premium_pct": 0.04,
    "aum_billion": 114.16,
    "is_benchmark": false
  },
  "00995A": {
    "name": "中信台灣卓越",
    "close": 17.97,
    "open": 17.94,
    "high": 18.15,
    "low": 17.86,
    "volume": 6532471.0,
    "chg_amt": -0.240000000000002,
    "chg_pct": -1.32,
    "nav": 17.94,
    "premium_pct": 0.17,
    "aum_billion": 59.14,
    "is_benchmark": false
  },
  "00984A": {
    "name": "安聯台灣高息",
    "close": 16.51,
    "open": 16.58,
    "high": 16.68,
    "low": 16.5,
    "volume": 7576601.0,
    "chg_amt": -0.17999999999999972,
    "chg_pct": -1.08,
    "nav": 16.46,
    "premium_pct": 0.3,
    "aum_billion": 76.48,
    "is_benchmark": false
  },
  "00987A": {
    "name": "台新優勢成長",
    "close": 17.79,
    "open": 17.89,
    "high": 17.98,
    "low": 17.67,
    "volume": 3593523.0,
    "chg_amt": -0.22000000000000242,
    "chg_pct": -1.22,
    "nav": 17.77,
    "premium_pct": 0.11,
    "aum_billion": 35.1,
    "is_benchmark": false
  },
  "00994A": {
    "name": "第一金台股優",
    "close": 18.33,
    "open": 18.45,
    "high": 18.53,
    "low": 18.27,
    "volume": 9725553.0,
    "chg_amt": -0.2900000000000027,
    "chg_pct": -1.56,
    "nav": 18.29,
    "premium_pct": 0.22,
    "aum_billion": 57.2,
    "is_benchmark": false
  },
  "00996A": {
    "name": "兆豐台灣豐收",
    "close": 15.31,
    "open": 15.39,
    "high": 15.44,
    "low": 15.24,
    "volume": 9067227.0,
    "chg_amt": -0.2699999999999996,
    "chg_pct": -1.73,
    "nav": 15.25,
    "premium_pct": 0.39,
    "aum_billion": 51.57,
    "is_benchmark": false
  },
  "00400A": {
    "name": "國泰動能高息",
    "close": 14.86,
    "open": 14.9,
    "high": 15.0,
    "low": 14.78,
    "volume": 44723262.0,
    "chg_amt": -0.16000000000000014,
    "chg_pct": -1.07,
    "nav": 14.8,
    "premium_pct": 0.41,
    "aum_billion": 226.83,
    "is_benchmark": false
  },
  "00401A": {
    "name": "摩根台灣鑫收",
    "close": 13.84,
    "open": 13.97,
    "high": 13.97,
    "low": 13.79,
    "volume": 3939439.0,
    "chg_amt": -0.13000000000000078,
    "chg_pct": -0.93,
    "nav": 13.82,
    "premium_pct": 0.14,
    "aum_billion": 35.29,
    "is_benchmark": false
  },
  "00999A": {
    "name": "主動野村臺灣高息",
    "close": 11.39,
    "open": 11.29,
    "high": 11.45,
    "low": 11.28,
    "volume": 41802169.0,
    "chg_amt": -0.02999999999999936,
    "chg_pct": -0.26,
    "nav": 11.36,
    "premium_pct": 0.26,
    "aum_billion": 167.38,
    "is_benchmark": false
  },
  "00988A": {
    "name": "主動統一全球創新",
    "close": 22.09,
    "open": 22.13,
    "high": 22.25,
    "low": 21.83,
    "volume": 117097929.0,
    "chg_amt": -0.5700000000000003,
    "chg_pct": -2.52,
    "nav": 22.33,
    "premium_pct": -1.07,
    "aum_billion": 520.82,
    "is_benchmark": false
  },
  "00403A": {
    "name": "主動統一升級50",
    "close": 10.59,
    "open": 10.68,
    "high": 10.71,
    "low": 10.56,
    "volume": 406992048.0,
    "chg_amt": -0.1999999999999993,
    "chg_pct": -1.85,
    "nav": 10.61,
    "premium_pct": -0.19,
    "aum_billion": 1915.57,
    "is_benchmark": false
  },
  "0050": {
    "name": "元大台灣50",
    "close": 106.1,
    "open": 106.75,
    "high": 107.0,
    "low": 106.05,
    "volume": 236782252.0,
    "chg_amt": -1.5,
    "chg_pct": -1.39,
    "nav": 105.52,
    "premium_pct": 0.55,
    "aum_billion": 20721.33,
    "is_benchmark": true
  },
  "009816": {
    "name": "凱基台灣TOP50",
    "close": 15.48,
    "open": 15.6,
    "high": 15.67,
    "low": 15.48,
    "volume": 207364354.0,
    "chg_amt": -0.2599999999999998,
    "chg_pct": -1.65,
    "nav": 15.39,
    "premium_pct": 0.58,
    "aum_billion": 1442.5,
    "is_benchmark": true
  },
  "00830": {
    "name": "國泰費城半導體",
    "close": 95.6,
    "open": 95.9,
    "high": 96.2,
    "low": 95.0,
    "volume": 12281718.0,
    "chg_amt": -1.4000000000000057,
    "chg_pct": -1.44,
    "nav": 96.99,
    "premium_pct": -1.43,
    "aum_billion": 623.45,
    "is_benchmark": true
  },
  "00878": {
    "name": "國泰永續高股息",
    "close": 32.68,
    "open": 32.95,
    "high": 32.96,
    "low": 32.54,
    "volume": 78525133.0,
    "chg_amt": -0.6199999999999974,
    "chg_pct": -1.86,
    "nav": 32.74,
    "premium_pct": -0.18,
    "aum_billion": 6235.71,
    "is_benchmark": true
  },
  "00919": {
    "name": "群益台灣精選高息",
    "close": 30.52,
    "open": 30.57,
    "high": 30.67,
    "low": 30.25,
    "volume": 185193339.0,
    "chg_amt": -0.26000000000000156,
    "chg_pct": -0.84,
    "nav": 0,
    "premium_pct": -0.84,
    "aum_billion": 5399.19,
    "is_benchmark": true
  }
}