{
  "00981A": {
    "name": "統一台股增長",
    "close": 31.7,
    "open": 31.69,
    "high": 32.07,
    "low": 31.61,
    "volume": 254690698.0,
    "chg_amt": 0.16000000000000014,
    "chg_pct": 0.51,
    "nav": 31.8,
    "premium_pct": -0.31,
    "aum_billion": 2860.37,
    "is_benchmark": false
  },
  "00982A": {
    "name": "群益台灣強棒",
    "close": 24.35,
    "open": 24.5,
    "high": 24.66,
    "low": 24.22,
    "volume": 51387008.0,
    "chg_amt": 0.010000000000001563,
    "chg_pct": 0.04,
    "nav": 24.39,
    "premium_pct": -0.16,
    "aum_billion": 550.69,
    "is_benchmark": false
  },
  "00991A": {
    "name": "復華未來50",
    "close": 19.95,
    "open": 19.85,
    "high": 20.27,
    "low": 19.8,
    "volume": 123296850.0,
    "chg_amt": 0.3099999999999987,
    "chg_pct": 1.58,
    "nav": 19.91,
    "premium_pct": 0.2,
    "aum_billion": 578.83,
    "is_benchmark": false
  },
  "00992A": {
    "name": "群益科技創新",
    "close": 18.57,
    "open": 18.49,
    "high": 18.74,
    "low": 18.49,
    "volume": 83732551.0,
    "chg_amt": 0.21999999999999886,
    "chg_pct": 1.2,
    "nav": 18.63,
    "premium_pct": -0.32,
    "aum_billion": 513.77,
    "is_benchmark": false
  },
  "00993A": {
    "name": "安聯台灣",
    "close": 13.86,
    "open": 13.88,
    "high": 14.03,
    "low": 13.86,
    "volume": 11545512.0,
    "chg_amt": 0.08000000000000007,
    "chg_pct": 0.58,
    "nav": 13.92,
    "premium_pct": -0.43,
    "aum_billion": 120.46,
    "is_benchmark": false
  },
  "00980A": {
    "name": "野村臺灣優選",
    "close": 24.9,
    "open": 24.74,
    "high": 25.07,
    "low": 24.74,
    "volume": 16264917.0,
    "chg_amt": 0.41999999999999815,
    "chg_pct": 1.72,
    "nav": 24.91,
    "premium_pct": -0.04,
    "aum_billion": 185.41,
    "is_benchmark": false
  },
  "00985A": {
    "name": "野村台灣50",
    "close": 22.42,
    "open": 22.28,
    "high": 22.6,
    "low": 22.28,
    "volume": 6244704.0,
    "chg_amt": 0.2700000000000031,
    "chg_pct": 1.22,
    "nav": 22.43,
    "premium_pct": -0.04,
    "aum_billion": 112.77,
    "is_benchmark": false
  },
  "00995A": {
    "name": "中信台灣卓越",
    "close": 18.26,
    "open": 18.21,
    "high": 18.45,
    "low": 18.19,
    "volume": 6744755.0,
    "chg_amt": 0.11000000000000298,
    "chg_pct": 0.61,
    "nav": 18.28,
    "premium_pct": -0.11,
    "aum_billion": 58.76,
    "is_benchmark": false
  },
  "00984A": {
    "name": "安聯台灣高息",
    "close": 16.5,
    "open": 16.28,
    "high": 16.56,
    "low": 16.25,
    "volume": 6780105.0,
    "chg_amt": 0.33999999999999986,
    "chg_pct": 2.1,
    "nav": 16.42,
    "premium_pct": 0.49,
    "aum_billion": 73.51,
    "is_benchmark": false
  },
  "00987A": {
    "name": "台新優勢成長",
    "close": 18.16,
    "open": 17.9,
    "high": 18.3,
    "low": 17.9,
    "volume": 7028933.0,
    "chg_amt": 0.26000000000000156,
    "chg_pct": 1.45,
    "nav": 18.15,
    "premium_pct": 0.06,
    "aum_billion": 36.26,
    "is_benchmark": false
  },
  "00994A": {
    "name": "第一金台股優",
    "close": 18.65,
    "open": 18.57,
    "high": 18.82,
    "low": 18.56,
    "volume": 11791667.0,
    "chg_amt": 0.16999999999999815,
    "chg_pct": 0.92,
    "nav": 18.65,
    "premium_pct": 0,
    "aum_billion": 57.52,
    "is_benchmark": false
  },
  "00996A": {
    "name": "兆豐台灣豐收",
    "close": 15.72,
    "open": 15.45,
    "high": 15.83,
    "low": 15.45,
    "volume": 16151993.0,
    "chg_amt": 0.4300000000000015,
    "chg_pct": 2.81,
    "nav": 15.67,
    "premium_pct": 0.32,
    "aum_billion": 50.45,
    "is_benchmark": false
  },
  "00400A": {
    "name": "國泰動能高息",
    "close": 14.95,
    "open": 14.93,
    "high": 15.11,
    "low": 14.85,
    "volume": 59165872.0,
    "chg_amt": 0.11999999999999922,
    "chg_pct": 0.81,
    "nav": 14.96,
    "premium_pct": -0.07,
    "aum_billion": 226.41,
    "is_benchmark": false
  },
  "00401A": {
    "name": "摩根台灣鑫收",
    "close": 13.74,
    "open": 13.77,
    "high": 13.89,
    "low": 13.73,
    "volume": 5925398.0,
    "chg_amt": 0.07000000000000028,
    "chg_pct": 0.51,
    "nav": 13.74,
    "premium_pct": 0,
    "aum_billion": 35.69,
    "is_benchmark": false
  },
  "00999A": {
    "name": "主動野村臺灣高息",
    "close": 11.16,
    "open": 11.02,
    "high": 11.2,
    "low": 11.01,
    "volume": 44733638.0,
    "chg_amt": 0.2599999999999998,
    "chg_pct": 2.39,
    "nav": 11.15,
    "premium_pct": 0.09,
    "aum_billion": 164.41,
    "is_benchmark": false
  },
  "00988A": {
    "name": "主動統一全球創新",
    "close": 21.99,
    "open": 22.01,
    "high": 22.19,
    "low": 21.91,
    "volume": 163488820.0,
    "chg_amt": -0.120000000000001,
    "chg_pct": -0.54,
    "nav": 21.69,
    "premium_pct": 1.38,
    "aum_billion": 422.61,
    "is_benchmark": false
  },
  "00403A": {
    "name": "主動統一升級50",
    "close": 10.82,
    "open": 10.74,
    "high": 10.94,
    "low": 10.73,
    "volume": 582755183.0,
    "chg_amt": 0.120000000000001,
    "chg_pct": 1.12,
    "nav": 10.86,
    "premium_pct": -0.37,
    "aum_billion": 1945.05,
    "is_benchmark": false
  },
  "0050": {
    "name": "元大台灣50",
    "close": 105.5,
    "open": 105.25,
    "high": 106.7,
    "low": 104.5,
    "volume": 135817122.0,
    "chg_amt": 0.09999999999999432,
    "chg_pct": 0.09,
    "nav": 104.67,
    "premium_pct": 0.79,
    "aum_billion": 19769.11,
    "is_benchmark": true
  },
  "009816": {
    "name": "凱基台灣TOP50",
    "close": 15.4,
    "open": 15.32,
    "high": 15.6,
    "low": 15.32,
    "volume": 202903314.0,
    "chg_amt": 0.20000000000000107,
    "chg_pct": 1.32,
    "nav": 15.33,
    "premium_pct": 0.46,
    "aum_billion": 1356.42,
    "is_benchmark": true
  },
  "00830": {
    "name": "國泰費城半導體",
    "close": 90.4,
    "open": 90.85,
    "high": 90.85,
    "low": 90.25,
    "volume": 6859422.0,
    "chg_amt": 0.5,
    "chg_pct": 0.56,
    "nav": 89.16,
    "premium_pct": 1.39,
    "aum_billion": 579.24,
    "is_benchmark": true
  },
  "00878": {
    "name": "國泰永續高股息",
    "close": 31.99,
    "open": 31.3,
    "high": 32.05,
    "low": 31.3,
    "volume": 103435481.0,
    "chg_amt": 1.2299999999999969,
    "chg_pct": 4.0,
    "nav": 32.03,
    "premium_pct": -0.12,
    "aum_billion": 5801.39,
    "is_benchmark": true
  },
  "00919": {
    "name": "群益台灣精選高息",
    "close": 30.0,
    "open": 29.33,
    "high": 30.1,
    "low": 29.33,
    "volume": 166925815.0,
    "chg_amt": 0.9899999999999984,
    "chg_pct": 3.41,
    "nav": 29.97,
    "premium_pct": 0.1,
    "aum_billion": 5081.52,
    "is_benchmark": true
  }
}