{
  "00981A": {
    "name": "統一台股增長",
    "close": 28.5,
    "open": 28.64,
    "high": 28.88,
    "low": 28.35,
    "volume": 183415372.0,
    "chg_amt": 0.7800000000000011,
    "chg_pct": 2.81,
    "nav": 27.61,
    "premium_pct": 3.22,
    "aum_billion": 2684.84,
    "is_benchmark": false
  },
  "00982A": {
    "name": "群益台灣強棒",
    "close": 22.84,
    "open": 22.8,
    "high": 23.08,
    "low": 22.68,
    "volume": 26069343.0,
    "chg_amt": 0.7699999999999996,
    "chg_pct": 3.49,
    "nav": 22.09,
    "premium_pct": 3.4,
    "aum_billion": 488.1,
    "is_benchmark": false
  },
  "00991A": {
    "name": "復華未來50",
    "close": 17.34,
    "open": 17.34,
    "high": 17.51,
    "low": 17.2,
    "volume": 113253902.0,
    "chg_amt": 0.629999999999999,
    "chg_pct": 3.77,
    "nav": 16.68,
    "premium_pct": 3.96,
    "aum_billion": 747.67,
    "is_benchmark": false
  },
  "00992A": {
    "name": "群益科技創新",
    "close": 16.22,
    "open": 16.29,
    "high": 16.4,
    "low": 16.06,
    "volume": 32925767.0,
    "chg_amt": 0.4999999999999982,
    "chg_pct": 3.18,
    "nav": 15.7,
    "premium_pct": 3.31,
    "aum_billion": 380.9,
    "is_benchmark": false
  },
  "00993A": {
    "name": "安聯台灣",
    "close": 12.82,
    "open": 12.76,
    "high": 12.92,
    "low": 12.74,
    "volume": 7855781.0,
    "chg_amt": 0.46000000000000085,
    "chg_pct": 3.72,
    "nav": 12.41,
    "premium_pct": 3.3,
    "aum_billion": 97.38,
    "is_benchmark": false
  },
  "00980A": {
    "name": "野村臺灣優選",
    "close": 23.0,
    "open": 22.96,
    "high": 23.18,
    "low": 22.83,
    "volume": 6495942.0,
    "chg_amt": 0.7399999999999984,
    "chg_pct": 3.32,
    "nav": 22.32,
    "premium_pct": 3.05,
    "aum_billion": 158.19,
    "is_benchmark": false
  },
  "00985A": {
    "name": "野村台灣50",
    "close": 21.31,
    "open": 21.29,
    "high": 21.51,
    "low": 21.23,
    "volume": 2653600.0,
    "chg_amt": 0.5700000000000003,
    "chg_pct": 2.75,
    "nav": 20.85,
    "premium_pct": 2.21,
    "aum_billion": 97.95,
    "is_benchmark": false
  },
  "00995A": {
    "name": "中信台灣卓越",
    "close": 16.58,
    "open": 16.63,
    "high": 16.75,
    "low": 16.52,
    "volume": 3947792.0,
    "chg_amt": 0.5,
    "chg_pct": 3.11,
    "nav": 16.07,
    "premium_pct": 3.17,
    "aum_billion": 48.22,
    "is_benchmark": false
  },
  "00984A": {
    "name": "安聯台灣高息",
    "close": 15.22,
    "open": 15.19,
    "high": 15.38,
    "low": 15.17,
    "volume": 5466313.0,
    "chg_amt": 0.3600000000000012,
    "chg_pct": 2.42,
    "nav": 14.89,
    "premium_pct": 2.22,
    "aum_billion": 95.31,
    "is_benchmark": false
  },
  "00987A": {
    "name": "台新優勢成長",
    "close": 14.79,
    "open": 14.7,
    "high": 14.96,
    "low": 14.66,
    "volume": 2500333.0,
    "chg_amt": 0.3199999999999985,
    "chg_pct": 2.21,
    "nav": 14.37,
    "premium_pct": 2.92,
    "aum_billion": 25.09,
    "is_benchmark": false
  },
  "00994A": {
    "name": "第一金台股優",
    "close": 16.26,
    "open": 16.1,
    "high": 16.41,
    "low": 16.1,
    "volume": 8650041.0,
    "chg_amt": 0.5400000000000009,
    "chg_pct": 3.44,
    "nav": 15.73,
    "premium_pct": 3.37,
    "aum_billion": 48.0,
    "is_benchmark": false
  },
  "00996A": {
    "name": "兆豐台灣豐收",
    "close": 14.07,
    "open": 13.95,
    "high": 14.15,
    "low": 13.84,
    "volume": 7619632.0,
    "chg_amt": 0.5999999999999996,
    "chg_pct": 4.45,
    "nav": 13.49,
    "premium_pct": 4.3,
    "aum_billion": 43.36,
    "is_benchmark": false
  },
  "00400A": {
    "name": "國泰動能高息",
    "close": 13.88,
    "open": 13.87,
    "high": 14.01,
    "low": 13.76,
    "volume": 39821926.0,
    "chg_amt": 0.45000000000000107,
    "chg_pct": 3.35,
    "nav": 13.41,
    "premium_pct": 3.5,
    "aum_billion": 259.91,
    "is_benchmark": false
  },
  "00401A": {
    "name": "摩根台灣鑫收",
    "close": 13.2,
    "open": 13.16,
    "high": 13.31,
    "low": 13.14,
    "volume": 4074003.0,
    "chg_amt": 0.33999999999999986,
    "chg_pct": 2.64,
    "nav": 12.9,
    "premium_pct": 2.33,
    "aum_billion": 31.33,
    "is_benchmark": false
  },
  "00999A": {
    "name": "主動野村臺灣高息",
    "close": 10.55,
    "open": 10.55,
    "high": 10.62,
    "low": 10.46,
    "volume": 12527434.0,
    "chg_amt": 0.23000000000000043,
    "chg_pct": 2.23,
    "nav": 10.35,
    "premium_pct": 1.93,
    "aum_billion": 124.85,
    "is_benchmark": false
  },
  "00988A": {
    "name": "主動統一全球創新",
    "close": 17.63,
    "open": 17.98,
    "high": 18.03,
    "low": 17.59,
    "volume": 60758516.0,
    "chg_amt": 0.4299999999999997,
    "chg_pct": 2.5,
    "nav": 17.54,
    "premium_pct": 0.51,
    "aum_billion": 546.35,
    "is_benchmark": false
  },
  "00403A": {
    "name": "主動統一升級50",
    "close": 9.99,
    "open": 9.95,
    "high": 10.07,
    "low": 9.91,
    "volume": 349917296.0,
    "chg_amt": 0.2400000000000002,
    "chg_pct": 2.46,
    "nav": 9.74,
    "premium_pct": 2.57,
    "aum_billion": 1642.75,
    "is_benchmark": false
  },
  "00405A": {
    "name": "主動富邦台灣龍耀",
    "close": 8.3,
    "open": 8.24,
    "high": 8.35,
    "low": 8.18,
    "volume": 83673989.0,
    "chg_amt": 0.3000000000000007,
    "chg_pct": 3.75,
    "nav": 8.0,
    "premium_pct": 3.75,
    "aum_billion": 265.43,
    "is_benchmark": false
  },
  "0050": {
    "name": "元大台灣50",
    "close": 103.85,
    "open": 104.5,
    "high": 104.8,
    "low": 103.3,
    "volume": 107935092.0,
    "chg_amt": 1.3499999999999943,
    "chg_pct": 1.32,
    "nav": 102.77,
    "premium_pct": 1.05,
    "aum_billion": 22199.11,
    "is_benchmark": true
  },
  "00631L": {
    "name": "元大台灣50正2",
    "close": 34.8,
    "open": 35.56,
    "high": 35.8,
    "low": 34.64,
    "volume": 245350743.0,
    "chg_amt": 0.45999999999999375,
    "chg_pct": 1.34,
    "nav": 34.49,
    "premium_pct": 0.9,
    "aum_billion": 2557.81,
    "is_benchmark": true
  },
  "009816": {
    "name": "凱基台灣TOP50",
    "close": 15.04,
    "open": 15.09,
    "high": 15.19,
    "low": 14.95,
    "volume": 151109400.0,
    "chg_amt": 0.27999999999999936,
    "chg_pct": 1.9,
    "nav": 14.81,
    "premium_pct": 1.55,
    "aum_billion": 1690.45,
    "is_benchmark": true
  },
  "00830": {
    "name": "國泰費城半導體",
    "close": 87.55,
    "open": 88.55,
    "high": 88.8,
    "low": 87.4,
    "volume": 5729659.0,
    "chg_amt": 1.4500000000000028,
    "chg_pct": 1.68,
    "nav": 88.83,
    "premium_pct": -1.44,
    "aum_billion": 664.49,
    "is_benchmark": true
  },
  "00878": {
    "name": "國泰永續高股息",
    "close": 32.72,
    "open": 32.57,
    "high": 32.98,
    "low": 32.57,
    "volume": 25512387.0,
    "chg_amt": 0.6700000000000017,
    "chg_pct": 2.09,
    "nav": 32.19,
    "premium_pct": 1.65,
    "aum_billion": 5904.47,
    "is_benchmark": true
  },
  "00919": {
    "name": "群益台灣精選高息",
    "close": 29.46,
    "open": 29.4,
    "high": 29.75,
    "low": 29.4,
    "volume": 52209559.0,
    "chg_amt": 0.46000000000000085,
    "chg_pct": 1.59,
    "nav": 29.14,
    "premium_pct": 1.1,
    "aum_billion": 5291.76,
    "is_benchmark": true
  }
}