{
  "00981A": {
    "name": "統一台股增長",
    "close": 28.42,
    "open": 29.85,
    "high": 29.85,
    "low": 28.33,
    "volume": 462469869.0,
    "chg_amt": -1.0199999999999996,
    "chg_pct": -3.46,
    "nav": 28.33,
    "premium_pct": 0.32,
    "aum_billion": 2683.32,
    "is_benchmark": false
  },
  "00982A": {
    "name": "群益台灣強棒",
    "close": 22.55,
    "open": 23.45,
    "high": 23.45,
    "low": 22.5,
    "volume": 134337648.0,
    "chg_amt": -0.5999999999999979,
    "chg_pct": -2.59,
    "nav": 23.1,
    "premium_pct": -2.38,
    "aum_billion": 493.99,
    "is_benchmark": false
  },
  "00991A": {
    "name": "復華未來50",
    "close": 17.65,
    "open": 18.9,
    "high": 18.9,
    "low": 17.65,
    "volume": 242099228.0,
    "chg_amt": -0.9000000000000021,
    "chg_pct": -4.85,
    "nav": 18.48,
    "premium_pct": -4.49,
    "aum_billion": 454.42,
    "is_benchmark": false
  },
  "00992A": {
    "name": "群益科技創新",
    "close": 17.42,
    "open": 18.42,
    "high": 18.43,
    "low": 17.38,
    "volume": 155930845.0,
    "chg_amt": -0.8199999999999967,
    "chg_pct": -4.5,
    "nav": 18.29,
    "premium_pct": -4.76,
    "aum_billion": 523.03,
    "is_benchmark": false
  },
  "00993A": {
    "name": "安聯台灣",
    "close": 12.66,
    "open": 13.37,
    "high": 13.37,
    "low": 12.66,
    "volume": 23759898.0,
    "chg_amt": -0.5600000000000005,
    "chg_pct": -4.24,
    "nav": 13.28,
    "premium_pct": -4.67,
    "aum_billion": 118.3,
    "is_benchmark": false
  },
  "00980A": {
    "name": "野村臺灣優選",
    "close": 23.07,
    "open": 24.21,
    "high": 24.21,
    "low": 23.03,
    "volume": 36453240.0,
    "chg_amt": -0.9499999999999993,
    "chg_pct": -3.96,
    "nav": 23.94,
    "premium_pct": -3.63,
    "aum_billion": 173.04,
    "is_benchmark": false
  },
  "00985A": {
    "name": "野村台灣50",
    "close": 20.91,
    "open": 21.61,
    "high": 21.66,
    "low": 20.89,
    "volume": 11109740.0,
    "chg_amt": -0.5,
    "chg_pct": -2.34,
    "nav": 21.46,
    "premium_pct": -2.56,
    "aum_billion": 111.53,
    "is_benchmark": false
  },
  "00995A": {
    "name": "中信台灣卓越",
    "close": 16.33,
    "open": 17.32,
    "high": 17.32,
    "low": 16.26,
    "volume": 13384197.0,
    "chg_amt": -0.7300000000000004,
    "chg_pct": -4.28,
    "nav": 17.12,
    "premium_pct": -4.61,
    "aum_billion": 55.98,
    "is_benchmark": false
  },
  "00984A": {
    "name": "安聯台灣高息",
    "close": 14.72,
    "open": 15.12,
    "high": 15.15,
    "low": 14.7,
    "volume": 12359511.0,
    "chg_amt": -0.33000000000000007,
    "chg_pct": -2.19,
    "nav": 15.01,
    "premium_pct": -1.93,
    "aum_billion": 68.5,
    "is_benchmark": false
  },
  "00987A": {
    "name": "台新優勢成長",
    "close": 16.5,
    "open": 17.34,
    "high": 17.38,
    "low": 16.47,
    "volume": 11416060.0,
    "chg_amt": -0.7399999999999984,
    "chg_pct": -4.29,
    "nav": 16.54,
    "premium_pct": -0.24,
    "aum_billion": 34.76,
    "is_benchmark": false
  },
  "00994A": {
    "name": "第一金台股優",
    "close": 16.93,
    "open": 17.83,
    "high": 17.86,
    "low": 16.92,
    "volume": 18745855.0,
    "chg_amt": -0.7699999999999996,
    "chg_pct": -4.35,
    "nav": 16.96,
    "premium_pct": -0.18,
    "aum_billion": 56.19,
    "is_benchmark": false
  },
  "00996A": {
    "name": "兆豐台灣豐收",
    "close": 13.65,
    "open": 14.22,
    "high": 14.25,
    "low": 13.56,
    "volume": 13122984.0,
    "chg_amt": -0.5,
    "chg_pct": -3.53,
    "nav": 13.71,
    "premium_pct": -0.44,
    "aum_billion": 47.9,
    "is_benchmark": false
  },
  "00400A": {
    "name": "國泰動能高息",
    "close": 13.2,
    "open": 13.91,
    "high": 13.91,
    "low": 13.14,
    "volume": 102543785.0,
    "chg_amt": -0.5899999999999999,
    "chg_pct": -4.28,
    "nav": 13.82,
    "premium_pct": -4.49,
    "aum_billion": 213.31,
    "is_benchmark": false
  },
  "00401A": {
    "name": "摩根台灣鑫收",
    "close": 12.38,
    "open": 12.84,
    "high": 12.91,
    "low": 12.36,
    "volume": 14775509.0,
    "chg_amt": -0.3999999999999986,
    "chg_pct": -3.13,
    "nav": 12.81,
    "premium_pct": -3.36,
    "aum_billion": 34.25,
    "is_benchmark": false
  },
  "00999A": {
    "name": "主動野村臺灣高息",
    "close": 10.26,
    "open": 10.62,
    "high": 10.63,
    "low": 10.24,
    "volume": 97927593.0,
    "chg_amt": -0.2900000000000009,
    "chg_pct": -2.75,
    "nav": 10.26,
    "premium_pct": 0,
    "aum_billion": 170.3,
    "is_benchmark": false
  },
  "00988A": {
    "name": "主動統一全球創新",
    "close": 19.52,
    "open": 20.17,
    "high": 20.21,
    "low": 19.48,
    "volume": 119264495.0,
    "chg_amt": -0.5100000000000016,
    "chg_pct": -2.55,
    "nav": 19.72,
    "premium_pct": -1.01,
    "aum_billion": 352.58,
    "is_benchmark": false
  },
  "00403A": {
    "name": "主動統一升級50",
    "close": 10.0,
    "open": 10.38,
    "high": 10.38,
    "low": 10.0,
    "volume": 1856314715.0,
    "chg_amt": -0.2400000000000002,
    "chg_pct": -2.34,
    "nav": 9.93,
    "premium_pct": 0.7,
    "aum_billion": 1511.6,
    "is_benchmark": false
  },
  "0050": {
    "name": "元大台灣50",
    "close": 95.4,
    "open": 97.65,
    "high": 98.25,
    "low": 95.2,
    "volume": 98132989.0,
    "chg_amt": -0.6499999999999915,
    "chg_pct": -0.68,
    "nav": 95.59,
    "premium_pct": -0.2,
    "aum_billion": 18030.47,
    "is_benchmark": true
  },
  "009816": {
    "name": "凱基台灣TOP50",
    "close": 13.74,
    "open": 14.1,
    "high": 14.18,
    "low": 13.69,
    "volume": 217397039.0,
    "chg_amt": -0.16000000000000014,
    "chg_pct": -1.15,
    "nav": 13.72,
    "premium_pct": 0.15,
    "aum_billion": 1188.69,
    "is_benchmark": true
  },
  "00830": {
    "name": "國泰費城半導體",
    "close": 82.9,
    "open": 84.8,
    "high": 84.8,
    "low": 82.85,
    "volume": 10353313.0,
    "chg_amt": -1.3999999999999915,
    "chg_pct": -1.66,
    "nav": 84.43,
    "premium_pct": -1.81,
    "aum_billion": 554.04,
    "is_benchmark": true
  },
  "00878": {
    "name": "國泰永續高股息",
    "close": 27.9,
    "open": 28.39,
    "high": 28.56,
    "low": 27.76,
    "volume": 129400858.0,
    "chg_amt": -0.22000000000000242,
    "chg_pct": -0.78,
    "nav": 28.2,
    "premium_pct": -1.06,
    "aum_billion": 5348.51,
    "is_benchmark": true
  },
  "00919": {
    "name": "群益台灣精選高息",
    "close": 25.76,
    "open": 26.15,
    "high": 26.37,
    "low": 25.66,
    "volume": 146122962.0,
    "chg_amt": -0.129999999999999,
    "chg_pct": -0.5,
    "nav": 25.99,
    "premium_pct": -0.88,
    "aum_billion": 4640.28,
    "is_benchmark": true
  }
}