{
  "00981A": {
    "name": "統一台股增長",
    "close": 29.94,
    "open": 29.92,
    "high": 30.41,
    "low": 29.61,
    "volume": 165707443.0,
    "chg_amt": 0.030000000000001137,
    "chg_pct": 0.1,
    "nav": 29.91,
    "premium_pct": 0.1,
    "aum_billion": 2776.44,
    "is_benchmark": false
  },
  "00982A": {
    "name": "群益台灣強棒",
    "close": 23.65,
    "open": 23.6,
    "high": 23.99,
    "low": 23.45,
    "volume": 24161249.0,
    "chg_amt": 0.05999999999999872,
    "chg_pct": 0.25,
    "nav": 23.66,
    "premium_pct": -0.04,
    "aum_billion": 510.35,
    "is_benchmark": false
  },
  "00991A": {
    "name": "復華未來50",
    "close": 19.65,
    "open": 19.61,
    "high": 19.97,
    "low": 19.43,
    "volume": 84642961.0,
    "chg_amt": -0.10000000000000142,
    "chg_pct": -0.51,
    "nav": 19.63,
    "premium_pct": 0.1,
    "aum_billion": 658.75,
    "is_benchmark": false
  },
  "00992A": {
    "name": "群益科技創新",
    "close": 17.8,
    "open": 17.86,
    "high": 18.12,
    "low": 17.63,
    "volume": 34993243.0,
    "chg_amt": -0.05999999999999872,
    "chg_pct": -0.34,
    "nav": 17.81,
    "premium_pct": -0.06,
    "aum_billion": 423.43,
    "is_benchmark": false
  },
  "00993A": {
    "name": "安聯台灣",
    "close": 13.51,
    "open": 13.47,
    "high": 13.73,
    "low": 13.39,
    "volume": 7065818.0,
    "chg_amt": 0.03999999999999915,
    "chg_pct": 0.3,
    "nav": 13.51,
    "premium_pct": 0,
    "aum_billion": 107.62,
    "is_benchmark": false
  },
  "00980A": {
    "name": "野村臺灣優選",
    "close": 23.65,
    "open": 23.6,
    "high": 24.0,
    "low": 23.49,
    "volume": 11417164.0,
    "chg_amt": 0.04999999999999716,
    "chg_pct": 0.21,
    "nav": 23.68,
    "premium_pct": -0.13,
    "aum_billion": 167.58,
    "is_benchmark": false
  },
  "00985A": {
    "name": "野村台灣50",
    "close": 21.33,
    "open": 21.24,
    "high": 21.6,
    "low": 21.21,
    "volume": 7192383.0,
    "chg_amt": 0.08999999999999986,
    "chg_pct": 0.42,
    "nav": 21.44,
    "premium_pct": -0.51,
    "aum_billion": 102.19,
    "is_benchmark": false
  },
  "00995A": {
    "name": "中信台灣卓越",
    "close": 17.32,
    "open": 17.21,
    "high": 17.58,
    "low": 17.08,
    "volume": 3832180.0,
    "chg_amt": 0.10999999999999943,
    "chg_pct": 0.64,
    "nav": 17.3,
    "premium_pct": 0.12,
    "aum_billion": 52.64,
    "is_benchmark": false
  },
  "00984A": {
    "name": "安聯台灣高息",
    "close": 16.1,
    "open": 16.17,
    "high": 16.38,
    "low": 16.04,
    "volume": 6115185.0,
    "chg_amt": -0.03999999999999915,
    "chg_pct": -0.25,
    "nav": 16.09,
    "premium_pct": 0.06,
    "aum_billion": 77.73,
    "is_benchmark": false
  },
  "00987A": {
    "name": "台新優勢成長",
    "close": 16.4,
    "open": 16.43,
    "high": 16.72,
    "low": 16.24,
    "volume": 3006614.0,
    "chg_amt": -0.020000000000003126,
    "chg_pct": -0.12,
    "nav": 16.42,
    "premium_pct": -0.12,
    "aum_billion": 28.51,
    "is_benchmark": false
  },
  "00994A": {
    "name": "第一金台股優",
    "close": 17.17,
    "open": 17.16,
    "high": 17.44,
    "low": 17.01,
    "volume": 5331025.0,
    "chg_amt": -0.029999999999997584,
    "chg_pct": -0.17,
    "nav": 17.18,
    "premium_pct": -0.06,
    "aum_billion": 52.78,
    "is_benchmark": false
  },
  "00996A": {
    "name": "兆豐台灣豐收",
    "close": 15.33,
    "open": 15.22,
    "high": 15.53,
    "low": 15.12,
    "volume": 6096771.0,
    "chg_amt": 0.11999999999999922,
    "chg_pct": 0.79,
    "nav": 15.31,
    "premium_pct": 0.13,
    "aum_billion": 49.14,
    "is_benchmark": false
  },
  "00400A": {
    "name": "國泰動能高息",
    "close": 14.22,
    "open": 14.26,
    "high": 14.5,
    "low": 14.11,
    "volume": 62008063.0,
    "chg_amt": 0.009999999999999787,
    "chg_pct": 0.07,
    "nav": 14.22,
    "premium_pct": 0,
    "aum_billion": 233.18,
    "is_benchmark": false
  },
  "00401A": {
    "name": "摩根台灣鑫收",
    "close": 13.23,
    "open": 13.23,
    "high": 13.45,
    "low": 13.18,
    "volume": 4981217.0,
    "chg_amt": 0.019999999999999574,
    "chg_pct": 0.15,
    "nav": 13.23,
    "premium_pct": 0,
    "aum_billion": 32.14,
    "is_benchmark": false
  },
  "00999A": {
    "name": "主動野村臺灣高息",
    "close": 10.64,
    "open": 10.62,
    "high": 10.77,
    "low": 10.59,
    "volume": 14346119.0,
    "chg_amt": 0.02000000000000135,
    "chg_pct": 0.19,
    "nav": 10.67,
    "premium_pct": -0.28,
    "aum_billion": 137.84,
    "is_benchmark": false
  },
  "00988A": {
    "name": "主動統一全球創新",
    "close": 21.45,
    "open": 21.85,
    "high": 21.93,
    "low": 21.3,
    "volume": 100802017.0,
    "chg_amt": -0.4700000000000024,
    "chg_pct": -2.14,
    "nav": 21.42,
    "premium_pct": 0.14,
    "aum_billion": 638.27,
    "is_benchmark": false
  },
  "00403A": {
    "name": "主動統一升級50",
    "close": 10.62,
    "open": 10.58,
    "high": 10.75,
    "low": 10.5,
    "volume": 190532321.0,
    "chg_amt": 0.05999999999999872,
    "chg_pct": 0.57,
    "nav": 10.59,
    "premium_pct": 0.28,
    "aum_billion": 1659.19,
    "is_benchmark": false
  },
  "00405A": {
    "name": "主動富邦台灣龍耀",
    "close": 8.9,
    "open": 9.03,
    "high": 9.11,
    "low": 8.86,
    "volume": 123677429.0,
    "chg_amt": -0.09999999999999964,
    "chg_pct": -1.11,
    "nav": 8.9,
    "premium_pct": 0,
    "aum_billion": 232.91,
    "is_benchmark": false
  },
  "0050": {
    "name": "元大台灣50",
    "close": 104.45,
    "open": 103.35,
    "high": 105.35,
    "low": 103.3,
    "volume": 106661221.0,
    "chg_amt": 1.3500000000000085,
    "chg_pct": 1.31,
    "nav": 104.03,
    "premium_pct": 0.4,
    "aum_billion": 21198.2,
    "is_benchmark": true
  },
  "00631L": {
    "name": "元大台灣50正2",
    "close": 36.28,
    "open": 35.62,
    "high": 36.72,
    "low": 35.44,
    "volume": 240459253.0,
    "chg_amt": 1.0200000000000031,
    "chg_pct": 2.89,
    "nav": 36.54,
    "premium_pct": -0.71,
    "aum_billion": 2252.01,
    "is_benchmark": true
  },
  "009816": {
    "name": "凱基台灣TOP50",
    "close": 15.05,
    "open": 15.04,
    "high": 15.26,
    "low": 14.99,
    "volume": 151378360.0,
    "chg_amt": 0.05000000000000071,
    "chg_pct": 0.33,
    "nav": 15.05,
    "premium_pct": 0,
    "aum_billion": 1530.99,
    "is_benchmark": true
  },
  "00830": {
    "name": "國泰費城半導體",
    "close": 94.6,
    "open": 93.8,
    "high": 94.6,
    "low": 93.45,
    "volume": 12387589.0,
    "chg_amt": -1.1000000000000085,
    "chg_pct": -1.15,
    "nav": 93.46,
    "premium_pct": 1.22,
    "aum_billion": 700.14,
    "is_benchmark": true
  },
  "00878": {
    "name": "國泰永續高股息",
    "close": 32.9,
    "open": 32.95,
    "high": 33.2,
    "low": 32.72,
    "volume": 38299924.0,
    "chg_amt": 0.18999999999999773,
    "chg_pct": 0.58,
    "nav": 32.94,
    "premium_pct": -0.12,
    "aum_billion": 6013.63,
    "is_benchmark": true
  },
  "00919": {
    "name": "群益台灣精選高息",
    "close": 29.46,
    "open": 29.74,
    "high": 29.97,
    "low": 29.37,
    "volume": 103774668.0,
    "chg_amt": -0.09999999999999787,
    "chg_pct": -0.34,
    "nav": 29.43,
    "premium_pct": 0.1,
    "aum_billion": 5325.34,
    "is_benchmark": true
  }
}