{
  "00981A": {
    "name": "統一台股增長",
    "close": 29.28,
    "open": 29.27,
    "high": 29.55,
    "low": 29.01,
    "volume": 430718586.0,
    "chg_amt": -0.6899999999999977,
    "chg_pct": -2.3,
    "nav": 29.31,
    "premium_pct": -0.1,
    "aum_billion": 2729.36,
    "is_benchmark": false
  },
  "00982A": {
    "name": "群益台灣強棒",
    "close": 23.13,
    "open": 22.97,
    "high": 23.26,
    "low": 22.88,
    "volume": 76538141.0,
    "chg_amt": -0.14000000000000057,
    "chg_pct": -0.6,
    "nav": 22.98,
    "premium_pct": 0.65,
    "aum_billion": 483.29,
    "is_benchmark": false
  },
  "00991A": {
    "name": "復華未來50",
    "close": 18.12,
    "open": 18.08,
    "high": 18.2,
    "low": 17.94,
    "volume": 93116596.0,
    "chg_amt": -0.3000000000000007,
    "chg_pct": -1.63,
    "nav": 18.07,
    "premium_pct": 0.28,
    "aum_billion": 441.44,
    "is_benchmark": false
  },
  "00992A": {
    "name": "群益科技創新",
    "close": 18.25,
    "open": 18.26,
    "high": 18.4,
    "low": 18.0,
    "volume": 126018426.0,
    "chg_amt": -0.4200000000000017,
    "chg_pct": -2.25,
    "nav": 18.18,
    "premium_pct": 0.39,
    "aum_billion": 532.23,
    "is_benchmark": false
  },
  "00993A": {
    "name": "安聯台灣",
    "close": 13.01,
    "open": 13.09,
    "high": 13.16,
    "low": 12.93,
    "volume": 16693862.0,
    "chg_amt": -0.2699999999999996,
    "chg_pct": -2.03,
    "nav": 13.1,
    "premium_pct": -0.69,
    "aum_billion": 119.98,
    "is_benchmark": false
  },
  "00980A": {
    "name": "野村臺灣優選",
    "close": 23.89,
    "open": 23.78,
    "high": 23.95,
    "low": 23.67,
    "volume": 22902459.0,
    "chg_amt": -0.23999999999999844,
    "chg_pct": -0.99,
    "nav": 23.81,
    "premium_pct": 0.34,
    "aum_billion": 172.45,
    "is_benchmark": false
  },
  "00985A": {
    "name": "野村台灣50",
    "close": 21.41,
    "open": 21.39,
    "high": 21.47,
    "low": 21.18,
    "volume": 10139490.0,
    "chg_amt": -0.3000000000000007,
    "chg_pct": -1.38,
    "nav": 21.29,
    "premium_pct": 0.56,
    "aum_billion": 112.56,
    "is_benchmark": false
  },
  "00995A": {
    "name": "中信台灣卓越",
    "close": 17.03,
    "open": 17.0,
    "high": 17.11,
    "low": 16.79,
    "volume": 11179749.0,
    "chg_amt": -0.29999999999999716,
    "chg_pct": -1.73,
    "nav": 17.0,
    "premium_pct": 0.18,
    "aum_billion": 56.56,
    "is_benchmark": false
  },
  "00984A": {
    "name": "安聯台灣高息",
    "close": 15.0,
    "open": 14.93,
    "high": 15.03,
    "low": 14.81,
    "volume": 15477189.0,
    "chg_amt": -0.02999999999999936,
    "chg_pct": -0.2,
    "nav": 14.94,
    "premium_pct": 0.4,
    "aum_billion": 68.47,
    "is_benchmark": false
  },
  "00987A": {
    "name": "台新優勢成長",
    "close": 17.41,
    "open": 17.33,
    "high": 17.5,
    "low": 17.11,
    "volume": 8106220.0,
    "chg_amt": -0.28999999999999915,
    "chg_pct": -1.64,
    "nav": 17.38,
    "premium_pct": 0.17,
    "aum_billion": 35.77,
    "is_benchmark": false
  },
  "00994A": {
    "name": "第一金台股優",
    "close": 17.71,
    "open": 17.6,
    "high": 17.78,
    "low": 17.46,
    "volume": 18709252.0,
    "chg_amt": -0.3000000000000007,
    "chg_pct": -1.67,
    "nav": 0,
    "premium_pct": -1.67,
    "aum_billion": 58.23,
    "is_benchmark": false
  },
  "00996A": {
    "name": "兆豐台灣豐收",
    "close": 14.06,
    "open": 13.97,
    "high": 14.12,
    "low": 13.9,
    "volume": 14371373.0,
    "chg_amt": -0.16999999999999993,
    "chg_pct": -1.19,
    "nav": 14.12,
    "premium_pct": -0.42,
    "aum_billion": 48.09,
    "is_benchmark": false
  },
  "00400A": {
    "name": "國泰動能高息",
    "close": 13.95,
    "open": 13.9,
    "high": 14.0,
    "low": 13.78,
    "volume": 66013476.0,
    "chg_amt": -0.19000000000000128,
    "chg_pct": -1.34,
    "nav": 13.9,
    "premium_pct": 0.36,
    "aum_billion": 217.7,
    "is_benchmark": false
  },
  "00401A": {
    "name": "摩根台灣鑫收",
    "close": 12.81,
    "open": 12.77,
    "high": 12.83,
    "low": 12.67,
    "volume": 12467980.0,
    "chg_amt": -0.07000000000000028,
    "chg_pct": -0.54,
    "nav": 12.8,
    "premium_pct": 0.08,
    "aum_billion": 35.28,
    "is_benchmark": false
  },
  "00999A": {
    "name": "主動野村臺灣高息",
    "close": 10.58,
    "open": 10.56,
    "high": 10.59,
    "low": 10.48,
    "volume": 100669371.0,
    "chg_amt": -0.11999999999999922,
    "chg_pct": -1.12,
    "nav": 10.54,
    "premium_pct": 0.38,
    "aum_billion": 170.98,
    "is_benchmark": false
  },
  "00988A": {
    "name": "主動統一全球創新",
    "close": 19.92,
    "open": 19.47,
    "high": 20.05,
    "low": 19.42,
    "volume": 106457059.0,
    "chg_amt": -0.00999999999999801,
    "chg_pct": -0.05,
    "nav": 19.18,
    "premium_pct": 3.86,
    "aum_billion": 332.87,
    "is_benchmark": false
  },
  "00403A": {
    "name": "主動統一升級50",
    "close": 10.18,
    "open": 10.3,
    "high": 10.35,
    "low": 10.12,
    "volume": 3902221403.0,
    "chg_amt": -0.620000000000001,
    "chg_pct": -5.74,
    "nav": 10.11,
    "premium_pct": 0.69,
    "aum_billion": 1176.84,
    "is_benchmark": false
  },
  "0050": {
    "name": "元大台灣50",
    "close": 95.5,
    "open": 94.85,
    "high": 95.8,
    "low": 94.7,
    "volume": 130654061.0,
    "chg_amt": -1.3499999999999943,
    "chg_pct": -1.39,
    "nav": 95.33,
    "premium_pct": 0.18,
    "aum_billion": 17967.3,
    "is_benchmark": true
  },
  "009816": {
    "name": "凱基台灣TOP50",
    "close": 13.9,
    "open": 13.83,
    "high": 13.95,
    "low": 13.77,
    "volume": 263924136.0,
    "chg_amt": -0.16000000000000014,
    "chg_pct": -1.14,
    "nav": 13.84,
    "premium_pct": 0.43,
    "aum_billion": 1197.27,
    "is_benchmark": true
  },
  "00830": {
    "name": "國泰費城半導體",
    "close": 83.45,
    "open": 82.0,
    "high": 83.45,
    "low": 81.7,
    "volume": 17697659.0,
    "chg_amt": 0.04999999999999716,
    "chg_pct": 0.06,
    "nav": 81.99,
    "premium_pct": 1.78,
    "aum_billion": 553.92,
    "is_benchmark": true
  },
  "00878": {
    "name": "國泰永續高股息",
    "close": 27.95,
    "open": 27.81,
    "high": 28.04,
    "low": 27.68,
    "volume": 104258390.0,
    "chg_amt": -0.17999999999999972,
    "chg_pct": -0.64,
    "nav": 28.0,
    "premium_pct": -0.18,
    "aum_billion": 5353.19,
    "is_benchmark": true
  },
  "00919": {
    "name": "群益台灣精選高息",
    "close": 25.55,
    "open": 25.42,
    "high": 25.58,
    "low": 25.3,
    "volume": 145979374.0,
    "chg_amt": -0.17999999999999972,
    "chg_pct": -0.7,
    "nav": 25.64,
    "premium_pct": -0.35,
    "aum_billion": 4658.91,
    "is_benchmark": true
  }
}