{
  "00981A": {
    "name": "統一台股增長",
    "close": 29.97,
    "open": 30.1,
    "high": 30.43,
    "low": 29.83,
    "volume": 378419765.0,
    "chg_amt": 0.2799999999999976,
    "chg_pct": 0.94,
    "nav": 29.9,
    "premium_pct": 0.23,
    "aum_billion": 2750.83,
    "is_benchmark": false
  },
  "00982A": {
    "name": "群益台灣強棒",
    "close": 23.27,
    "open": 23.39,
    "high": 23.48,
    "low": 23.04,
    "volume": 73866151.0,
    "chg_amt": 0.23000000000000043,
    "chg_pct": 1.0,
    "nav": 23.17,
    "premium_pct": 0.43,
    "aum_billion": 479.82,
    "is_benchmark": false
  },
  "00991A": {
    "name": "復華未來50",
    "close": 18.42,
    "open": 18.5,
    "high": 18.64,
    "low": 18.28,
    "volume": 84442729.0,
    "chg_amt": 0.21000000000000085,
    "chg_pct": 1.15,
    "nav": 18.29,
    "premium_pct": 0.71,
    "aum_billion": 435.04,
    "is_benchmark": false
  },
  "00992A": {
    "name": "群益科技創新",
    "close": 18.67,
    "open": 19.02,
    "high": 19.07,
    "low": 18.59,
    "volume": 125375028.0,
    "chg_amt": 0.1700000000000017,
    "chg_pct": 0.92,
    "nav": 18.62,
    "premium_pct": 0.27,
    "aum_billion": 529.3,
    "is_benchmark": false
  },
  "00993A": {
    "name": "安聯台灣",
    "close": 13.28,
    "open": 13.47,
    "high": 13.55,
    "low": 13.27,
    "volume": 18995912.0,
    "chg_amt": -0.030000000000001137,
    "chg_pct": -0.23,
    "nav": 13.28,
    "premium_pct": 0,
    "aum_billion": 122.94,
    "is_benchmark": false
  },
  "00980A": {
    "name": "野村臺灣優選",
    "close": 24.13,
    "open": 24.22,
    "high": 24.32,
    "low": 23.95,
    "volume": 16995879.0,
    "chg_amt": 0.18999999999999773,
    "chg_pct": 0.79,
    "nav": 24.06,
    "premium_pct": 0.29,
    "aum_billion": 171.94,
    "is_benchmark": false
  },
  "00985A": {
    "name": "野村台灣50",
    "close": 21.71,
    "open": 21.79,
    "high": 21.87,
    "low": 21.51,
    "volume": 11386437.0,
    "chg_amt": 0.05000000000000071,
    "chg_pct": 0.23,
    "nav": 21.66,
    "premium_pct": 0.23,
    "aum_billion": 112.97,
    "is_benchmark": false
  },
  "00995A": {
    "name": "中信台灣卓越",
    "close": 17.33,
    "open": 17.41,
    "high": 17.63,
    "low": 17.3,
    "volume": 10890172.0,
    "chg_amt": 0.10999999999999943,
    "chg_pct": 0.64,
    "nav": 17.3,
    "premium_pct": 0.17,
    "aum_billion": 56.34,
    "is_benchmark": false
  },
  "00984A": {
    "name": "安聯台灣高息",
    "close": 15.03,
    "open": 15.09,
    "high": 15.13,
    "low": 14.92,
    "volume": 9776158.0,
    "chg_amt": 0.08999999999999986,
    "chg_pct": 0.6,
    "nav": 15.0,
    "premium_pct": 0.2,
    "aum_billion": 68.21,
    "is_benchmark": false
  },
  "00987A": {
    "name": "台新優勢成長",
    "close": 17.7,
    "open": 17.92,
    "high": 18.1,
    "low": 17.61,
    "volume": 9885738.0,
    "chg_amt": 0.23000000000000043,
    "chg_pct": 1.32,
    "nav": 17.7,
    "premium_pct": 0,
    "aum_billion": 35.56,
    "is_benchmark": false
  },
  "00994A": {
    "name": "第一金台股優",
    "close": 18.01,
    "open": 18.09,
    "high": 18.22,
    "low": 17.89,
    "volume": 13816796.0,
    "chg_amt": 0.15000000000000213,
    "chg_pct": 0.84,
    "nav": 17.96,
    "premium_pct": 0.28,
    "aum_billion": 57.88,
    "is_benchmark": false
  },
  "00996A": {
    "name": "兆豐台灣豐收",
    "close": 14.23,
    "open": 14.41,
    "high": 14.44,
    "low": 14.13,
    "volume": 13922063.0,
    "chg_amt": 0.0600000000000005,
    "chg_pct": 0.42,
    "nav": 14.25,
    "premium_pct": -0.14,
    "aum_billion": 47.91,
    "is_benchmark": false
  },
  "00400A": {
    "name": "國泰動能高息",
    "close": 14.14,
    "open": 14.29,
    "high": 14.34,
    "low": 14.12,
    "volume": 65952293.0,
    "chg_amt": 0.0,
    "chg_pct": 0.0,
    "nav": 14.1,
    "premium_pct": 0.28,
    "aum_billion": 217.3,
    "is_benchmark": false
  },
  "00401A": {
    "name": "摩根台灣鑫收",
    "close": 12.88,
    "open": 12.84,
    "high": 12.97,
    "low": 12.82,
    "volume": 13633135.0,
    "chg_amt": 0.07000000000000028,
    "chg_pct": 0.55,
    "nav": 12.91,
    "premium_pct": -0.23,
    "aum_billion": 35.59,
    "is_benchmark": false
  },
  "00999A": {
    "name": "主動野村臺灣高息",
    "close": 10.7,
    "open": 10.83,
    "high": 10.85,
    "low": 10.63,
    "volume": 196443181.0,
    "chg_amt": 0.049999999999998934,
    "chg_pct": 0.47,
    "nav": 10.64,
    "premium_pct": 0.56,
    "aum_billion": 167.81,
    "is_benchmark": false
  },
  "00988A": {
    "name": "主動統一全球創新",
    "close": 19.93,
    "open": 19.75,
    "high": 20.1,
    "low": 19.42,
    "volume": 108107114.0,
    "chg_amt": 0.9100000000000001,
    "chg_pct": 4.78,
    "nav": 19.4,
    "premium_pct": 2.73,
    "aum_billion": 317.52,
    "is_benchmark": false
  },
  "0050": {
    "name": "元大台灣50",
    "close": 96.85,
    "open": 96.85,
    "high": 97.35,
    "low": 95.5,
    "volume": 102303450.0,
    "chg_amt": -0.05000000000001137,
    "chg_pct": -0.05,
    "nav": 96.77,
    "premium_pct": 0.08,
    "aum_billion": 17908.65,
    "is_benchmark": true
  },
  "009816": {
    "name": "凱基台灣TOP50",
    "close": 14.06,
    "open": 14.17,
    "high": 14.21,
    "low": 13.99,
    "volume": 240586009.0,
    "chg_amt": -0.08999999999999986,
    "chg_pct": -0.64,
    "nav": 14.02,
    "premium_pct": 0.29,
    "aum_billion": 1200.94,
    "is_benchmark": true
  },
  "00830": {
    "name": "國泰費城半導體",
    "close": 83.4,
    "open": 84.15,
    "high": 84.3,
    "low": 83.0,
    "volume": 10382947.0,
    "chg_amt": 1.1000000000000085,
    "chg_pct": 1.34,
    "nav": 84.12,
    "premium_pct": -0.86,
    "aum_billion": 535.96,
    "is_benchmark": true
  },
  "00878": {
    "name": "國泰永續高股息",
    "close": 28.13,
    "open": 28.3,
    "high": 28.37,
    "low": 27.96,
    "volume": 99945296.0,
    "chg_amt": -0.15000000000000213,
    "chg_pct": -0.53,
    "nav": 28.2,
    "premium_pct": -0.25,
    "aum_billion": 5390.63,
    "is_benchmark": true
  },
  "00919": {
    "name": "群益台灣精選高息",
    "close": 25.73,
    "open": 25.77,
    "high": 25.88,
    "low": 25.33,
    "volume": 201467132.0,
    "chg_amt": -0.019999999999999574,
    "chg_pct": -0.08,
    "nav": 25.81,
    "premium_pct": -0.31,
    "aum_billion": 4697.33,
    "is_benchmark": true
  }
}