{
  "00981A": {
    "name": "統一台股增長",
    "close": 28.24,
    "open": 27.6,
    "high": 28.24,
    "low": 27.4,
    "volume": 305648118.0,
    "chg_amt": -0.18000000000000327,
    "chg_pct": -0.63,
    "nav": 28.18,
    "premium_pct": 0.21,
    "aum_billion": 2572.19,
    "is_benchmark": false
  },
  "00982A": {
    "name": "群益台灣強棒",
    "close": 22.52,
    "open": 22.15,
    "high": 22.55,
    "low": 21.95,
    "volume": 96822802.0,
    "chg_amt": -0.030000000000001137,
    "chg_pct": -0.13,
    "nav": 22.53,
    "premium_pct": -0.04,
    "aum_billion": 501.09,
    "is_benchmark": false
  },
  "00991A": {
    "name": "復華未來50",
    "close": 17.6,
    "open": 17.15,
    "high": 17.64,
    "low": 17.07,
    "volume": 95205118.0,
    "chg_amt": -0.04999999999999716,
    "chg_pct": -0.28,
    "nav": 17.6,
    "premium_pct": 0,
    "aum_billion": 459.3,
    "is_benchmark": false
  },
  "00992A": {
    "name": "群益科技創新",
    "close": 17.29,
    "open": 16.97,
    "high": 17.3,
    "low": 16.74,
    "volume": 81874508.0,
    "chg_amt": -0.13000000000000256,
    "chg_pct": -0.75,
    "nav": 17.35,
    "premium_pct": -0.35,
    "aum_billion": 500.72,
    "is_benchmark": false
  },
  "00993A": {
    "name": "安聯台灣",
    "close": 12.6,
    "open": 12.33,
    "high": 12.6,
    "low": 12.3,
    "volume": 14456704.0,
    "chg_amt": -0.0600000000000005,
    "chg_pct": -0.47,
    "nav": 12.67,
    "premium_pct": -0.55,
    "aum_billion": 113.65,
    "is_benchmark": false
  },
  "00980A": {
    "name": "野村臺灣優選",
    "close": 22.82,
    "open": 22.63,
    "high": 22.84,
    "low": 22.3,
    "volume": 24916724.0,
    "chg_amt": -0.25,
    "chg_pct": -1.08,
    "nav": 22.79,
    "premium_pct": 0.13,
    "aum_billion": 172.47,
    "is_benchmark": false
  },
  "00985A": {
    "name": "野村台灣50",
    "close": 20.7,
    "open": 20.54,
    "high": 20.73,
    "low": 20.38,
    "volume": 8151850.0,
    "chg_amt": -0.21000000000000085,
    "chg_pct": -1.0,
    "nav": 20.76,
    "premium_pct": -0.29,
    "aum_billion": 109.13,
    "is_benchmark": false
  },
  "00995A": {
    "name": "中信台灣卓越",
    "close": 16.24,
    "open": 15.95,
    "high": 16.25,
    "low": 15.75,
    "volume": 8138605.0,
    "chg_amt": -0.08999999999999986,
    "chg_pct": -0.55,
    "nav": 16.29,
    "premium_pct": -0.31,
    "aum_billion": 53.43,
    "is_benchmark": false
  },
  "00984A": {
    "name": "安聯台灣高息",
    "close": 14.63,
    "open": 14.56,
    "high": 14.65,
    "low": 14.41,
    "volume": 12208182.0,
    "chg_amt": -0.08999999999999986,
    "chg_pct": -0.61,
    "nav": 14.61,
    "premium_pct": 0.14,
    "aum_billion": 66.34,
    "is_benchmark": false
  },
  "00987A": {
    "name": "台新優勢成長",
    "close": 16.54,
    "open": 16.03,
    "high": 16.54,
    "low": 15.87,
    "volume": 7344865.0,
    "chg_amt": 0.03999999999999915,
    "chg_pct": 0.24,
    "nav": 16.52,
    "premium_pct": 0.12,
    "aum_billion": 32.85,
    "is_benchmark": false
  },
  "00994A": {
    "name": "第一金台股優",
    "close": 16.7,
    "open": 16.54,
    "high": 16.78,
    "low": 16.34,
    "volume": 10787367.0,
    "chg_amt": -0.23000000000000043,
    "chg_pct": -1.36,
    "nav": 16.79,
    "premium_pct": -0.54,
    "aum_billion": 53.71,
    "is_benchmark": false
  },
  "00996A": {
    "name": "兆豐台灣豐收",
    "close": 13.65,
    "open": 13.38,
    "high": 13.67,
    "low": 13.11,
    "volume": 11443096.0,
    "chg_amt": 0.0,
    "chg_pct": 0.0,
    "nav": 13.69,
    "premium_pct": -0.29,
    "aum_billion": 46.1,
    "is_benchmark": false
  },
  "00400A": {
    "name": "國泰動能高息",
    "close": 13.05,
    "open": 12.89,
    "high": 13.08,
    "low": 12.72,
    "volume": 63541695.0,
    "chg_amt": -0.14999999999999858,
    "chg_pct": -1.14,
    "nav": 13.1,
    "premium_pct": -0.38,
    "aum_billion": 204.3,
    "is_benchmark": false
  },
  "00401A": {
    "name": "摩根台灣鑫收",
    "close": 12.35,
    "open": 12.18,
    "high": 12.36,
    "low": 12.08,
    "volume": 7357236.0,
    "chg_amt": -0.030000000000001137,
    "chg_pct": -0.24,
    "nav": 12.41,
    "premium_pct": -0.48,
    "aum_billion": 33.3,
    "is_benchmark": false
  },
  "00999A": {
    "name": "主動野村臺灣高息",
    "close": 10.19,
    "open": 10.09,
    "high": 10.19,
    "low": 10.01,
    "volume": 49848720.0,
    "chg_amt": -0.07000000000000028,
    "chg_pct": -0.68,
    "nav": 10.17,
    "premium_pct": 0.2,
    "aum_billion": 165.25,
    "is_benchmark": false
  },
  "00988A": {
    "name": "主動統一全球創新",
    "close": 19.26,
    "open": 18.8,
    "high": 19.36,
    "low": 18.67,
    "volume": 104298179.0,
    "chg_amt": -0.259999999999998,
    "chg_pct": -1.33,
    "nav": 18.81,
    "premium_pct": 2.39,
    "aum_billion": 363.51,
    "is_benchmark": false
  },
  "00403A": {
    "name": "主動統一升級50",
    "close": 9.84,
    "open": 9.88,
    "high": 9.88,
    "low": 9.71,
    "volume": 1280137109.0,
    "chg_amt": -0.16000000000000014,
    "chg_pct": -1.6,
    "nav": 9.85,
    "premium_pct": -0.1,
    "aum_billion": 1563.66,
    "is_benchmark": false
  },
  "0050": {
    "name": "元大台灣50",
    "close": 94.9,
    "open": 94.0,
    "high": 95.2,
    "low": 93.3,
    "volume": 118571453.0,
    "chg_amt": -0.5,
    "chg_pct": -0.52,
    "nav": 94.76,
    "premium_pct": 0.15,
    "aum_billion": 17888.03,
    "is_benchmark": true
  },
  "009816": {
    "name": "凱基台灣TOP50",
    "close": 13.65,
    "open": 13.54,
    "high": 13.73,
    "low": 13.4,
    "volume": 176702820.0,
    "chg_amt": -0.08999999999999986,
    "chg_pct": -0.66,
    "nav": 13.62,
    "premium_pct": 0.22,
    "aum_billion": 1171.2,
    "is_benchmark": true
  },
  "00830": {
    "name": "國泰費城半導體",
    "close": 81.05,
    "open": 79.95,
    "high": 81.4,
    "low": 79.75,
    "volume": 11158715.0,
    "chg_amt": -1.8500000000000085,
    "chg_pct": -2.23,
    "nav": 81.09,
    "premium_pct": -0.05,
    "aum_billion": 558.03,
    "is_benchmark": true
  },
  "00878": {
    "name": "國泰永續高股息",
    "close": 27.8,
    "open": 27.68,
    "high": 28.0,
    "low": 27.27,
    "volume": 132276054.0,
    "chg_amt": -0.09999999999999787,
    "chg_pct": -0.36,
    "nav": 27.73,
    "premium_pct": 0.25,
    "aum_billion": 5275.91,
    "is_benchmark": true
  },
  "00919": {
    "name": "群益台灣精選高息",
    "close": 25.64,
    "open": 25.43,
    "high": 25.74,
    "low": 25.25,
    "volume": 102797168.0,
    "chg_amt": -0.120000000000001,
    "chg_pct": -0.47,
    "nav": 25.73,
    "premium_pct": -0.35,
    "aum_billion": 4609.24,
    "is_benchmark": true
  }
}