{
  "00981A": {
    "name": "統一台股增長",
    "close": 32.05,
    "open": 31.37,
    "high": 32.13,
    "low": 31.12,
    "volume": 158262123.0,
    "chg_amt": 0.04999999999999716,
    "chg_pct": 0.16,
    "nav": 32.13,
    "premium_pct": -0.25,
    "aum_billion": 2962.04,
    "is_benchmark": false
  },
  "00982A": {
    "name": "群益台灣強棒",
    "close": 25.33,
    "open": 24.51,
    "high": 25.34,
    "low": 24.44,
    "volume": 35641184.0,
    "chg_amt": 0.34999999999999787,
    "chg_pct": 1.4,
    "nav": 25.1,
    "premium_pct": 0.92,
    "aum_billion": 541.71,
    "is_benchmark": false
  },
  "00991A": {
    "name": "復華未來50",
    "close": 20.64,
    "open": 20.24,
    "high": 20.79,
    "low": 20.22,
    "volume": 107382544.0,
    "chg_amt": -0.23000000000000043,
    "chg_pct": -1.1,
    "nav": 20.82,
    "premium_pct": -0.86,
    "aum_billion": 719.05,
    "is_benchmark": false
  },
  "00992A": {
    "name": "群益科技創新",
    "close": 19.07,
    "open": 18.57,
    "high": 19.17,
    "low": 18.56,
    "volume": 46618082.0,
    "chg_amt": 0.10000000000000142,
    "chg_pct": 0.53,
    "nav": 19.06,
    "premium_pct": 0.05,
    "aum_billion": 442.5,
    "is_benchmark": false
  },
  "00993A": {
    "name": "安聯台灣",
    "close": 14.28,
    "open": 13.96,
    "high": 14.29,
    "low": 13.89,
    "volume": 5748498.0,
    "chg_amt": -0.02000000000000135,
    "chg_pct": -0.14,
    "nav": 14.32,
    "premium_pct": -0.28,
    "aum_billion": 113.29,
    "is_benchmark": false
  },
  "00980A": {
    "name": "野村臺灣優選",
    "close": 24.95,
    "open": 24.31,
    "high": 24.98,
    "low": 24.3,
    "volume": 7931305.0,
    "chg_amt": 0.03999999999999915,
    "chg_pct": 0.16,
    "nav": 25.0,
    "premium_pct": -0.2,
    "aum_billion": 177.28,
    "is_benchmark": false
  },
  "00985A": {
    "name": "野村台灣50",
    "close": 22.47,
    "open": 21.88,
    "high": 22.49,
    "low": 21.88,
    "volume": 3240834.0,
    "chg_amt": 0.07000000000000028,
    "chg_pct": 0.31,
    "nav": 22.49,
    "premium_pct": -0.09,
    "aum_billion": 106.54,
    "is_benchmark": false
  },
  "00995A": {
    "name": "中信台灣卓越",
    "close": 18.52,
    "open": 18.14,
    "high": 18.55,
    "low": 18.0,
    "volume": 5189970.0,
    "chg_amt": 0.05000000000000071,
    "chg_pct": 0.27,
    "nav": 18.55,
    "premium_pct": -0.16,
    "aum_billion": 56.21,
    "is_benchmark": false
  },
  "00984A": {
    "name": "安聯台灣高息",
    "close": 16.71,
    "open": 16.52,
    "high": 16.77,
    "low": 16.5,
    "volume": 8719033.0,
    "chg_amt": -0.019999999999999574,
    "chg_pct": -0.12,
    "nav": 16.67,
    "premium_pct": 0.24,
    "aum_billion": 81.78,
    "is_benchmark": false
  },
  "00987A": {
    "name": "台新優勢成長",
    "close": 17.32,
    "open": 16.91,
    "high": 17.42,
    "low": 16.88,
    "volume": 3187326.0,
    "chg_amt": 0.010000000000001563,
    "chg_pct": 0.06,
    "nav": 17.42,
    "premium_pct": -0.57,
    "aum_billion": 29.99,
    "is_benchmark": false
  },
  "00994A": {
    "name": "第一金台股優",
    "close": 18.19,
    "open": 17.77,
    "high": 18.23,
    "low": 17.71,
    "volume": 6237229.0,
    "chg_amt": 0.019999999999999574,
    "chg_pct": 0.11,
    "nav": 18.29,
    "premium_pct": -0.55,
    "aum_billion": 55.62,
    "is_benchmark": false
  },
  "00996A": {
    "name": "兆豐台灣豐收",
    "close": 16.08,
    "open": 15.83,
    "high": 16.18,
    "low": 15.7,
    "volume": 7122858.0,
    "chg_amt": -0.0400000000000027,
    "chg_pct": -0.25,
    "nav": 16.15,
    "premium_pct": -0.43,
    "aum_billion": 51.75,
    "is_benchmark": false
  },
  "00400A": {
    "name": "國泰動能高息",
    "close": 15.17,
    "open": 14.86,
    "high": 15.18,
    "low": 14.73,
    "volume": 48526660.0,
    "chg_amt": 0.08999999999999986,
    "chg_pct": 0.6,
    "nav": 15.09,
    "premium_pct": 0.53,
    "aum_billion": 260.41,
    "is_benchmark": false
  },
  "00401A": {
    "name": "摩根台灣鑫收",
    "close": 13.78,
    "open": 13.5,
    "high": 13.79,
    "low": 13.45,
    "volume": 2381245.0,
    "chg_amt": 0.08999999999999986,
    "chg_pct": 0.66,
    "nav": 13.77,
    "premium_pct": 0.07,
    "aum_billion": 33.31,
    "is_benchmark": false
  },
  "00999A": {
    "name": "主動野村臺灣高息",
    "close": 11.06,
    "open": 10.82,
    "high": 11.07,
    "low": 10.8,
    "volume": 16200984.0,
    "chg_amt": 0.05000000000000071,
    "chg_pct": 0.45,
    "nav": 11.05,
    "premium_pct": 0.09,
    "aum_billion": 140.2,
    "is_benchmark": false
  },
  "00988A": {
    "name": "主動統一全球創新",
    "close": 21.84,
    "open": 21.84,
    "high": 22.05,
    "low": 21.53,
    "volume": 139825070.0,
    "chg_amt": -0.9400000000000013,
    "chg_pct": -4.13,
    "nav": 22.12,
    "premium_pct": -1.27,
    "aum_billion": 640.52,
    "is_benchmark": false
  },
  "00403A": {
    "name": "主動統一升級50",
    "close": 11.14,
    "open": 10.91,
    "high": 11.14,
    "low": 10.81,
    "volume": 197108010.0,
    "chg_amt": -0.009999999999999787,
    "chg_pct": -0.09,
    "nav": 11.17,
    "premium_pct": -0.27,
    "aum_billion": 1743.62,
    "is_benchmark": false
  },
  "00405A": {
    "name": "主動富邦台灣龍耀",
    "close": 9.45,
    "open": 9.18,
    "high": 9.48,
    "low": 9.15,
    "volume": 72588860.0,
    "chg_amt": 0.05999999999999872,
    "chg_pct": 0.64,
    "nav": 9.44,
    "premium_pct": 0.11,
    "aum_billion": 249.84,
    "is_benchmark": false
  },
  "0050": {
    "name": "元大台灣50",
    "close": 108.8,
    "open": 107.2,
    "high": 108.95,
    "low": 106.9,
    "volume": 73421155.0,
    "chg_amt": -0.5499999999999972,
    "chg_pct": -0.5,
    "nav": 109.69,
    "premium_pct": -0.81,
    "aum_billion": 22764.69,
    "is_benchmark": true
  },
  "00631L": {
    "name": "元大台灣50正2",
    "close": 38.88,
    "open": 37.83,
    "high": 39.03,
    "low": 37.7,
    "volume": 263558669.0,
    "chg_amt": -0.5999999999999943,
    "chg_pct": -1.52,
    "nav": 39.49,
    "premium_pct": -1.54,
    "aum_billion": 2551.94,
    "is_benchmark": true
  },
  "009816": {
    "name": "凱基台灣TOP50",
    "close": 15.78,
    "open": 15.49,
    "high": 15.8,
    "low": 15.46,
    "volume": 100932482.0,
    "chg_amt": -0.05000000000000071,
    "chg_pct": -0.32,
    "nav": 15.87,
    "premium_pct": -0.57,
    "aum_billion": 1651.26,
    "is_benchmark": true
  },
  "00830": {
    "name": "國泰費城半導體",
    "close": 95.75,
    "open": 95.0,
    "high": 96.3,
    "low": 95.0,
    "volume": 21091833.0,
    "chg_amt": -4.099999999999994,
    "chg_pct": -4.11,
    "nav": 94.39,
    "premium_pct": 1.44,
    "aum_billion": 731.61,
    "is_benchmark": true
  },
  "00878": {
    "name": "國泰永續高股息",
    "close": 33.22,
    "open": 32.94,
    "high": 33.24,
    "low": 32.9,
    "volume": 27899987.0,
    "chg_amt": -0.10000000000000142,
    "chg_pct": -0.3,
    "nav": 33.44,
    "premium_pct": -0.66,
    "aum_billion": 6135.64,
    "is_benchmark": true
  },
  "00919": {
    "name": "群益台灣精選高息",
    "close": 29.2,
    "open": 29.21,
    "high": 29.37,
    "low": 29.15,
    "volume": 87614714.0,
    "chg_amt": -0.1700000000000017,
    "chg_pct": -0.58,
    "nav": 29.47,
    "premium_pct": -0.92,
    "aum_billion": 5325.34,
    "is_benchmark": true
  }
}