{
  "00981A": {
    "name": "統一台股增長",
    "close": 29.95,
    "open": 29.49,
    "high": 29.99,
    "low": 29.47,
    "volume": 347186029.0,
    "chg_amt": 1.0899999999999999,
    "chg_pct": 3.78,
    "nav": 30.03,
    "premium_pct": -0.27,
    "aum_billion": 2619.13,
    "is_benchmark": false
  },
  "00982A": {
    "name": "群益台灣強棒",
    "close": 22.64,
    "open": 22.38,
    "high": 22.69,
    "low": 22.38,
    "volume": 55738687.0,
    "chg_amt": 0.5399999999999991,
    "chg_pct": 2.44,
    "nav": 22.13,
    "premium_pct": 2.3,
    "aum_billion": 518.53,
    "is_benchmark": false
  },
  "00991A": {
    "name": "復華未來50",
    "close": 18.58,
    "open": 18.19,
    "high": 18.6,
    "low": 18.19,
    "volume": 83018212.0,
    "chg_amt": 0.6599999999999966,
    "chg_pct": 3.68,
    "nav": 17.84,
    "premium_pct": 4.15,
    "aum_billion": 472.96,
    "is_benchmark": false
  },
  "00992A": {
    "name": "群益科技創新",
    "close": 18.28,
    "open": 18.1,
    "high": 18.3,
    "low": 18.02,
    "volume": 87831452.0,
    "chg_amt": 0.6099999999999994,
    "chg_pct": 3.45,
    "nav": 18.32,
    "premium_pct": -0.22,
    "aum_billion": 508.05,
    "is_benchmark": false
  },
  "00993A": {
    "name": "安聯台灣",
    "close": 13.12,
    "open": 13.01,
    "high": 13.15,
    "low": 12.93,
    "volume": 15162029.0,
    "chg_amt": 0.3899999999999988,
    "chg_pct": 3.06,
    "nav": 13.19,
    "premium_pct": -0.53,
    "aum_billion": 112.82,
    "is_benchmark": false
  },
  "00980A": {
    "name": "野村臺灣優選",
    "close": 23.16,
    "open": 22.87,
    "high": 23.17,
    "low": 22.85,
    "volume": 12869634.0,
    "chg_amt": 0.6700000000000017,
    "chg_pct": 2.98,
    "nav": 22.52,
    "premium_pct": 2.84,
    "aum_billion": 173.12,
    "is_benchmark": false
  },
  "00985A": {
    "name": "野村台灣50",
    "close": 21.33,
    "open": 21.04,
    "high": 21.33,
    "low": 21.02,
    "volume": 7306852.0,
    "chg_amt": 0.4799999999999969,
    "chg_pct": 2.3,
    "nav": 21.36,
    "premium_pct": -0.14,
    "aum_billion": 107.15,
    "is_benchmark": false
  },
  "00995A": {
    "name": "中信台灣卓越",
    "close": 17.29,
    "open": 17.0,
    "high": 17.31,
    "low": 16.95,
    "volume": 11696663.0,
    "chg_amt": 0.6199999999999974,
    "chg_pct": 3.72,
    "nav": 17.32,
    "premium_pct": -0.17,
    "aum_billion": 54.15,
    "is_benchmark": false
  },
  "00984A": {
    "name": "安聯台灣高息",
    "close": 15.2,
    "open": 15.15,
    "high": 15.22,
    "low": 15.11,
    "volume": 6512602.0,
    "chg_amt": 0.22999999999999865,
    "chg_pct": 1.54,
    "nav": 14.99,
    "premium_pct": 1.4,
    "aum_billion": 67.91,
    "is_benchmark": false
  },
  "00987A": {
    "name": "台新優勢成長",
    "close": 17.34,
    "open": 17.04,
    "high": 17.34,
    "low": 17.02,
    "volume": 9889061.0,
    "chg_amt": 0.7100000000000009,
    "chg_pct": 4.27,
    "nav": 17.27,
    "premium_pct": 0.41,
    "aum_billion": 33.8,
    "is_benchmark": false
  },
  "00994A": {
    "name": "第一金台股優",
    "close": 17.64,
    "open": 17.43,
    "high": 17.66,
    "low": 17.39,
    "volume": 11391534.0,
    "chg_amt": 0.5600000000000023,
    "chg_pct": 3.28,
    "nav": 17.08,
    "premium_pct": 3.28,
    "aum_billion": 53.39,
    "is_benchmark": false
  },
  "00996A": {
    "name": "兆豐台灣豐收",
    "close": 14.62,
    "open": 14.27,
    "high": 14.62,
    "low": 14.25,
    "volume": 14463274.0,
    "chg_amt": 0.6599999999999984,
    "chg_pct": 4.73,
    "nav": 14.61,
    "premium_pct": 0.07,
    "aum_billion": 46.0,
    "is_benchmark": false
  },
  "00400A": {
    "name": "國泰動能高息",
    "close": 13.9,
    "open": 13.72,
    "high": 13.9,
    "low": 13.66,
    "volume": 49668673.0,
    "chg_amt": 0.4399999999999995,
    "chg_pct": 3.27,
    "nav": 13.44,
    "premium_pct": 3.42,
    "aum_billion": 205.43,
    "is_benchmark": false
  },
  "00401A": {
    "name": "摩根台灣鑫收",
    "close": 13.08,
    "open": 12.94,
    "high": 13.1,
    "low": 12.85,
    "volume": 11339450.0,
    "chg_amt": 0.35999999999999943,
    "chg_pct": 2.83,
    "nav": 12.73,
    "premium_pct": 2.75,
    "aum_billion": 32.12,
    "is_benchmark": false
  },
  "00999A": {
    "name": "主動野村臺灣高息",
    "close": 10.42,
    "open": 10.35,
    "high": 10.43,
    "low": 10.33,
    "volume": 45872766.0,
    "chg_amt": 0.14000000000000057,
    "chg_pct": 1.36,
    "nav": 10.48,
    "premium_pct": -0.57,
    "aum_billion": 169.11,
    "is_benchmark": false
  },
  "00988A": {
    "name": "主動統一全球創新",
    "close": 20.36,
    "open": 19.86,
    "high": 20.38,
    "low": 19.82,
    "volume": 108501431.0,
    "chg_amt": 1.1799999999999997,
    "chg_pct": 6.15,
    "nav": 19.43,
    "premium_pct": 4.79,
    "aum_billion": 369.31,
    "is_benchmark": false
  },
  "00403A": {
    "name": "主動統一升級50",
    "close": 10.2,
    "open": 10.12,
    "high": 10.21,
    "low": 10.12,
    "volume": 541477121.0,
    "chg_amt": 0.1899999999999995,
    "chg_pct": 1.9,
    "nav": 10.25,
    "premium_pct": -0.49,
    "aum_billion": 1827.29,
    "is_benchmark": false
  },
  "0050": {
    "name": "元大台灣50",
    "close": 97.3,
    "open": 96.3,
    "high": 97.3,
    "low": 96.0,
    "volume": 64288280.0,
    "chg_amt": 1.4500000000000028,
    "chg_pct": 1.51,
    "nav": 97.32,
    "premium_pct": -0.02,
    "aum_billion": 17973.69,
    "is_benchmark": true
  },
  "009816": {
    "name": "凱基台灣TOP50",
    "close": 14.19,
    "open": 14.02,
    "high": 14.2,
    "low": 13.98,
    "volume": 115447272.0,
    "chg_amt": 0.29999999999999893,
    "chg_pct": 2.16,
    "nav": 14.17,
    "premium_pct": 0.14,
    "aum_billion": 1199.75,
    "is_benchmark": true
  },
  "00830": {
    "name": "國泰費城半導體",
    "close": 84.25,
    "open": 84.35,
    "high": 84.35,
    "low": 83.8,
    "volume": 6457321.0,
    "chg_amt": 1.0499999999999972,
    "chg_pct": 1.26,
    "nav": 83.86,
    "premium_pct": 0.47,
    "aum_billion": 538.62,
    "is_benchmark": true
  },
  "00878": {
    "name": "國泰永續高股息",
    "close": 28.27,
    "open": 27.91,
    "high": 28.3,
    "low": 27.81,
    "volume": 95636213.0,
    "chg_amt": 0.5599999999999987,
    "chg_pct": 2.02,
    "nav": 28.4,
    "premium_pct": -0.46,
    "aum_billion": 5267.91,
    "is_benchmark": true
  },
  "00919": {
    "name": "群益台灣精選高息",
    "close": 26.73,
    "open": 26.73,
    "high": 26.74,
    "low": 26.53,
    "volume": 80979889.0,
    "chg_amt": 0.1999999999999993,
    "chg_pct": 0.75,
    "nav": 26.84,
    "premium_pct": -0.41,
    "aum_billion": 4682.09,
    "is_benchmark": true
  }
}