{
  "00981A": {
    "name": "統一台股增長",
    "close": 31.6,
    "open": 32.43,
    "high": 32.5,
    "low": 31.5,
    "volume": 243244203.0,
    "chg_amt": -0.6299999999999955,
    "chg_pct": -1.95,
    "nav": 32.28,
    "premium_pct": -2.11,
    "aum_billion": 3001.8,
    "is_benchmark": false
  },
  "00982A": {
    "name": "群益台灣強棒",
    "close": 24.79,
    "open": 25.56,
    "high": 25.61,
    "low": 24.79,
    "volume": 41774219.0,
    "chg_amt": -0.6600000000000001,
    "chg_pct": -2.59,
    "nav": 25.42,
    "premium_pct": -2.48,
    "aum_billion": 553.77,
    "is_benchmark": false
  },
  "00991A": {
    "name": "復華未來50",
    "close": 20.56,
    "open": 21.35,
    "high": 21.36,
    "low": 20.56,
    "volume": 220949363.0,
    "chg_amt": -0.7699999999999996,
    "chg_pct": -3.61,
    "nav": 21.16,
    "premium_pct": -2.84,
    "aum_billion": 673.3,
    "is_benchmark": false
  },
  "00992A": {
    "name": "群益科技創新",
    "close": 18.95,
    "open": 19.49,
    "high": 19.51,
    "low": 18.9,
    "volume": 60300722.0,
    "chg_amt": -0.4700000000000024,
    "chg_pct": -2.42,
    "nav": 19.43,
    "premium_pct": -2.47,
    "aum_billion": 476.59,
    "is_benchmark": false
  },
  "00993A": {
    "name": "安聯台灣",
    "close": 14.29,
    "open": 14.75,
    "high": 14.76,
    "low": 14.29,
    "volume": 8036810.0,
    "chg_amt": -0.3500000000000014,
    "chg_pct": -2.39,
    "nav": 14.66,
    "premium_pct": -2.52,
    "aum_billion": 118.36,
    "is_benchmark": false
  },
  "00980A": {
    "name": "野村臺灣優選",
    "close": 25.09,
    "open": 25.71,
    "high": 25.77,
    "low": 25.09,
    "volume": 11241061.0,
    "chg_amt": -0.620000000000001,
    "chg_pct": -2.41,
    "nav": 25.72,
    "premium_pct": -2.45,
    "aum_billion": 184.5,
    "is_benchmark": false
  },
  "00985A": {
    "name": "野村台灣50",
    "close": 22.56,
    "open": 22.99,
    "high": 23.17,
    "low": 22.55,
    "volume": 6280878.0,
    "chg_amt": -0.41000000000000014,
    "chg_pct": -1.78,
    "nav": 23.0,
    "premium_pct": -1.91,
    "aum_billion": 111.83,
    "is_benchmark": false
  },
  "00995A": {
    "name": "中信台灣卓越",
    "close": 18.32,
    "open": 18.85,
    "high": 18.88,
    "low": 18.24,
    "volume": 5657186.0,
    "chg_amt": -0.4499999999999993,
    "chg_pct": -2.4,
    "nav": 18.35,
    "premium_pct": -0.16,
    "aum_billion": 58.76,
    "is_benchmark": false
  },
  "00984A": {
    "name": "安聯台灣高息",
    "close": 16.88,
    "open": 17.33,
    "high": 17.43,
    "low": 16.88,
    "volume": 17207210.0,
    "chg_amt": -0.4400000000000013,
    "chg_pct": -2.54,
    "nav": 17.21,
    "premium_pct": -1.92,
    "aum_billion": 80.86,
    "is_benchmark": false
  },
  "00987A": {
    "name": "台新優勢成長",
    "close": 17.57,
    "open": 18.15,
    "high": 18.15,
    "low": 17.56,
    "volume": 5044281.0,
    "chg_amt": -0.5399999999999991,
    "chg_pct": -2.98,
    "nav": 18.12,
    "premium_pct": -3.04,
    "aum_billion": 32.82,
    "is_benchmark": false
  },
  "00994A": {
    "name": "第一金台股優",
    "close": 18.07,
    "open": 18.64,
    "high": 18.65,
    "low": 18.05,
    "volume": 10184832.0,
    "chg_amt": -0.4499999999999993,
    "chg_pct": -2.43,
    "nav": 18.1,
    "premium_pct": -0.17,
    "aum_billion": 57.78,
    "is_benchmark": false
  },
  "00996A": {
    "name": "兆豐台灣豐收",
    "close": 15.85,
    "open": 16.4,
    "high": 16.4,
    "low": 15.85,
    "volume": 10278257.0,
    "chg_amt": -0.47000000000000064,
    "chg_pct": -2.88,
    "nav": 16.29,
    "premium_pct": -2.7,
    "aum_billion": 52.59,
    "is_benchmark": false
  },
  "00400A": {
    "name": "國泰動能高息",
    "close": 15.17,
    "open": 15.7,
    "high": 15.7,
    "low": 15.17,
    "volume": 95938304.0,
    "chg_amt": -0.40000000000000036,
    "chg_pct": -2.57,
    "nav": 15.53,
    "premium_pct": -2.32,
    "aum_billion": 234.03,
    "is_benchmark": false
  },
  "00401A": {
    "name": "摩根台灣鑫收",
    "close": 14.02,
    "open": 14.26,
    "high": 14.39,
    "low": 14.0,
    "volume": 9513493.0,
    "chg_amt": -0.20000000000000107,
    "chg_pct": -1.41,
    "nav": 14.18,
    "premium_pct": -1.13,
    "aum_billion": 35.52,
    "is_benchmark": false
  },
  "00999A": {
    "name": "主動野村臺灣高息",
    "close": 11.2,
    "open": 11.45,
    "high": 11.5,
    "low": 11.19,
    "volume": 35429607.0,
    "chg_amt": -0.23000000000000043,
    "chg_pct": -2.01,
    "nav": 11.47,
    "premium_pct": -2.35,
    "aum_billion": 153.59,
    "is_benchmark": false
  },
  "00988A": {
    "name": "主動統一全球創新",
    "close": 22.91,
    "open": 23.81,
    "high": 23.86,
    "low": 22.91,
    "volume": 129932536.0,
    "chg_amt": -0.8200000000000003,
    "chg_pct": -3.46,
    "nav": 23.87,
    "premium_pct": -4.02,
    "aum_billion": 620.75,
    "is_benchmark": false
  },
  "00403A": {
    "name": "主動統一升級50",
    "close": 11.1,
    "open": 11.42,
    "high": 11.45,
    "low": 11.07,
    "volume": 424489804.0,
    "chg_amt": -0.28000000000000114,
    "chg_pct": -2.46,
    "nav": 11.36,
    "premium_pct": -2.29,
    "aum_billion": 1785.38,
    "is_benchmark": false
  },
  "00405A": {
    "name": "主動富邦台灣龍耀",
    "close": 9.51,
    "open": 9.81,
    "high": 9.85,
    "low": 9.51,
    "volume": 154361230.0,
    "chg_amt": -0.27999999999999936,
    "chg_pct": -2.86,
    "nav": 9.75,
    "premium_pct": -2.46,
    "aum_billion": 242.2,
    "is_benchmark": false
  },
  "0050": {
    "name": "元大台灣50",
    "close": 110.1,
    "open": 112.0,
    "high": 112.3,
    "low": 110.05,
    "volume": 130786727.0,
    "chg_amt": -1.0500000000000114,
    "chg_pct": -0.94,
    "nav": 110.75,
    "premium_pct": -0.59,
    "aum_billion": 22631.92,
    "is_benchmark": true
  },
  "00631L": {
    "name": "元大台灣50正2",
    "close": 40.2,
    "open": 41.49,
    "high": 41.79,
    "low": 40.2,
    "volume": 343870097.0,
    "chg_amt": -1.1199999999999974,
    "chg_pct": -2.71,
    "nav": 41.39,
    "premium_pct": -2.88,
    "aum_billion": 2367.54,
    "is_benchmark": true
  },
  "009816": {
    "name": "凱基台灣TOP50",
    "close": 15.97,
    "open": 16.27,
    "high": 16.32,
    "low": 15.97,
    "volume": 196020423.0,
    "chg_amt": -0.20000000000000107,
    "chg_pct": -1.24,
    "nav": 16.08,
    "premium_pct": -0.68,
    "aum_billion": 1582.88,
    "is_benchmark": true
  },
  "00830": {
    "name": "國泰費城半導體",
    "close": 99.3,
    "open": 102.05,
    "high": 102.2,
    "low": 99.3,
    "volume": 20810893.0,
    "chg_amt": -1.2999999999999972,
    "chg_pct": -1.29,
    "nav": 102.52,
    "premium_pct": -3.14,
    "aum_billion": 708.68,
    "is_benchmark": true
  },
  "00878": {
    "name": "國泰永續高股息",
    "close": 33.98,
    "open": 34.4,
    "high": 34.62,
    "low": 33.98,
    "volume": 48726737.0,
    "chg_amt": -0.14000000000000057,
    "chg_pct": -0.41,
    "nav": 34.2,
    "premium_pct": -0.64,
    "aum_billion": 6285.61,
    "is_benchmark": true
  },
  "00919": {
    "name": "群益台灣精選高息",
    "close": 30.58,
    "open": 30.8,
    "high": 31.04,
    "low": 30.56,
    "volume": 125719813.0,
    "chg_amt": -0.22000000000000242,
    "chg_pct": -0.71,
    "nav": 30.88,
    "premium_pct": -0.97,
    "aum_billion": 5576.5,
    "is_benchmark": true
  }
}