{
  "00981A": {
    "name": "統一台股增長",
    "close": 27.49,
    "open": 28.1,
    "high": 28.38,
    "low": 27.46,
    "volume": 269342817.0,
    "chg_amt": -0.75,
    "chg_pct": -2.66,
    "nav": 27.49,
    "premium_pct": 0,
    "aum_billion": 2560.91,
    "is_benchmark": false
  },
  "00982A": {
    "name": "群益台灣強棒",
    "close": 21.25,
    "open": 21.9,
    "high": 21.97,
    "low": 21.22,
    "volume": 77491977.0,
    "chg_amt": -1.2699999999999996,
    "chg_pct": -5.64,
    "nav": 21.26,
    "premium_pct": -0.05,
    "aum_billion": 521.26,
    "is_benchmark": false
  },
  "00991A": {
    "name": "復華未來50",
    "close": 17.08,
    "open": 17.4,
    "high": 17.6,
    "low": 17.08,
    "volume": 82940454.0,
    "chg_amt": -0.5200000000000031,
    "chg_pct": -2.95,
    "nav": 17.06,
    "premium_pct": 0.12,
    "aum_billion": 461.05,
    "is_benchmark": false
  },
  "00992A": {
    "name": "群益科技創新",
    "close": 16.75,
    "open": 17.13,
    "high": 17.3,
    "low": 16.75,
    "volume": 73187318.0,
    "chg_amt": -0.5399999999999991,
    "chg_pct": -3.12,
    "nav": 16.78,
    "premium_pct": -0.18,
    "aum_billion": 500.29,
    "is_benchmark": false
  },
  "00993A": {
    "name": "安聯台灣",
    "close": 12.17,
    "open": 12.53,
    "high": 12.66,
    "low": 12.15,
    "volume": 12587211.0,
    "chg_amt": -0.4299999999999997,
    "chg_pct": -3.41,
    "nav": 12.23,
    "premium_pct": -0.49,
    "aum_billion": 113.56,
    "is_benchmark": false
  },
  "00980A": {
    "name": "野村臺灣優選",
    "close": 21.61,
    "open": 22.21,
    "high": 22.32,
    "low": 21.61,
    "volume": 28397907.0,
    "chg_amt": -1.2100000000000009,
    "chg_pct": -5.3,
    "nav": 21.61,
    "premium_pct": 0,
    "aum_billion": 175.42,
    "is_benchmark": false
  },
  "00985A": {
    "name": "野村台灣50",
    "close": 20.27,
    "open": 20.61,
    "high": 20.69,
    "low": 20.26,
    "volume": 7840596.0,
    "chg_amt": -0.4299999999999997,
    "chg_pct": -2.08,
    "nav": 20.34,
    "premium_pct": -0.34,
    "aum_billion": 107.92,
    "is_benchmark": false
  },
  "00995A": {
    "name": "中信台灣卓越",
    "close": 15.79,
    "open": 16.13,
    "high": 16.31,
    "low": 15.77,
    "volume": 9119491.0,
    "chg_amt": -0.4499999999999993,
    "chg_pct": -2.77,
    "nav": 15.85,
    "premium_pct": -0.38,
    "aum_billion": 53.27,
    "is_benchmark": false
  },
  "00984A": {
    "name": "安聯台灣高息",
    "close": 14.53,
    "open": 14.63,
    "high": 14.84,
    "low": 14.52,
    "volume": 9038897.0,
    "chg_amt": -0.10000000000000142,
    "chg_pct": -0.68,
    "nav": 14.52,
    "premium_pct": 0.07,
    "aum_billion": 66.19,
    "is_benchmark": false
  },
  "00987A": {
    "name": "台新優勢成長",
    "close": 15.95,
    "open": 16.32,
    "high": 16.45,
    "low": 15.9,
    "volume": 6866379.0,
    "chg_amt": -0.5899999999999999,
    "chg_pct": -3.57,
    "nav": 15.96,
    "premium_pct": -0.06,
    "aum_billion": 32.82,
    "is_benchmark": false
  },
  "00994A": {
    "name": "第一金台股優",
    "close": 16.27,
    "open": 16.67,
    "high": 16.77,
    "low": 16.27,
    "volume": 9882807.0,
    "chg_amt": -0.4299999999999997,
    "chg_pct": -2.57,
    "nav": 16.29,
    "premium_pct": -0.12,
    "aum_billion": 53.16,
    "is_benchmark": false
  },
  "00996A": {
    "name": "兆豐台灣豐收",
    "close": 13.19,
    "open": 13.6,
    "high": 13.63,
    "low": 13.15,
    "volume": 11005922.0,
    "chg_amt": -0.46000000000000085,
    "chg_pct": -3.37,
    "nav": 13.27,
    "premium_pct": -0.6,
    "aum_billion": 45.93,
    "is_benchmark": false
  },
  "00400A": {
    "name": "國泰動能高息",
    "close": 12.7,
    "open": 13.04,
    "high": 13.1,
    "low": 12.7,
    "volume": 45976795.0,
    "chg_amt": -0.3500000000000014,
    "chg_pct": -2.68,
    "nav": 12.76,
    "premium_pct": -0.47,
    "aum_billion": 201.8,
    "is_benchmark": false
  },
  "00401A": {
    "name": "摩根台灣鑫收",
    "close": 12.15,
    "open": 12.35,
    "high": 12.45,
    "low": 12.14,
    "volume": 12454171.0,
    "chg_amt": -0.1999999999999993,
    "chg_pct": -1.62,
    "nav": 12.23,
    "premium_pct": -0.65,
    "aum_billion": 32.82,
    "is_benchmark": false
  },
  "00999A": {
    "name": "主動野村臺灣高息",
    "close": 10.03,
    "open": 10.1,
    "high": 10.2,
    "low": 10.02,
    "volume": 48746750.0,
    "chg_amt": -0.16000000000000014,
    "chg_pct": -1.57,
    "nav": 9.99,
    "premium_pct": 0.4,
    "aum_billion": 163.87,
    "is_benchmark": false
  },
  "00988A": {
    "name": "主動統一全球創新",
    "close": 18.28,
    "open": 18.94,
    "high": 19.09,
    "low": 18.28,
    "volume": 99917304.0,
    "chg_amt": -0.9800000000000004,
    "chg_pct": -5.09,
    "nav": 18.49,
    "premium_pct": -1.14,
    "aum_billion": 365.02,
    "is_benchmark": false
  },
  "00403A": {
    "name": "主動統一升級50",
    "close": 9.72,
    "open": 9.85,
    "high": 9.92,
    "low": 9.72,
    "volume": 984439002.0,
    "chg_amt": -0.11999999999999922,
    "chg_pct": -1.22,
    "nav": 9.68,
    "premium_pct": 0.41,
    "aum_billion": 1707.93,
    "is_benchmark": false
  },
  "0050": {
    "name": "元大台灣50",
    "close": 93.1,
    "open": 94.35,
    "high": 94.7,
    "low": 93.1,
    "volume": 135939820.0,
    "chg_amt": -1.8000000000000114,
    "chg_pct": -1.9,
    "nav": 92.94,
    "premium_pct": 0.17,
    "aum_billion": 17739.93,
    "is_benchmark": true
  },
  "009816": {
    "name": "凱基台灣TOP50",
    "close": 13.41,
    "open": 13.64,
    "high": 13.68,
    "low": 13.4,
    "volume": 169573645.0,
    "chg_amt": -0.2400000000000002,
    "chg_pct": -1.76,
    "nav": 13.34,
    "premium_pct": 0.52,
    "aum_billion": 1164.09,
    "is_benchmark": true
  },
  "00830": {
    "name": "國泰費城半導體",
    "close": 78.35,
    "open": 79.5,
    "high": 79.5,
    "low": 78.35,
    "volume": 18248912.0,
    "chg_amt": -2.700000000000003,
    "chg_pct": -3.33,
    "nav": 79.15,
    "premium_pct": -1.01,
    "aum_billion": 535.19,
    "is_benchmark": true
  },
  "00878": {
    "name": "國泰永續高股息",
    "close": 27.0,
    "open": 27.25,
    "high": 27.69,
    "low": 27.0,
    "volume": 86741893.0,
    "chg_amt": -0.8000000000000007,
    "chg_pct": -2.88,
    "nav": 26.94,
    "premium_pct": 0.22,
    "aum_billion": 5250.38,
    "is_benchmark": true
  },
  "00919": {
    "name": "群益台灣精選高息",
    "close": 25.76,
    "open": 25.65,
    "high": 26.3,
    "low": 25.65,
    "volume": 107068776.0,
    "chg_amt": 0.120000000000001,
    "chg_pct": 0.47,
    "nav": 25.85,
    "premium_pct": -0.35,
    "aum_billion": 4566.91,
    "is_benchmark": true
  }
}