{
  "00981A": {
    "name": "統一台股增長",
    "close": 31.49,
    "open": 31.89,
    "high": 31.89,
    "low": 31.1,
    "volume": 288881634.0,
    "chg_amt": -0.120000000000001,
    "chg_pct": -0.38,
    "nav": 31.48,
    "premium_pct": 0.03,
    "aum_billion": 2851.01,
    "is_benchmark": false
  },
  "00982A": {
    "name": "群益台灣強棒",
    "close": 24.06,
    "open": 24.0,
    "high": 24.08,
    "low": 23.7,
    "volume": 65051260.0,
    "chg_amt": 0.33999999999999986,
    "chg_pct": 1.43,
    "nav": 24.17,
    "premium_pct": -0.46,
    "aum_billion": 549.35,
    "is_benchmark": false
  },
  "00991A": {
    "name": "復華未來50",
    "close": 19.33,
    "open": 19.45,
    "high": 19.45,
    "low": 19.06,
    "volume": 67405731.0,
    "chg_amt": 0.05999999999999872,
    "chg_pct": 0.31,
    "nav": 19.33,
    "premium_pct": 0,
    "aum_billion": 513.15,
    "is_benchmark": false
  },
  "00992A": {
    "name": "群益科技創新",
    "close": 18.92,
    "open": 18.98,
    "high": 18.99,
    "low": 18.54,
    "volume": 86559391.0,
    "chg_amt": 0.07000000000000028,
    "chg_pct": 0.37,
    "nav": 19.01,
    "premium_pct": -0.47,
    "aum_billion": 543.0,
    "is_benchmark": false
  },
  "00993A": {
    "name": "安聯台灣",
    "close": 13.65,
    "open": 13.73,
    "high": 13.78,
    "low": 13.45,
    "volume": 12323262.0,
    "chg_amt": 0.030000000000001137,
    "chg_pct": 0.22,
    "nav": 13.69,
    "premium_pct": -0.29,
    "aum_billion": 120.42,
    "is_benchmark": false
  },
  "00980A": {
    "name": "野村臺灣優選",
    "close": 24.24,
    "open": 24.23,
    "high": 24.3,
    "low": 23.88,
    "volume": 18137085.0,
    "chg_amt": 0.2699999999999996,
    "chg_pct": 1.13,
    "nav": 24.3,
    "premium_pct": -0.25,
    "aum_billion": 183.62,
    "is_benchmark": false
  },
  "00985A": {
    "name": "野村台灣50",
    "close": 22.04,
    "open": 22.11,
    "high": 22.19,
    "low": 21.82,
    "volume": 7424435.0,
    "chg_amt": 0.10999999999999943,
    "chg_pct": 0.5,
    "nav": 22.03,
    "premium_pct": 0.05,
    "aum_billion": 111.76,
    "is_benchmark": false
  },
  "00995A": {
    "name": "中信台灣卓越",
    "close": 18.14,
    "open": 18.18,
    "high": 18.28,
    "low": 17.86,
    "volume": 6493236.0,
    "chg_amt": 0.030000000000001137,
    "chg_pct": 0.17,
    "nav": 18.16,
    "premium_pct": -0.11,
    "aum_billion": 58.71,
    "is_benchmark": false
  },
  "00984A": {
    "name": "安聯台灣高息",
    "close": 15.86,
    "open": 15.85,
    "high": 15.92,
    "low": 15.7,
    "volume": 10969664.0,
    "chg_amt": 0.10999999999999943,
    "chg_pct": 0.7,
    "nav": 15.83,
    "premium_pct": 0.19,
    "aum_billion": 71.15,
    "is_benchmark": false
  },
  "00987A": {
    "name": "台新優勢成長",
    "close": 18.12,
    "open": 18.2,
    "high": 18.26,
    "low": 17.79,
    "volume": 5902259.0,
    "chg_amt": 0.08000000000000185,
    "chg_pct": 0.44,
    "nav": 18.13,
    "premium_pct": -0.06,
    "aum_billion": 36.71,
    "is_benchmark": false
  },
  "00994A": {
    "name": "第一金台股優",
    "close": 18.6,
    "open": 18.75,
    "high": 18.76,
    "low": 18.31,
    "volume": 13496300.0,
    "chg_amt": 0.030000000000001137,
    "chg_pct": 0.16,
    "nav": 18.62,
    "premium_pct": -0.11,
    "aum_billion": 57.12,
    "is_benchmark": false
  },
  "00996A": {
    "name": "兆豐台灣豐收",
    "close": 15.35,
    "open": 15.4,
    "high": 15.43,
    "low": 15.06,
    "volume": 11942963.0,
    "chg_amt": 0.08999999999999986,
    "chg_pct": 0.59,
    "nav": 15.34,
    "premium_pct": 0.07,
    "aum_billion": 49.95,
    "is_benchmark": false
  },
  "00400A": {
    "name": "國泰動能高息",
    "close": 14.65,
    "open": 14.7,
    "high": 14.74,
    "low": 14.46,
    "volume": 47714447.0,
    "chg_amt": 0.08000000000000007,
    "chg_pct": 0.55,
    "nav": 14.66,
    "premium_pct": -0.07,
    "aum_billion": 222.13,
    "is_benchmark": false
  },
  "00401A": {
    "name": "摩根台灣鑫收",
    "close": 13.58,
    "open": 13.69,
    "high": 13.69,
    "low": 13.47,
    "volume": 5073279.0,
    "chg_amt": -0.009999999999999787,
    "chg_pct": -0.07,
    "nav": 13.56,
    "premium_pct": 0.15,
    "aum_billion": 34.21,
    "is_benchmark": false
  },
  "00999A": {
    "name": "主動野村臺灣高息",
    "close": 10.66,
    "open": 10.73,
    "high": 10.76,
    "low": 10.59,
    "volume": 61290236.0,
    "chg_amt": 0.009999999999999787,
    "chg_pct": 0.09,
    "nav": 10.72,
    "premium_pct": -0.56,
    "aum_billion": 172.64,
    "is_benchmark": false
  },
  "00988A": {
    "name": "主動統一全球創新",
    "close": 21.92,
    "open": 22.11,
    "high": 22.11,
    "low": 21.5,
    "volume": 111970318.0,
    "chg_amt": -0.1599999999999966,
    "chg_pct": -0.72,
    "nav": 20.07,
    "premium_pct": 9.22,
    "aum_billion": 401.39,
    "is_benchmark": false
  },
  "00403A": {
    "name": "主動統一升級50",
    "close": 10.64,
    "open": 10.76,
    "high": 10.76,
    "low": 10.48,
    "volume": 611130522.0,
    "chg_amt": 0.0600000000000005,
    "chg_pct": 0.57,
    "nav": 10.69,
    "premium_pct": -0.47,
    "aum_billion": 1934.87,
    "is_benchmark": false
  },
  "0050": {
    "name": "元大台灣50",
    "close": 100.1,
    "open": 101.6,
    "high": 101.8,
    "low": 100.1,
    "volume": 93560313.0,
    "chg_amt": -0.7000000000000028,
    "chg_pct": -0.69,
    "nav": 100.2,
    "premium_pct": -0.1,
    "aum_billion": 19025.58,
    "is_benchmark": true
  },
  "009816": {
    "name": "凱基台灣TOP50",
    "close": 14.76,
    "open": 14.9,
    "high": 14.93,
    "low": 14.71,
    "volume": 161203510.0,
    "chg_amt": 0.0,
    "chg_pct": 0.0,
    "nav": 14.72,
    "premium_pct": 0.27,
    "aum_billion": 1294.03,
    "is_benchmark": true
  },
  "00830": {
    "name": "國泰費城半導體",
    "close": 87.1,
    "open": 87.65,
    "high": 87.65,
    "low": 86.6,
    "volume": 6352731.0,
    "chg_amt": -0.7000000000000028,
    "chg_pct": -0.8,
    "nav": 85.26,
    "premium_pct": 2.16,
    "aum_billion": 545.65,
    "is_benchmark": true
  },
  "00878": {
    "name": "國泰永續高股息",
    "close": 29.62,
    "open": 29.69,
    "high": 29.83,
    "low": 29.48,
    "volume": 84260566.0,
    "chg_amt": 0.14000000000000057,
    "chg_pct": 0.47,
    "nav": 29.78,
    "premium_pct": -0.54,
    "aum_billion": 5570.48,
    "is_benchmark": true
  },
  "00919": {
    "name": "群益台灣精選高息",
    "close": 27.93,
    "open": 27.82,
    "high": 28.03,
    "low": 27.75,
    "volume": 112594782.0,
    "chg_amt": 0.46000000000000085,
    "chg_pct": 1.67,
    "nav": 28.03,
    "premium_pct": -0.36,
    "aum_billion": 4832.45,
    "is_benchmark": true
  }
}