{
  "00981A": {
    "name": "統一台股增長",
    "close": 30.82,
    "open": 31.28,
    "high": 31.28,
    "low": 30.78,
    "volume": 186398165.0,
    "chg_amt": -0.6499999999999986,
    "chg_pct": -2.07,
    "nav": 30.86,
    "premium_pct": -0.13,
    "aum_billion": 2937.28,
    "is_benchmark": false
  },
  "00982A": {
    "name": "群益台灣強棒",
    "close": 23.97,
    "open": 24.31,
    "high": 24.38,
    "low": 23.95,
    "volume": 32262309.0,
    "chg_amt": -0.15000000000000213,
    "chg_pct": -0.62,
    "nav": 24.06,
    "premium_pct": -0.37,
    "aum_billion": 531.23,
    "is_benchmark": false
  },
  "00991A": {
    "name": "復華未來50",
    "close": 19.84,
    "open": 19.96,
    "high": 20.02,
    "low": 19.77,
    "volume": 81903018.0,
    "chg_amt": 0.14999999999999858,
    "chg_pct": 0.76,
    "nav": 0,
    "premium_pct": 0.76,
    "aum_billion": 612.21,
    "is_benchmark": false
  },
  "00992A": {
    "name": "群益科技創新",
    "close": 18.51,
    "open": 18.43,
    "high": 18.65,
    "low": 18.38,
    "volume": 87149615.0,
    "chg_amt": 0.2700000000000031,
    "chg_pct": 1.48,
    "nav": 18.58,
    "premium_pct": -0.38,
    "aum_billion": 468.52,
    "is_benchmark": false
  },
  "00993A": {
    "name": "安聯台灣",
    "close": 13.92,
    "open": 13.93,
    "high": 14.02,
    "low": 13.84,
    "volume": 10261625.0,
    "chg_amt": 0.13000000000000078,
    "chg_pct": 0.94,
    "nav": 13.98,
    "premium_pct": -0.43,
    "aum_billion": 114.61,
    "is_benchmark": false
  },
  "00980A": {
    "name": "野村臺灣優選",
    "close": 24.6,
    "open": 24.67,
    "high": 24.77,
    "low": 24.5,
    "volume": 7551023.0,
    "chg_amt": 0.13000000000000256,
    "chg_pct": 0.53,
    "nav": 24.73,
    "premium_pct": -0.53,
    "aum_billion": 179.47,
    "is_benchmark": false
  },
  "00985A": {
    "name": "野村台灣50",
    "close": 22.08,
    "open": 22.09,
    "high": 22.18,
    "low": 22.0,
    "volume": 3394522.0,
    "chg_amt": 0.09999999999999787,
    "chg_pct": 0.45,
    "nav": 22.2,
    "premium_pct": -0.54,
    "aum_billion": 108.52,
    "is_benchmark": false
  },
  "00995A": {
    "name": "中信台灣卓越",
    "close": 17.96,
    "open": 18.07,
    "high": 18.21,
    "low": 17.93,
    "volume": 6849467.0,
    "chg_amt": 0.08999999999999986,
    "chg_pct": 0.5,
    "nav": 18.06,
    "premium_pct": -0.55,
    "aum_billion": 57.34,
    "is_benchmark": false
  },
  "00984A": {
    "name": "安聯台灣高息",
    "close": 16.26,
    "open": 16.38,
    "high": 16.45,
    "low": 16.26,
    "volume": 5564018.0,
    "chg_amt": 0.020000000000003126,
    "chg_pct": 0.12,
    "nav": 16.29,
    "premium_pct": -0.18,
    "aum_billion": 76.31,
    "is_benchmark": false
  },
  "00987A": {
    "name": "台新優勢成長",
    "close": 17.27,
    "open": 17.25,
    "high": 17.4,
    "low": 17.16,
    "volume": 5393980.0,
    "chg_amt": 0.23999999999999844,
    "chg_pct": 1.41,
    "nav": 17.37,
    "premium_pct": -0.58,
    "aum_billion": 32.36,
    "is_benchmark": false
  },
  "00994A": {
    "name": "第一金台股優",
    "close": 18.23,
    "open": 18.28,
    "high": 18.36,
    "low": 18.09,
    "volume": 8734636.0,
    "chg_amt": 0.1700000000000017,
    "chg_pct": 0.94,
    "nav": 18.27,
    "premium_pct": -0.22,
    "aum_billion": 56.21,
    "is_benchmark": false
  },
  "00996A": {
    "name": "兆豐台灣豐收",
    "close": 15.39,
    "open": 15.55,
    "high": 15.62,
    "low": 15.39,
    "volume": 9633735.0,
    "chg_amt": 0.009999999999999787,
    "chg_pct": 0.07,
    "nav": 15.5,
    "premium_pct": -0.71,
    "aum_billion": 50.24,
    "is_benchmark": false
  },
  "00400A": {
    "name": "國泰動能高息",
    "close": 14.72,
    "open": 14.83,
    "high": 14.86,
    "low": 14.7,
    "volume": 40073989.0,
    "chg_amt": 0.08999999999999986,
    "chg_pct": 0.62,
    "nav": 14.8,
    "premium_pct": -0.54,
    "aum_billion": 220.27,
    "is_benchmark": false
  },
  "00401A": {
    "name": "摩根台灣鑫收",
    "close": 13.77,
    "open": 13.83,
    "high": 13.83,
    "low": 13.71,
    "volume": 4292715.0,
    "chg_amt": 0.07000000000000028,
    "chg_pct": 0.51,
    "nav": 13.81,
    "premium_pct": -0.29,
    "aum_billion": 35.42,
    "is_benchmark": false
  },
  "00999A": {
    "name": "主動野村臺灣高息",
    "close": 11.13,
    "open": 11.19,
    "high": 11.2,
    "low": 11.11,
    "volume": 30795704.0,
    "chg_amt": 0.010000000000001563,
    "chg_pct": 0.09,
    "nav": 11.2,
    "premium_pct": -0.62,
    "aum_billion": 157.03,
    "is_benchmark": false
  },
  "00988A": {
    "name": "主動統一全球創新",
    "close": 22.68,
    "open": 22.7,
    "high": 22.8,
    "low": 22.34,
    "volume": 114378852.0,
    "chg_amt": 0.3200000000000003,
    "chg_pct": 1.43,
    "nav": 22.36,
    "premium_pct": 1.43,
    "aum_billion": 545.02,
    "is_benchmark": false
  },
  "00403A": {
    "name": "主動統一升級50",
    "close": 10.7,
    "open": 10.74,
    "high": 10.77,
    "low": 10.66,
    "volume": 588302940.0,
    "chg_amt": 0.08999999999999986,
    "chg_pct": 0.85,
    "nav": 10.79,
    "premium_pct": -0.83,
    "aum_billion": 1829.31,
    "is_benchmark": false
  },
  "00405A": {
    "name": "主動富邦台灣龍耀",
    "close": 9.37,
    "open": 9.42,
    "high": 9.49,
    "low": 9.34,
    "volume": 112738384.0,
    "chg_amt": 0.02999999999999936,
    "chg_pct": 0.32,
    "nav": 9.4,
    "premium_pct": -0.32,
    "aum_billion": 228.66,
    "is_benchmark": false
  },
  "0050": {
    "name": "元大台灣50",
    "close": 105.9,
    "open": 106.05,
    "high": 106.05,
    "low": 104.85,
    "volume": 70824506.0,
    "chg_amt": 0.6500000000000057,
    "chg_pct": 0.62,
    "nav": 106.42,
    "premium_pct": -0.49,
    "aum_billion": 21380.86,
    "is_benchmark": true
  },
  "00631L": {
    "name": "元大台灣50正2",
    "close": 37.31,
    "open": 37.6,
    "high": 37.6,
    "low": 36.78,
    "volume": 210802876.0,
    "chg_amt": 0.240000000000002,
    "chg_pct": 0.65,
    "nav": 37.3,
    "premium_pct": 0.03,
    "aum_billion": 2151.55,
    "is_benchmark": true
  },
  "009816": {
    "name": "凱基台灣TOP50",
    "close": 15.51,
    "open": 15.49,
    "high": 15.53,
    "low": 15.36,
    "volume": 124631479.0,
    "chg_amt": 0.129999999999999,
    "chg_pct": 0.85,
    "nav": 15.55,
    "premium_pct": -0.26,
    "aum_billion": 1491.63,
    "is_benchmark": true
  },
  "00830": {
    "name": "國泰費城半導體",
    "close": 98.45,
    "open": 98.55,
    "high": 98.55,
    "low": 97.75,
    "volume": 8784547.0,
    "chg_amt": 0.0,
    "chg_pct": 0.0,
    "nav": 98.66,
    "premium_pct": -0.21,
    "aum_billion": 650.42,
    "is_benchmark": true
  },
  "00878": {
    "name": "國泰永續高股息",
    "close": 32.91,
    "open": 32.78,
    "high": 32.98,
    "low": 32.65,
    "volume": 50358469.0,
    "chg_amt": 0.29999999999999716,
    "chg_pct": 0.92,
    "nav": 33.09,
    "premium_pct": -0.54,
    "aum_billion": 6059.3,
    "is_benchmark": true
  },
  "00919": {
    "name": "群益台灣精選高息",
    "close": 29.97,
    "open": 29.94,
    "high": 30.05,
    "low": 29.69,
    "volume": 179621484.0,
    "chg_amt": -0.7200000000000024,
    "chg_pct": -2.35,
    "nav": 30.02,
    "premium_pct": -0.17,
    "aum_billion": 5507.62,
    "is_benchmark": true
  }
}