{
  "00981A": {
    "name": "統一台股增長",
    "close": 27.72,
    "open": 26.32,
    "high": 27.72,
    "low": 26.32,
    "volume": 199589009.0,
    "chg_amt": 1.8200000000000003,
    "chg_pct": 7.03,
    "nav": 25.85,
    "premium_pct": 7.23,
    "aum_billion": 2508.1,
    "is_benchmark": false
  },
  "00982A": {
    "name": "群益台灣強棒",
    "close": 22.07,
    "open": 21.39,
    "high": 22.07,
    "low": 21.39,
    "volume": 18749577.0,
    "chg_amt": 0.990000000000002,
    "chg_pct": 4.7,
    "nav": 21.04,
    "premium_pct": 4.9,
    "aum_billion": 464.28,
    "is_benchmark": false
  },
  "00991A": {
    "name": "復華未來50",
    "close": 16.71,
    "open": 16.09,
    "high": 16.71,
    "low": 16.08,
    "volume": 101971765.0,
    "chg_amt": 0.21000000000000085,
    "chg_pct": 1.27,
    "nav": 16.44,
    "premium_pct": 1.64,
    "aum_billion": 728.87,
    "is_benchmark": false
  },
  "00992A": {
    "name": "群益科技創新",
    "close": 15.72,
    "open": 15.06,
    "high": 15.72,
    "low": 15.06,
    "volume": 32718274.0,
    "chg_amt": 0.8500000000000014,
    "chg_pct": 5.72,
    "nav": 14.87,
    "premium_pct": 5.72,
    "aum_billion": 360.26,
    "is_benchmark": false
  },
  "00993A": {
    "name": "安聯台灣",
    "close": 12.36,
    "open": 11.87,
    "high": 12.38,
    "low": 11.87,
    "volume": 10943232.0,
    "chg_amt": 0.7099999999999991,
    "chg_pct": 6.09,
    "nav": 11.7,
    "premium_pct": 5.64,
    "aum_billion": 91.77,
    "is_benchmark": false
  },
  "00980A": {
    "name": "野村臺灣優選",
    "close": 22.26,
    "open": 21.38,
    "high": 22.29,
    "low": 21.38,
    "volume": 9736692.0,
    "chg_amt": 1.1300000000000026,
    "chg_pct": 5.35,
    "nav": 21.05,
    "premium_pct": 5.75,
    "aum_billion": 149.05,
    "is_benchmark": false
  },
  "00985A": {
    "name": "野村台灣50",
    "close": 20.74,
    "open": 20.3,
    "high": 20.75,
    "low": 20.3,
    "volume": 2054057.0,
    "chg_amt": 0.7099999999999973,
    "chg_pct": 3.54,
    "nav": 20.01,
    "premium_pct": 3.65,
    "aum_billion": 93.99,
    "is_benchmark": false
  },
  "00995A": {
    "name": "中信台灣卓越",
    "close": 16.08,
    "open": 15.37,
    "high": 16.09,
    "low": 15.37,
    "volume": 3793758.0,
    "chg_amt": 0.9999999999999982,
    "chg_pct": 6.63,
    "nav": 15.06,
    "premium_pct": 6.77,
    "aum_billion": 45.18,
    "is_benchmark": false
  },
  "00984A": {
    "name": "安聯台灣高息",
    "close": 14.86,
    "open": 14.58,
    "high": 14.9,
    "low": 14.58,
    "volume": 5899960.0,
    "chg_amt": 0.3899999999999988,
    "chg_pct": 2.7,
    "nav": 14.43,
    "premium_pct": 2.98,
    "aum_billion": 92.37,
    "is_benchmark": false
  },
  "00987A": {
    "name": "台新優勢成長",
    "close": 14.47,
    "open": 13.76,
    "high": 14.47,
    "low": 13.76,
    "volume": 2250788.0,
    "chg_amt": 0.9199999999999999,
    "chg_pct": 6.79,
    "nav": 13.55,
    "premium_pct": 6.79,
    "aum_billion": 23.67,
    "is_benchmark": false
  },
  "00994A": {
    "name": "第一金台股優",
    "close": 15.72,
    "open": 15.1,
    "high": 15.72,
    "low": 15.1,
    "volume": 3840210.0,
    "chg_amt": 0.9900000000000002,
    "chg_pct": 6.72,
    "nav": 14.83,
    "premium_pct": 6.0,
    "aum_billion": 45.25,
    "is_benchmark": false
  },
  "00996A": {
    "name": "兆豐台灣豐收",
    "close": 13.47,
    "open": 12.9,
    "high": 13.52,
    "low": 12.9,
    "volume": 6979931.0,
    "chg_amt": 0.8200000000000003,
    "chg_pct": 6.48,
    "nav": 12.72,
    "premium_pct": 5.9,
    "aum_billion": 40.9,
    "is_benchmark": false
  },
  "00400A": {
    "name": "國泰動能高息",
    "close": 13.43,
    "open": 12.92,
    "high": 13.45,
    "low": 12.92,
    "volume": 36108625.0,
    "chg_amt": 0.7099999999999991,
    "chg_pct": 5.58,
    "nav": 12.7,
    "premium_pct": 5.75,
    "aum_billion": 244.83,
    "is_benchmark": false
  },
  "00401A": {
    "name": "摩根台灣鑫收",
    "close": 12.86,
    "open": 12.5,
    "high": 12.87,
    "low": 12.5,
    "volume": 4777215.0,
    "chg_amt": 0.5399999999999991,
    "chg_pct": 4.38,
    "nav": 12.35,
    "premium_pct": 4.13,
    "aum_billion": 30.0,
    "is_benchmark": false
  },
  "00999A": {
    "name": "主動野村臺灣高息",
    "close": 10.32,
    "open": 10.0,
    "high": 10.32,
    "low": 10.0,
    "volume": 8641468.0,
    "chg_amt": 0.4399999999999995,
    "chg_pct": 4.45,
    "nav": 9.87,
    "premium_pct": 4.56,
    "aum_billion": 119.1,
    "is_benchmark": false
  },
  "00988A": {
    "name": "主動統一全球創新",
    "close": 17.2,
    "open": 16.6,
    "high": 17.24,
    "low": 16.57,
    "volume": 51167236.0,
    "chg_amt": 0.6400000000000006,
    "chg_pct": 3.86,
    "nav": 16.44,
    "premium_pct": 4.62,
    "aum_billion": 552.66,
    "is_benchmark": false
  },
  "00403A": {
    "name": "主動統一升級50",
    "close": 9.75,
    "open": 9.41,
    "high": 9.76,
    "low": 9.41,
    "volume": 223287368.0,
    "chg_amt": 0.47000000000000064,
    "chg_pct": 5.06,
    "nav": 9.26,
    "premium_pct": 5.29,
    "aum_billion": 1556.72,
    "is_benchmark": false
  },
  "00405A": {
    "name": "主動富邦台灣龍耀",
    "close": 8.0,
    "open": 7.69,
    "high": 8.02,
    "low": 7.68,
    "volume": 71519640.0,
    "chg_amt": 0.4400000000000004,
    "chg_pct": 5.82,
    "nav": 7.56,
    "premium_pct": 5.82,
    "aum_billion": 249.97,
    "is_benchmark": false
  },
  "0050": {
    "name": "元大台灣50",
    "close": 102.5,
    "open": 100.0,
    "high": 102.5,
    "low": 99.85,
    "volume": 95733411.0,
    "chg_amt": 3.299999999999997,
    "chg_pct": 3.33,
    "nav": 98.89,
    "premium_pct": 3.65,
    "aum_billion": 21124.02,
    "is_benchmark": true
  },
  "00631L": {
    "name": "元大台灣50正2",
    "close": 34.34,
    "open": 32.87,
    "high": 34.34,
    "low": 32.86,
    "volume": 204454943.0,
    "chg_amt": 2.280000000000001,
    "chg_pct": 7.11,
    "nav": 31.93,
    "premium_pct": 7.55,
    "aum_billion": 2368.18,
    "is_benchmark": true
  },
  "009816": {
    "name": "凱基台灣TOP50",
    "close": 14.76,
    "open": 14.33,
    "high": 14.76,
    "low": 14.33,
    "volume": 127043905.0,
    "chg_amt": 0.6199999999999992,
    "chg_pct": 4.38,
    "nav": 14.11,
    "premium_pct": 4.61,
    "aum_billion": 1604.63,
    "is_benchmark": true
  },
  "00830": {
    "name": "國泰費城半導體",
    "close": 86.1,
    "open": 84.65,
    "high": 86.3,
    "low": 84.65,
    "volume": 5197229.0,
    "chg_amt": 1.4499999999999886,
    "chg_pct": 1.71,
    "nav": 84.01,
    "premium_pct": 2.49,
    "aum_billion": 660.64,
    "is_benchmark": true
  },
  "00878": {
    "name": "國泰永續高股息",
    "close": 32.05,
    "open": 31.5,
    "high": 32.1,
    "low": 31.5,
    "volume": 21070038.0,
    "chg_amt": 0.6899999999999977,
    "chg_pct": 2.2,
    "nav": 31.31,
    "premium_pct": 2.36,
    "aum_billion": 5743.0,
    "is_benchmark": true
  },
  "00919": {
    "name": "群益台灣精選高息",
    "close": 29.0,
    "open": 28.69,
    "high": 29.03,
    "low": 28.69,
    "volume": 41591001.0,
    "chg_amt": 0.4499999999999993,
    "chg_pct": 1.58,
    "nav": 28.51,
    "premium_pct": 1.72,
    "aum_billion": 5174.87,
    "is_benchmark": true
  }
}