{
  "00981A": {
    "name": "統一台股增長",
    "close": 28.95,
    "open": 28.88,
    "high": 29.2,
    "low": 28.5,
    "volume": 123909143.0,
    "chg_amt": -0.4299999999999997,
    "chg_pct": -1.46,
    "nav": 28.87,
    "premium_pct": 0.28,
    "aum_billion": 2742.3,
    "is_benchmark": false
  },
  "00982A": {
    "name": "群益台灣強棒",
    "close": 23.57,
    "open": 23.41,
    "high": 23.75,
    "low": 23.1,
    "volume": 15360143.0,
    "chg_amt": -0.10000000000000142,
    "chg_pct": -0.42,
    "nav": 23.67,
    "premium_pct": -0.42,
    "aum_billion": 510.69,
    "is_benchmark": false
  },
  "00991A": {
    "name": "復華未來50",
    "close": 18.53,
    "open": 18.74,
    "high": 18.81,
    "low": 18.43,
    "volume": 135037086.0,
    "chg_amt": -0.5999999999999979,
    "chg_pct": -3.14,
    "nav": 19.08,
    "premium_pct": -2.88,
    "aum_billion": 785.21,
    "is_benchmark": false
  },
  "00992A": {
    "name": "群益科技創新",
    "close": 16.75,
    "open": 16.87,
    "high": 17.06,
    "low": 16.57,
    "volume": 30900412.0,
    "chg_amt": -0.7399999999999984,
    "chg_pct": -4.23,
    "nav": 17.47,
    "premium_pct": -4.12,
    "aum_billion": 414.96,
    "is_benchmark": false
  },
  "00993A": {
    "name": "安聯台灣",
    "close": 13.0,
    "open": 13.08,
    "high": 13.11,
    "low": 12.83,
    "volume": 3253978.0,
    "chg_amt": -0.1999999999999993,
    "chg_pct": -1.52,
    "nav": 13.24,
    "premium_pct": -1.81,
    "aum_billion": 103.84,
    "is_benchmark": false
  },
  "00980A": {
    "name": "野村臺灣優選",
    "close": 23.1,
    "open": 23.02,
    "high": 23.24,
    "low": 22.69,
    "volume": 5947865.0,
    "chg_amt": -0.28999999999999915,
    "chg_pct": -1.24,
    "nav": 23.38,
    "premium_pct": -1.2,
    "aum_billion": 164.56,
    "is_benchmark": false
  },
  "00985A": {
    "name": "野村台灣50",
    "close": 21.6,
    "open": 21.51,
    "high": 21.7,
    "low": 21.25,
    "volume": 2465371.0,
    "chg_amt": -0.09999999999999787,
    "chg_pct": -0.46,
    "nav": 21.7,
    "premium_pct": -0.46,
    "aum_billion": 101.62,
    "is_benchmark": false
  },
  "00995A": {
    "name": "中信台灣卓越",
    "close": 16.77,
    "open": 16.83,
    "high": 16.94,
    "low": 16.53,
    "volume": 3796161.0,
    "chg_amt": -0.3000000000000007,
    "chg_pct": -1.76,
    "nav": 17.05,
    "premium_pct": -1.64,
    "aum_billion": 50.56,
    "is_benchmark": false
  },
  "00984A": {
    "name": "安聯台灣高息",
    "close": 15.62,
    "open": 15.75,
    "high": 15.8,
    "low": 15.58,
    "volume": 12292562.0,
    "chg_amt": -0.6800000000000015,
    "chg_pct": -4.17,
    "nav": 16.25,
    "premium_pct": -3.88,
    "aum_billion": 100.03,
    "is_benchmark": false
  },
  "00987A": {
    "name": "台新優勢成長",
    "close": 15.24,
    "open": 15.4,
    "high": 15.43,
    "low": 15.13,
    "volume": 1674130.0,
    "chg_amt": -0.41000000000000014,
    "chg_pct": -2.62,
    "nav": 15.68,
    "premium_pct": -2.81,
    "aum_billion": 26.59,
    "is_benchmark": false
  },
  "00994A": {
    "name": "第一金台股優",
    "close": 16.58,
    "open": 16.6,
    "high": 16.71,
    "low": 16.4,
    "volume": 2571651.0,
    "chg_amt": -0.360000000000003,
    "chg_pct": -2.13,
    "nav": 16.94,
    "premium_pct": -2.13,
    "aum_billion": 49.84,
    "is_benchmark": false
  },
  "00996A": {
    "name": "兆豐台灣豐收",
    "close": 14.42,
    "open": 14.53,
    "high": 14.64,
    "low": 14.38,
    "volume": 4269037.0,
    "chg_amt": -0.3800000000000008,
    "chg_pct": -2.57,
    "nav": 14.82,
    "premium_pct": -2.7,
    "aum_billion": 47.63,
    "is_benchmark": false
  },
  "00400A": {
    "name": "國泰動能高息",
    "close": 13.99,
    "open": 13.93,
    "high": 14.14,
    "low": 13.76,
    "volume": 23973273.0,
    "chg_amt": -0.16000000000000014,
    "chg_pct": -1.13,
    "nav": 14.13,
    "premium_pct": -0.99,
    "aum_billion": 266.52,
    "is_benchmark": false
  },
  "00401A": {
    "name": "摩根台灣鑫收",
    "close": 13.32,
    "open": 13.35,
    "high": 13.35,
    "low": 13.11,
    "volume": 2121901.0,
    "chg_amt": -0.03999999999999915,
    "chg_pct": -0.3,
    "nav": 13.37,
    "premium_pct": -0.37,
    "aum_billion": 32.2,
    "is_benchmark": false
  },
  "00999A": {
    "name": "主動野村臺灣高息",
    "close": 10.54,
    "open": 10.48,
    "high": 10.59,
    "low": 10.37,
    "volume": 6236563.0,
    "chg_amt": -0.0600000000000005,
    "chg_pct": -0.57,
    "nav": 10.63,
    "premium_pct": -0.85,
    "aum_billion": 129.31,
    "is_benchmark": false
  },
  "00988A": {
    "name": "主動統一全球創新",
    "close": 18.21,
    "open": 18.33,
    "high": 18.33,
    "low": 18.08,
    "volume": 85012312.0,
    "chg_amt": -1.0,
    "chg_pct": -5.21,
    "nav": 18.59,
    "premium_pct": -2.04,
    "aum_billion": 605.51,
    "is_benchmark": false
  },
  "00403A": {
    "name": "主動統一升級50",
    "close": 10.28,
    "open": 10.25,
    "high": 10.37,
    "low": 10.14,
    "volume": 182317095.0,
    "chg_amt": -0.13000000000000078,
    "chg_pct": -1.25,
    "nav": 10.43,
    "premium_pct": -1.44,
    "aum_billion": 1645.43,
    "is_benchmark": false
  },
  "00405A": {
    "name": "主動富邦台灣龍耀",
    "close": 8.44,
    "open": 8.47,
    "high": 8.57,
    "low": 8.34,
    "volume": 49410093.0,
    "chg_amt": -0.17999999999999972,
    "chg_pct": -2.09,
    "nav": 8.61,
    "premium_pct": -1.97,
    "aum_billion": 268.12,
    "is_benchmark": false
  },
  "0050": {
    "name": "元大台灣50",
    "close": 106.4,
    "open": 105.35,
    "high": 106.75,
    "low": 104.55,
    "volume": 73088988.0,
    "chg_amt": 0.10000000000000853,
    "chg_pct": 0.09,
    "nav": 105.87,
    "premium_pct": 0.5,
    "aum_billion": 22308.85,
    "is_benchmark": true
  },
  "00631L": {
    "name": "元大台灣50正2",
    "close": 37.19,
    "open": 36.46,
    "high": 37.32,
    "low": 35.94,
    "volume": 189403908.0,
    "chg_amt": 0.14999999999999858,
    "chg_pct": 0.4,
    "nav": 37.08,
    "premium_pct": 0.3,
    "aum_billion": 2568.12,
    "is_benchmark": true
  },
  "009816": {
    "name": "凱基台灣TOP50",
    "close": 15.29,
    "open": 15.16,
    "high": 15.36,
    "low": 15.03,
    "volume": 126909803.0,
    "chg_amt": 0.0,
    "chg_pct": 0.0,
    "nav": 15.23,
    "premium_pct": 0.39,
    "aum_billion": 1652.63,
    "is_benchmark": true
  },
  "00830": {
    "name": "國泰費城半導體",
    "close": 89.05,
    "open": 88.5,
    "high": 89.05,
    "low": 87.8,
    "volume": 10955355.0,
    "chg_amt": -2.950000000000003,
    "chg_pct": -3.21,
    "nav": 88.51,
    "premium_pct": 0.61,
    "aum_billion": 701.73,
    "is_benchmark": true
  },
  "00878": {
    "name": "國泰永續高股息",
    "close": 32.95,
    "open": 32.88,
    "high": 33.05,
    "low": 32.66,
    "volume": 26702607.0,
    "chg_amt": -0.259999999999998,
    "chg_pct": -0.78,
    "nav": 33.21,
    "premium_pct": -0.78,
    "aum_billion": 6090.38,
    "is_benchmark": true
  },
  "00919": {
    "name": "群益台灣精選高息",
    "close": 29.55,
    "open": 29.54,
    "high": 29.6,
    "low": 29.29,
    "volume": 57762322.0,
    "chg_amt": -0.21999999999999886,
    "chg_pct": -0.74,
    "nav": 29.79,
    "premium_pct": -0.81,
    "aum_billion": 5389.77,
    "is_benchmark": true
  }
}