{
  "00981A": {
    "name": "統一台股增長",
    "close": 29.95,
    "open": 29.91,
    "high": 30.54,
    "low": 29.78,
    "volume": 128841334.0,
    "chg_amt": 0.1999999999999993,
    "chg_pct": 0.67,
    "nav": 29.87,
    "premium_pct": 0.27,
    "aum_billion": 2734.19,
    "is_benchmark": false
  },
  "00982A": {
    "name": "群益台灣強棒",
    "close": 24.02,
    "open": 23.93,
    "high": 24.47,
    "low": 23.88,
    "volume": 17751984.0,
    "chg_amt": 0.19000000000000128,
    "chg_pct": 0.8,
    "nav": 24.0,
    "premium_pct": 0.08,
    "aum_billion": 512.87,
    "is_benchmark": false
  },
  "00991A": {
    "name": "復華未來50",
    "close": 19.51,
    "open": 19.31,
    "high": 19.89,
    "low": 19.2,
    "volume": 80703742.0,
    "chg_amt": 0.41000000000000014,
    "chg_pct": 2.15,
    "nav": 19.41,
    "premium_pct": 0.52,
    "aum_billion": 737.56,
    "is_benchmark": false
  },
  "00992A": {
    "name": "群益科技創新",
    "close": 17.83,
    "open": 17.85,
    "high": 18.22,
    "low": 17.81,
    "volume": 23444793.0,
    "chg_amt": 0.17999999999999972,
    "chg_pct": 1.02,
    "nav": 17.82,
    "premium_pct": 0.06,
    "aum_billion": 415.01,
    "is_benchmark": false
  },
  "00993A": {
    "name": "安聯台灣",
    "close": 13.34,
    "open": 13.37,
    "high": 13.66,
    "low": 13.31,
    "volume": 10471192.0,
    "chg_amt": 0.05000000000000071,
    "chg_pct": 0.38,
    "nav": 13.39,
    "premium_pct": -0.37,
    "aum_billion": 105.01,
    "is_benchmark": false
  },
  "00980A": {
    "name": "野村臺灣優選",
    "close": 23.64,
    "open": 23.59,
    "high": 24.13,
    "low": 23.55,
    "volume": 8013574.0,
    "chg_amt": 0.1700000000000017,
    "chg_pct": 0.72,
    "nav": 23.66,
    "premium_pct": -0.08,
    "aum_billion": 165.6,
    "is_benchmark": false
  },
  "00985A": {
    "name": "野村台灣50",
    "close": 21.69,
    "open": 21.61,
    "high": 22.06,
    "low": 21.61,
    "volume": 3581081.0,
    "chg_amt": 0.1700000000000017,
    "chg_pct": 0.79,
    "nav": 21.74,
    "premium_pct": -0.23,
    "aum_billion": 101.31,
    "is_benchmark": false
  },
  "00995A": {
    "name": "中信台灣卓越",
    "close": 17.3,
    "open": 17.28,
    "high": 17.69,
    "low": 17.2,
    "volume": 4905622.0,
    "chg_amt": 0.19000000000000128,
    "chg_pct": 1.11,
    "nav": 17.32,
    "premium_pct": -0.12,
    "aum_billion": 51.09,
    "is_benchmark": false
  },
  "00984A": {
    "name": "安聯台灣高息",
    "close": 16.3,
    "open": 16.36,
    "high": 16.56,
    "low": 16.24,
    "volume": 15153463.0,
    "chg_amt": 0.0,
    "chg_pct": 0.0,
    "nav": 16.24,
    "premium_pct": 0.37,
    "aum_billion": 91.86,
    "is_benchmark": false
  },
  "00987A": {
    "name": "台新優勢成長",
    "close": 16.06,
    "open": 16.1,
    "high": 16.48,
    "low": 16.05,
    "volume": 2339473.0,
    "chg_amt": 0.11999999999999922,
    "chg_pct": 0.75,
    "nav": 16.06,
    "premium_pct": 0,
    "aum_billion": 27.29,
    "is_benchmark": false
  },
  "00994A": {
    "name": "第一金台股優",
    "close": 17.09,
    "open": 16.96,
    "high": 17.42,
    "low": 16.94,
    "volume": 5029508.0,
    "chg_amt": 0.23999999999999844,
    "chg_pct": 1.42,
    "nav": 17.09,
    "premium_pct": 0,
    "aum_billion": 50.23,
    "is_benchmark": false
  },
  "00996A": {
    "name": "兆豐台灣豐收",
    "close": 15.04,
    "open": 14.92,
    "high": 15.35,
    "low": 14.87,
    "volume": 6408187.0,
    "chg_amt": 0.23999999999999844,
    "chg_pct": 1.62,
    "nav": 15.06,
    "premium_pct": -0.13,
    "aum_billion": 47.82,
    "is_benchmark": false
  },
  "00400A": {
    "name": "國泰動能高息",
    "close": 14.25,
    "open": 14.29,
    "high": 14.51,
    "low": 14.2,
    "volume": 34113465.0,
    "chg_amt": -0.03999999999999915,
    "chg_pct": -0.28,
    "nav": 14.2,
    "premium_pct": 0.35,
    "aum_billion": 257.73,
    "is_benchmark": false
  },
  "00401A": {
    "name": "摩根台灣鑫收",
    "close": 13.38,
    "open": 13.27,
    "high": 13.55,
    "low": 13.1,
    "volume": 6538409.0,
    "chg_amt": 0.11000000000000121,
    "chg_pct": 0.83,
    "nav": 13.41,
    "premium_pct": -0.22,
    "aum_billion": 32.12,
    "is_benchmark": false
  },
  "00999A": {
    "name": "主動野村臺灣高息",
    "close": 10.7,
    "open": 10.71,
    "high": 10.85,
    "low": 10.66,
    "volume": 9746893.0,
    "chg_amt": 0.06999999999999851,
    "chg_pct": 0.66,
    "nav": 10.73,
    "premium_pct": -0.28,
    "aum_billion": 131.57,
    "is_benchmark": false
  },
  "00988A": {
    "name": "主動統一全球創新",
    "close": 19.17,
    "open": 19.37,
    "high": 19.51,
    "low": 19.1,
    "volume": 51651959.0,
    "chg_amt": 0.020000000000003126,
    "chg_pct": 0.1,
    "nav": 18.93,
    "premium_pct": 1.27,
    "aum_billion": 586.31,
    "is_benchmark": false
  },
  "00403A": {
    "name": "主動統一升級50",
    "close": 10.48,
    "open": 10.45,
    "high": 10.66,
    "low": 10.42,
    "volume": 163473334.0,
    "chg_amt": 0.07000000000000028,
    "chg_pct": 0.67,
    "nav": 10.47,
    "premium_pct": 0.1,
    "aum_billion": 1619.33,
    "is_benchmark": false
  },
  "00405A": {
    "name": "主動富邦台灣龍耀",
    "close": 8.77,
    "open": 8.69,
    "high": 8.94,
    "low": 8.63,
    "volume": 91288873.0,
    "chg_amt": 0.1999999999999993,
    "chg_pct": 2.33,
    "nav": 8.75,
    "premium_pct": 0.23,
    "aum_billion": 252.49,
    "is_benchmark": false
  },
  "0050": {
    "name": "元大台灣50",
    "close": 105.8,
    "open": 106.35,
    "high": 107.0,
    "low": 105.45,
    "volume": 56650627.0,
    "chg_amt": -0.25,
    "chg_pct": -0.24,
    "nav": 105.26,
    "premium_pct": 0.51,
    "aum_billion": 22256.28,
    "is_benchmark": true
  },
  "00631L": {
    "name": "元大台灣50正2",
    "close": 36.78,
    "open": 37.29,
    "high": 37.7,
    "low": 36.59,
    "volume": 196478778.0,
    "chg_amt": -0.35999999999999943,
    "chg_pct": -0.97,
    "nav": 36.83,
    "premium_pct": -0.14,
    "aum_billion": 2448.16,
    "is_benchmark": true
  },
  "009816": {
    "name": "凱基台灣TOP50",
    "close": 15.23,
    "open": 15.31,
    "high": 15.44,
    "low": 15.2,
    "volume": 91298492.0,
    "chg_amt": -0.02999999999999936,
    "chg_pct": -0.2,
    "nav": 15.17,
    "premium_pct": 0.4,
    "aum_billion": 1609.41,
    "is_benchmark": true
  },
  "00830": {
    "name": "國泰費城半導體",
    "close": 90.0,
    "open": 89.75,
    "high": 90.3,
    "low": 89.15,
    "volume": 7961335.0,
    "chg_amt": 1.4500000000000028,
    "chg_pct": 1.64,
    "nav": 89.52,
    "premium_pct": 0.54,
    "aum_billion": 663.62,
    "is_benchmark": true
  },
  "00878": {
    "name": "國泰永續高股息",
    "close": 33.19,
    "open": 33.29,
    "high": 33.39,
    "low": 32.99,
    "volume": 23796926.0,
    "chg_amt": -0.010000000000005116,
    "chg_pct": -0.03,
    "nav": 33.26,
    "premium_pct": -0.21,
    "aum_billion": 6124.54,
    "is_benchmark": true
  },
  "00919": {
    "name": "群益台灣精選高息",
    "close": 29.97,
    "open": 30.06,
    "high": 30.1,
    "low": 29.68,
    "volume": 61544656.0,
    "chg_amt": 0.029999999999997584,
    "chg_pct": 0.1,
    "nav": 29.92,
    "premium_pct": 0.17,
    "aum_billion": 5443.17,
    "is_benchmark": true
  }
}