{
  "00981A": {
    "name": "統一台股增長",
    "close": 31.5,
    "open": 31.19,
    "high": 31.5,
    "low": 31.13,
    "volume": 244223683.0,
    "chg_amt": 0.620000000000001,
    "chg_pct": 2.01,
    "nav": 31.63,
    "premium_pct": -0.41,
    "aum_billion": 2920.33,
    "is_benchmark": false
  },
  "00982A": {
    "name": "群益台灣強棒",
    "close": 24.83,
    "open": 24.43,
    "high": 24.83,
    "low": 24.41,
    "volume": 42977679.0,
    "chg_amt": 0.6899999999999977,
    "chg_pct": 2.86,
    "nav": 24.95,
    "premium_pct": -0.48,
    "aum_billion": 531.08,
    "is_benchmark": false
  },
  "00991A": {
    "name": "復華未來50",
    "close": 20.68,
    "open": 20.29,
    "high": 20.68,
    "low": 20.19,
    "volume": 98442070.0,
    "chg_amt": 0.6600000000000001,
    "chg_pct": 3.3,
    "nav": 20.64,
    "premium_pct": 0.19,
    "aum_billion": 625.67,
    "is_benchmark": false
  },
  "00992A": {
    "name": "群益科技創新",
    "close": 18.98,
    "open": 18.83,
    "high": 19.0,
    "low": 18.74,
    "volume": 75683429.0,
    "chg_amt": 0.33000000000000185,
    "chg_pct": 1.77,
    "nav": 18.76,
    "premium_pct": 1.17,
    "aum_billion": 468.95,
    "is_benchmark": false
  },
  "00993A": {
    "name": "安聯台灣",
    "close": 14.29,
    "open": 14.15,
    "high": 14.29,
    "low": 14.14,
    "volume": 13754987.0,
    "chg_amt": 0.29999999999999893,
    "chg_pct": 2.14,
    "nav": 14.03,
    "premium_pct": 1.85,
    "aum_billion": 114.06,
    "is_benchmark": false
  },
  "00980A": {
    "name": "野村臺灣優選",
    "close": 25.05,
    "open": 24.97,
    "high": 25.07,
    "low": 24.86,
    "volume": 9098564.0,
    "chg_amt": 0.35999999999999943,
    "chg_pct": 1.46,
    "nav": 25.16,
    "premium_pct": -0.44,
    "aum_billion": 179.12,
    "is_benchmark": false
  },
  "00985A": {
    "name": "野村台灣50",
    "close": 22.47,
    "open": 22.37,
    "high": 22.53,
    "low": 22.37,
    "volume": 3618179.0,
    "chg_amt": 0.28999999999999915,
    "chg_pct": 1.31,
    "nav": 22.25,
    "premium_pct": 0.99,
    "aum_billion": 108.77,
    "is_benchmark": false
  },
  "00995A": {
    "name": "中信台灣卓越",
    "close": 18.41,
    "open": 18.21,
    "high": 18.45,
    "low": 18.21,
    "volume": 6282015.0,
    "chg_amt": 0.379999999999999,
    "chg_pct": 2.11,
    "nav": 18.13,
    "premium_pct": 1.54,
    "aum_billion": 57.2,
    "is_benchmark": false
  },
  "00984A": {
    "name": "安聯台灣高息",
    "close": 16.93,
    "open": 16.66,
    "high": 16.94,
    "low": 16.66,
    "volume": 7731610.0,
    "chg_amt": 0.370000000000001,
    "chg_pct": 2.23,
    "nav": 16.92,
    "premium_pct": 0.06,
    "aum_billion": 77.53,
    "is_benchmark": false
  },
  "00987A": {
    "name": "台新優勢成長",
    "close": 17.83,
    "open": 17.55,
    "high": 17.83,
    "low": 17.55,
    "volume": 5297259.0,
    "chg_amt": 0.46999999999999886,
    "chg_pct": 2.71,
    "nav": 17.44,
    "premium_pct": 2.24,
    "aum_billion": 32.47,
    "is_benchmark": false
  },
  "00994A": {
    "name": "第一金台股優",
    "close": 18.07,
    "open": 18.0,
    "high": 18.11,
    "low": 17.94,
    "volume": 8667797.0,
    "chg_amt": -0.23000000000000043,
    "chg_pct": -1.26,
    "nav": 18.29,
    "premium_pct": -1.2,
    "aum_billion": 58.11,
    "is_benchmark": false
  },
  "00996A": {
    "name": "兆豐台灣豐收",
    "close": 16.06,
    "open": 15.76,
    "high": 16.06,
    "low": 15.66,
    "volume": 14744580.0,
    "chg_amt": 0.46999999999999886,
    "chg_pct": 3.01,
    "nav": 16.07,
    "premium_pct": -0.06,
    "aum_billion": 50.87,
    "is_benchmark": false
  },
  "00400A": {
    "name": "國泰動能高息",
    "close": 15.12,
    "open": 15.04,
    "high": 15.12,
    "low": 14.99,
    "volume": 43019553.0,
    "chg_amt": 0.25,
    "chg_pct": 1.68,
    "nav": 14.92,
    "premium_pct": 1.34,
    "aum_billion": 221.56,
    "is_benchmark": false
  },
  "00401A": {
    "name": "摩根台灣鑫收",
    "close": 13.99,
    "open": 13.9,
    "high": 14.04,
    "low": 13.89,
    "volume": 4836099.0,
    "chg_amt": 0.16999999999999993,
    "chg_pct": 1.23,
    "nav": 13.89,
    "premium_pct": 0.72,
    "aum_billion": 34.78,
    "is_benchmark": false
  },
  "00999A": {
    "name": "主動野村臺灣高息",
    "close": 11.31,
    "open": 11.27,
    "high": 11.35,
    "low": 11.27,
    "volume": 29745332.0,
    "chg_amt": 0.120000000000001,
    "chg_pct": 1.07,
    "nav": 11.24,
    "premium_pct": 0.62,
    "aum_billion": 153.83,
    "is_benchmark": false
  },
  "00988A": {
    "name": "主動統一全球創新",
    "close": 22.96,
    "open": 22.89,
    "high": 23.01,
    "low": 22.8,
    "volume": 74997297.0,
    "chg_amt": 0.4400000000000013,
    "chg_pct": 1.95,
    "nav": 22.33,
    "premium_pct": 2.82,
    "aum_billion": 581.99,
    "is_benchmark": false
  },
  "00403A": {
    "name": "主動統一升級50",
    "close": 11.03,
    "open": 10.85,
    "high": 11.03,
    "low": 10.83,
    "volume": 741910645.0,
    "chg_amt": 0.27999999999999936,
    "chg_pct": 2.6,
    "nav": 11.08,
    "premium_pct": -0.45,
    "aum_billion": 1756.22,
    "is_benchmark": false
  },
  "00405A": {
    "name": "主動富邦台灣龍耀",
    "close": 9.64,
    "open": 9.44,
    "high": 9.64,
    "low": 9.43,
    "volume": 126704707.0,
    "chg_amt": 0.25,
    "chg_pct": 2.66,
    "nav": 9.4,
    "premium_pct": 2.55,
    "aum_billion": 230.11,
    "is_benchmark": false
  },
  "0050": {
    "name": "元大台灣50",
    "close": 107.3,
    "open": 107.0,
    "high": 107.45,
    "low": 106.65,
    "volume": 78557448.0,
    "chg_amt": 1.2999999999999972,
    "chg_pct": 1.23,
    "nav": 106.18,
    "premium_pct": 1.05,
    "aum_billion": 21705.15,
    "is_benchmark": true
  },
  "00631L": {
    "name": "元大台灣50正2",
    "close": 38.33,
    "open": 37.98,
    "high": 38.44,
    "low": 37.83,
    "volume": 222547432.0,
    "chg_amt": 0.8200000000000003,
    "chg_pct": 2.19,
    "nav": 37.43,
    "premium_pct": 2.4,
    "aum_billion": 2168.32,
    "is_benchmark": true
  },
  "009816": {
    "name": "凱基台灣TOP50",
    "close": 15.68,
    "open": 15.69,
    "high": 15.74,
    "low": 15.61,
    "volume": 137362350.0,
    "chg_amt": 0.129999999999999,
    "chg_pct": 0.84,
    "nav": 15.66,
    "premium_pct": 0.13,
    "aum_billion": 1510.16,
    "is_benchmark": true
  },
  "00830": {
    "name": "國泰費城半導體",
    "close": 97.0,
    "open": 96.8,
    "high": 97.1,
    "low": 96.25,
    "volume": 7170098.0,
    "chg_amt": 1.4000000000000057,
    "chg_pct": 1.46,
    "nav": 94.39,
    "premium_pct": 2.77,
    "aum_billion": 648.03,
    "is_benchmark": true
  },
  "00878": {
    "name": "國泰永續高股息",
    "close": 33.67,
    "open": 33.45,
    "high": 33.71,
    "low": 33.45,
    "volume": 37481091.0,
    "chg_amt": 0.3999999999999986,
    "chg_pct": 1.2,
    "nav": 33.74,
    "premium_pct": -0.21,
    "aum_billion": 6154.55,
    "is_benchmark": true
  },
  "00919": {
    "name": "群益台灣精選高息",
    "close": 30.81,
    "open": 30.52,
    "high": 30.94,
    "low": 30.51,
    "volume": 172963808.0,
    "chg_amt": 0.4599999999999973,
    "chg_pct": 1.52,
    "nav": 30.85,
    "premium_pct": -0.13,
    "aum_billion": 5528.78,
    "is_benchmark": true
  }
}