{
  "00981A": {
    "name": "統一台股增長",
    "close": 29.91,
    "open": 31.17,
    "high": 31.34,
    "low": 29.89,
    "volume": 360201055.0,
    "chg_amt": -1.5899999999999999,
    "chg_pct": -5.05,
    "nav": 29.84,
    "premium_pct": 0.23,
    "aum_billion": 2927.75,
    "is_benchmark": false
  },
  "00982A": {
    "name": "群益台灣強棒",
    "close": 23.59,
    "open": 24.52,
    "high": 24.67,
    "low": 23.56,
    "volume": 57754978.0,
    "chg_amt": -1.1499999999999986,
    "chg_pct": -4.65,
    "nav": 24.84,
    "premium_pct": -5.03,
    "aum_billion": 537.65,
    "is_benchmark": false
  },
  "00991A": {
    "name": "復華未來50",
    "close": 19.75,
    "open": 20.58,
    "high": 20.89,
    "low": 19.75,
    "volume": 194226129.0,
    "chg_amt": -0.9499999999999993,
    "chg_pct": -4.59,
    "nav": 20.72,
    "premium_pct": -4.68,
    "aum_billion": 690.47,
    "is_benchmark": false
  },
  "00992A": {
    "name": "群益科技創新",
    "close": 17.86,
    "open": 18.65,
    "high": 18.79,
    "low": 17.84,
    "volume": 58183555.0,
    "chg_amt": -0.9600000000000009,
    "chg_pct": -5.1,
    "nav": 18.92,
    "premium_pct": -5.6,
    "aum_billion": 452.4,
    "is_benchmark": false
  },
  "00993A": {
    "name": "安聯台灣",
    "close": 13.47,
    "open": 14.22,
    "high": 14.26,
    "low": 13.47,
    "volume": 15983686.0,
    "chg_amt": -0.8099999999999987,
    "chg_pct": -5.67,
    "nav": 14.35,
    "premium_pct": -6.13,
    "aum_billion": 115.48,
    "is_benchmark": false
  },
  "00980A": {
    "name": "野村臺灣優選",
    "close": 23.6,
    "open": 24.57,
    "high": 24.61,
    "low": 23.59,
    "volume": 13684601.0,
    "chg_amt": -1.1799999999999997,
    "chg_pct": -4.76,
    "nav": 24.83,
    "premium_pct": -4.95,
    "aum_billion": 176.47,
    "is_benchmark": false
  },
  "00985A": {
    "name": "野村台灣50",
    "close": 21.24,
    "open": 22.0,
    "high": 22.0,
    "low": 21.22,
    "volume": 8366617.0,
    "chg_amt": -0.9000000000000021,
    "chg_pct": -4.07,
    "nav": 22.2,
    "premium_pct": -4.32,
    "aum_billion": 106.4,
    "is_benchmark": false
  },
  "00995A": {
    "name": "中信台灣卓越",
    "close": 17.21,
    "open": 17.8,
    "high": 18.08,
    "low": 17.2,
    "volume": 8240816.0,
    "chg_amt": -0.9699999999999989,
    "chg_pct": -5.34,
    "nav": 17.26,
    "premium_pct": -0.29,
    "aum_billion": 56.47,
    "is_benchmark": false
  },
  "00984A": {
    "name": "安聯台灣高息",
    "close": 16.14,
    "open": 16.77,
    "high": 16.79,
    "low": 16.13,
    "volume": 13115680.0,
    "chg_amt": -0.7199999999999989,
    "chg_pct": -4.27,
    "nav": 16.84,
    "premium_pct": -4.16,
    "aum_billion": 81.09,
    "is_benchmark": false
  },
  "00987A": {
    "name": "台新優勢成長",
    "close": 16.42,
    "open": 17.3,
    "high": 17.34,
    "low": 16.4,
    "volume": 6539053.0,
    "chg_amt": -1.0,
    "chg_pct": -5.74,
    "nav": 17.48,
    "premium_pct": -6.06,
    "aum_billion": 30.36,
    "is_benchmark": false
  },
  "00994A": {
    "name": "第一金台股優",
    "close": 17.2,
    "open": 17.91,
    "high": 18.03,
    "low": 17.18,
    "volume": 7916116.0,
    "chg_amt": -0.8200000000000003,
    "chg_pct": -4.55,
    "nav": 18.09,
    "premium_pct": -4.92,
    "aum_billion": 55.48,
    "is_benchmark": false
  },
  "00996A": {
    "name": "兆豐台灣豐收",
    "close": 15.21,
    "open": 15.85,
    "high": 16.02,
    "low": 15.2,
    "volume": 10599654.0,
    "chg_amt": -0.7599999999999998,
    "chg_pct": -4.76,
    "nav": 16.04,
    "premium_pct": -5.17,
    "aum_billion": 51.78,
    "is_benchmark": false
  },
  "00400A": {
    "name": "國泰動能高息",
    "close": 14.21,
    "open": 14.82,
    "high": 14.9,
    "low": 14.2,
    "volume": 122796938.0,
    "chg_amt": -0.7899999999999991,
    "chg_pct": -5.27,
    "nav": 15.02,
    "premium_pct": -5.39,
    "aum_billion": 239.56,
    "is_benchmark": false
  },
  "00401A": {
    "name": "摩根台灣鑫收",
    "close": 13.21,
    "open": 13.67,
    "high": 13.75,
    "low": 13.2,
    "volume": 7890788.0,
    "chg_amt": -0.5799999999999983,
    "chg_pct": -4.21,
    "nav": 13.85,
    "premium_pct": -4.62,
    "aum_billion": 33.64,
    "is_benchmark": false
  },
  "00999A": {
    "name": "主動野村臺灣高息",
    "close": 10.62,
    "open": 10.94,
    "high": 10.97,
    "low": 10.62,
    "volume": 30510436.0,
    "chg_amt": -0.41000000000000014,
    "chg_pct": -3.72,
    "nav": 11.08,
    "premium_pct": -4.15,
    "aum_billion": 143.54,
    "is_benchmark": false
  },
  "00988A": {
    "name": "主動統一全球創新",
    "close": 21.92,
    "open": 22.65,
    "high": 22.74,
    "low": 21.91,
    "volume": 136392452.0,
    "chg_amt": -1.1499999999999986,
    "chg_pct": -4.98,
    "nav": 22.94,
    "premium_pct": -4.45,
    "aum_billion": 601.69,
    "is_benchmark": false
  },
  "00403A": {
    "name": "主動統一升級50",
    "close": 10.56,
    "open": 10.96,
    "high": 11.07,
    "low": 10.54,
    "volume": 519252901.0,
    "chg_amt": -0.5499999999999989,
    "chg_pct": -4.95,
    "nav": 11.14,
    "premium_pct": -5.21,
    "aum_billion": 1749.51,
    "is_benchmark": false
  },
  "00405A": {
    "name": "主動富邦台灣龍耀",
    "close": 9.0,
    "open": 9.35,
    "high": 9.42,
    "low": 8.98,
    "volume": 198572634.0,
    "chg_amt": -0.4299999999999997,
    "chg_pct": -4.56,
    "nav": 9.47,
    "premium_pct": -4.96,
    "aum_billion": 242.05,
    "is_benchmark": false
  },
  "0050": {
    "name": "元大台灣50",
    "close": 103.1,
    "open": 105.4,
    "high": 105.85,
    "low": 102.8,
    "volume": 291814760.0,
    "chg_amt": -4.1000000000000085,
    "chg_pct": -3.82,
    "nav": 106.7,
    "premium_pct": -3.37,
    "aum_billion": 21864.88,
    "is_benchmark": true
  },
  "00631L": {
    "name": "元大台灣50正2",
    "close": 35.26,
    "open": 36.95,
    "high": 37.14,
    "low": 35.1,
    "volume": 664206175.0,
    "chg_amt": -2.8999999999999986,
    "chg_pct": -7.6,
    "nav": 38.02,
    "premium_pct": -7.26,
    "aum_billion": 2321.93,
    "is_benchmark": true
  },
  "009816": {
    "name": "凱基台灣TOP50",
    "close": 15.0,
    "open": 15.38,
    "high": 15.44,
    "low": 14.98,
    "volume": 367256179.0,
    "chg_amt": -0.5899999999999999,
    "chg_pct": -3.78,
    "nav": 15.53,
    "premium_pct": -3.41,
    "aum_billion": 1570.43,
    "is_benchmark": true
  },
  "00830": {
    "name": "國泰費城半導體",
    "close": 95.7,
    "open": 97.6,
    "high": 97.65,
    "low": 95.0,
    "volume": 14912232.0,
    "chg_amt": -3.549999999999997,
    "chg_pct": -3.58,
    "nav": 98.48,
    "premium_pct": -2.82,
    "aum_billion": 670.37,
    "is_benchmark": true
  },
  "00878": {
    "name": "國泰永續高股息",
    "close": 32.71,
    "open": 33.43,
    "high": 33.43,
    "low": 32.68,
    "volume": 69355166.0,
    "chg_amt": -1.0399999999999991,
    "chg_pct": -3.08,
    "nav": 33.93,
    "premium_pct": -3.6,
    "aum_billion": 6229.73,
    "is_benchmark": true
  },
  "00919": {
    "name": "群益台灣精選高息",
    "close": 29.56,
    "open": 30.06,
    "high": 30.06,
    "low": 29.55,
    "volume": 182088712.0,
    "chg_amt": -0.7000000000000028,
    "chg_pct": -2.31,
    "nav": 30.37,
    "premium_pct": -2.67,
    "aum_billion": 5474.5,
    "is_benchmark": true
  }
}